{"type":"FeatureCollection","features":[{"type":"Feature","properties":{"layer":"scope"},"geometry":{"type":"Polygon","coordinates":[[[160.04852904952685,-2.311177025601973],[160.01175032243125,-2.558456877657576],[159.9749715953353,-2.8057367297154747],[159.9381928682395,-3.0530165817722743],[159.9014141411437,-3.300296433828995],[159.8646354140479,-3.5475762858857944],[159.82785668695212,-3.794856137942515],[159.79107795985632,-4.042135989999315],[159.75429923276053,-4.2894158420560355],[159.71752050566474,-4.536695694112835],[159.68074177856894,-4.783975546169556],[159.64396305147315,-5.031255398226355],[159.60718432437756,-5.2785352502819185],[159.5704055972816,-5.525815102339839],[159.5336268701858,-5.773094954396639],[159.49684814309,-6.0203748064533595],[159.4600694159942,-6.267654658510159],[159.42329068889842,-6.51493451056688],[159.38651196180263,-6.762214362623679],[159.34973323470683,-7.0094942146804],[159.31295450761104,-7.256774066737199],[159.27617578051525,-7.50405391879392],[159.23939705341965,-7.751333770849563],[159.1658395992279,-8.245893474964204],[159.1290608721321,-8.493173327021003],[159.0922821450363,-8.740453179077724],[159.0555034179405,-8.987733031134523],[159.01872469084472,-9.235012883191244],[158.98194596374893,-9.482292735248043],[158.94516723665313,-9.729572587304764],[158.90838850955734,-9.976852439361563],[158.87160978246155,-10.224132291418284],[158.83483105536575,-10.471412143475083],[158.79805232827016,-10.718691995530648],[158.7612736011742,-10.965971847588568],[158.7244948740784,-11.213251699645367],[158.6877161469826,-11.460531551702088],[158.65093741988682,-11.707811403758887],[158.61415869279102,-11.955091255815608],[158.57737996569523,-12.202371107872407],[158.54060123859944,-12.449650959929128],[158.50382251150364,-12.696930811985927],[158.46704378440785,-12.944210664042648],[158.43026505731225,-13.191490516098291],[158.3567076031205,-13.686050220212932],[158.3199288760247,-13.933330072269731],[158.2831501489289,-14.180609924326452],[158.24637142183312,-14.427889776383251],[158.20959269473732,-14.675169628439972],[158.17281396764153,-14.922449480496772],[158.13603524054574,-15.169729332553493],[158.09925651344994,-15.417009184610292],[158.06247778635415,-15.664289036667013],[158.02569905925856,-15.911568888722655],[157.9521416050668,-16.406128592837295],[157.915362877971,-16.653408444894097],[157.8785841508752,-16.900688296950815],[157.84180542377942,-17.147968149007617],[157.80502669668363,-17.3952480010643],[157.76824796958783,-17.642527853121145],[157.73146924249204,-17.889807705177862],[157.69469051539625,-18.137087557234665],[157.65791178830045,-18.384367409291382],[157.62113306120486,-18.631647261347027],[157.5843543341089,-18.878927113404902],[157.5475756070131,-19.126206965461705],[157.5107968799173,-19.373486817518422],[157.47401815282151,-19.620766669575225],[157.40046069862993,-20.115326373688706],[157.36368197153413,-20.36260622574551],[157.32690324443834,-20.609886077802226],[157.29012451734255,-20.85716592985903],[157.25334579024675,-21.104445781915746],[157.21656706315116,-21.35172563397139],[157.1797883360552,-21.599005486029267],[157.1430096089594,-21.84628533808607],[157.1062308818636,-22.093565190142787],[157.06945215476782,-22.34084504219959],[156.99589470057623,-22.83540474631307],[156.95911597348044,-23.082684598369873],[156.92233724638464,-23.32996445042659],[156.88555851928885,-23.577244302483393],[156.84877979219306,-23.82452415454011],[156.81200106509746,-24.071804006595755],[156.7752223380015,-24.31908385865363],[156.7384436109057,-24.566363710710434],[156.7016648838099,-24.81364356276715],[156.66488615671412,-25.060923414823954],[156.6171454645526,-25.38190546686822],[156.5648093661181,-25.702170332600474],[156.5244904056161,-25.94889767487251],[156.4841714451145,-26.19562501714224],[156.44385248461248,-26.442352359414258],[156.3632145636091,-26.935807043954895],[156.32289560310707,-27.18253438622693],[156.28257664260548,-27.429261728496662],[156.24225768210346,-27.675989070768697],[156.20193872160186,-27.922716413038412],[156.16161976110007,-28.169443755309317],[156.12130080059805,-28.41617109758135],[156.04066287959466,-28.909625782121967],[156.00034391909264,-29.156353124394002],[155.96002495859105,-29.403080466663734],[155.91970599808903,-29.64980780893575],[155.87938703758743,-29.896535151205526],[155.83906807708564,-30.143262493476367],[155.79874911658362,-30.389989835748423],[155.75843015608203,-30.636717178018156],[155.71811119558,-30.88344452029019],[155.6777922350784,-31.130171862559923],[155.63747327457662,-31.37689920483079],[155.5971543140746,-31.623626547102845],[155.5165163930712,-32.11708123164346],[155.4761974325692,-32.3638085739155],[155.4358784720676,-32.610535916185206],[155.39555951156558,-32.85726325845729],[155.35524055106399,-33.10399060072697],[155.3149215905622,-33.35071794299788],[155.27460263006017,-33.59744528526992],[155.23428366955858,-33.84417262753963],[155.19396470905656,-34.090899969811666],[155.15364574855496,-34.3376273120814],[155.11332678805314,-34.58435465435233],[155.07300782755115,-34.83108199662432],[155.03268886704956,-35.0778093388941],[154.99236990654754,-35.32453668116609],[154.95205094604594,-35.57126402343582],[154.91173198554412,-35.81799136570675],[154.87141302504213,-36.06471870797874],[154.83109406454054,-36.31144605024852],[154.79077510403852,-36.55817339252051],[154.7504561435369,-36.80490073479029],[154.71013718303513,-37.051628077061125],[154.6698182225331,-37.298355419333205],[154.58918030152972,-37.79181010387378],[154.5488613410277,-38.03853744614586],[154.5085423805261,-38.285264788415546],[154.4682234200241,-38.53199213068763],[154.3875854990207,-39.0254468152282],[154.34726653851868,-39.27217415750028],[154.30694757801706,-39.51890149977001],[154.26662861751507,-39.765628842042],[154.18599069651168,-40.25908352658262],[154.14567173600966,-40.5058108688547],[154.10535277550804,-40.75253821112443],[154.06503381500605,-40.99926555339642],[153.98439589400266,-41.49272023793704],[153.94407693350064,-41.739447580209124],[153.90375797299902,-41.98617492247885],[153.86343901249725,-42.23290226474969],[153.82312005199523,-42.47962960702173],[153.78280109149364,-42.72635694929151],[153.74248213099162,-42.97308429156354],[153.66184420998823,-43.46653897610411],[153.6215252494862,-43.71326631837619],[153.58120628898462,-43.95999366064588],[153.5408873284826,-44.20672100291796],[153.4602494074792,-44.70017568745853],[153.4199304469772,-44.94690302973057],[153.37961148647557,-45.19363037200039],[153.33929252597358,-45.44035771427233],[153.2586546049702,-45.933812398812954],[153.21833564446817,-46.180539741085035],[153.17801668396658,-46.42726708335472],[153.13769772346478,-46.67399442562565],[153.09737876296276,-46.92072176789764],[153.05705980246117,-47.167449110167375],[153.01674084195915,-47.414176452439456],[152.97642188145755,-47.660903794709185],[152.93610292095576,-47.90763113698002],[152.89578396045374,-48.15435847925206],[152.85546499995212,-48.40108582152184],[152.81514603945013,-48.64781316379383],[152.77482707894853,-48.894540506063606],[152.73450811844674,-49.141267848334444],[152.69418915794472,-49.38799519060648],[152.65387019744313,-49.63472253287622],[152.6135512369411,-49.88144987514834],[152.5732322764395,-50.12817721741798],[132.0502545644734,-46.77441382771047],[132.09057352497518,-46.52768648543958],[132.1308924854772,-46.28095914316746],[132.1712114459788,-46.03423180089782],[132.21153040648082,-45.78750445862578],[132.2518493669824,-45.54077711635605],[132.2921683274842,-45.29404977408512],[132.33248728798623,-45.04732243181313],[132.37280624848785,-44.80059508954335],[132.41312520898984,-44.55386774727136],[132.45344416949143,-44.307140405001626],[132.49376312999323,-44.060413062730696],[132.53408209049525,-43.813685720458665],[132.57440105099684,-43.56695837818898],[132.61472001149886,-43.32023103591694],[132.65503897200045,-43.07350369364716],[132.69535793250225,-42.826776351376324],[132.73567689300427,-42.58004900910424],[132.81631481400765,-42.08659432456367],[132.85663377450967,-41.83986698229163],[132.8969527350113,-41.59313964002181],[132.9372716955133,-41.34641229774987],[133.01790961651668,-40.85295761320925],[133.0582285770187,-40.60623027093717],[133.0985475375203,-40.35950292866748],[133.1388664980223,-40.1127755863954],[133.2195044190257,-39.61932090185483],[133.25982337952772,-39.37259355958275],[133.3001423400293,-39.12586621731302],[133.34046130053133,-38.87913887504103],[133.38078026103292,-38.63241153277129],[133.42109922153475,-38.38568419050036],[133.46141818203674,-38.13895684822833],[133.54205610304012,-37.64550216368776],[133.58237506354214,-37.39877482141572],[133.62269402404377,-37.15204747914594],[133.66301298454576,-36.90532013687391],[133.74365090554915,-36.41186545233334],[133.78396986605117,-36.1651381100613],[133.8242888265528,-35.91841076779152],[133.86460778705478,-35.67168342551949],[133.94524570805817,-35.178228740978916],[133.9855646685602,-34.931501398706835],[134.02588362906178,-34.68477405643715],[134.0662025895638,-34.43804671416507],[134.1468405105672,-33.944592029624495],[134.1871594710692,-33.697864687352414],[134.2274784315708,-33.45113734508273],[134.26779739207262,-33.2044100028118],[134.30811635257461,-32.95768266053981],[134.34291876078106,-32.74471323934096],[107.60404508503096,-30.57674900218463],[21.24664706053741,-16.18432459221395],[20.86744168489808,-16.119112104262445],[20.48823630925874,-16.053899616310932],[9.92223238770958,-13.496354262903402],[9.92033830855268,-13.508015307987023],[9.880256623507353,-13.754781307516792],[9.840174938462022,-14.001547307046575],[9.800093253416696,-14.248313306576337],[9.760011568371374,-14.495079306106097],[9.719929883326037,-14.741845305635898],[9.519521458099401,-15.975675303284735],[9.479439773054072,-16.22244130281452],[9.31911303287276,-17.209505300933593],[9.279031347827436,-17.45627130046336],[9.198867977736777,-17.94980329952291],[9.158786292691445,-18.196569299052697],[9.078622922600793,-18.69010129811222],[9.038541237555469,-18.93686729764199],[8.878214497374154,-19.92393129576108],[8.798051127283493,-20.41746329482064],[8.637724387102185,-21.404527292939704],[8.597642702056861,-21.65129329246947],[8.477397646920874,-22.39159129105879],[8.437315961875543,-22.63835729058858],[8.397234276830222,-22.88512329011833],[8.196825851603577,-24.11895328776719],[8.156744166558253,-24.365719287296958],[8.11666248151292,-24.612485286826765],[7.956335741331609,-25.599549284945834],[7.9162540562862835,-25.8463152844756],[7.836090686195624,-26.33984728353515],[-12.994907930109555,-22.956311758748747],[-12.9147445600189,-22.462779759689205],[-12.874662874973575,-22.216013760159438],[-12.71433613479226,-21.228949762040347],[-12.67425444974693,-20.982183762510548],[-12.634172764701606,-20.735417762980795],[-12.433764339474962,-19.501587765331934],[-12.393682654429638,-19.254821765802166],[-12.353600969384303,-19.00805576627237],[-12.233355914248323,-18.267757767683076],[-12.193274229202999,-18.02099176815331],[-12.032947489021684,-17.033927770034218],[-11.952784118931023,-16.54039577097466],[-11.792457378749715,-15.553331772855593],[-11.75237569370439,-15.306565773325824],[-11.672212323613731,-14.813033774266277],[-11.6321306385684,-14.566267774736488],[-11.551967268477748,-14.072735775676964],[-11.511885583432424,-13.825969776147195],[-11.351558843251109,-12.838905778028106],[-11.311477158205777,-12.59213977849832],[-11.11106873297914,-11.358309780849478],[-11.070987047933809,-11.11154378131969],[-11.03090536288849,-10.864777781789947],[-10.990823677843157,-10.618011782260163],[-10.950741992797827,-10.371245782730384],[-10.9106603077525,-10.124479783200623],[-10.870578622707171,-9.877713783670849],[-10.830496937661842,-9.63094778414107],[-10.790415252616517,-9.38418178461131],[-10.71025188252586,-8.890649785551764],[-10.670170197480532,-8.643883786021986],[-10.630088512435204,-8.39711778649222],[-10.590006827389878,-8.150351786962451],[-10.50984345729922,-7.656819787902907],[-10.46976177225389,-7.4100537883731175],[-10.389598402163237,-6.916521789313594],[-10.349516717117911,-6.669755789783824],[-10.309435032072578,-6.422989790254041],[-10.269353347027252,-6.17622379072428],[-10.229271661981926,-5.92945779119451],[-10.189189976936596,-5.682691791664737],[-10.149108291891269,-5.435925792134958],[-10.068944921800613,-4.942393793075422],[-10.028863236755283,-4.695627793545642],[-9.988781551709957,-4.448861794015885],[-9.94869986666463,-4.202095794486104],[-9.9086181816193,-3.9553297949563326],[-9.868536496573974,-3.7085637954265662],[-9.828454811528644,-3.46179779589679],[-9.788373126483316,-3.2150317963670227],[-9.748291441437988,-2.968265796837251],[-9.708209756392659,-2.721499797307471],[-9.668128071347333,-2.4747337977777093],[-9.628046386302003,-2.227967798247933],[-9.587964701256677,-1.981201798718167],[-9.54788301621135,-1.7344357991883905],[-9.50780133116602,-1.4876697996586186],[-9.467719646120694,-1.2409038001288526],[-9.427637961075368,-0.9941378005990784],[-9.387556276030038,-0.7473718010693096],[-9.347474590984708,-0.5006058015395283],[-9.307392905939384,-0.2538398020097692],[-9.267311220894054,-0.007073802479991009],[-9.227229535848728,0.23969219704977385],[-9.187147850803397,0.48645819657955336],[-9.14706616575807,0.7332241961093271],[-9.106984480712741,0.9799901956390866],[-9.066902795667414,1.2267561951688686],[-9.026821110622087,1.47352219469863],[-8.983138498768904,1.7424575791225159],[-8.93831143025613,2.011204570737968],[-8.897179630544366,2.257797707407497],[-8.856047830832608,2.504390844076992],[-8.814916031120871,2.7509839807463754],[-8.773784231409143,2.997577117415725],[-8.73265243169738,3.2441702540852537],[-8.691520631985622,3.490763390754749],[-8.650388832273885,3.737356527424132],[-8.609257032562157,3.9839496640934815],[-8.568125232850393,4.23054280076301],[-8.526993433138635,4.4771359374325055],[-8.485861633426898,4.723729074101889],[-8.44472983371517,4.970322210771238],[-8.403598034003407,5.216915347440767],[-8.362466234291649,5.463508484110262],[-8.321334434579912,5.710101620779645],[-8.280202634868184,5.956694757448995],[-8.23907083515642,6.203287894118524],[-8.197939035444662,6.449881030788019],[-8.156807235732925,6.696474167457402],[-8.115675436021197,6.943067304126751],[-8.074543636309434,7.18966044079628],[-8.033411836597676,7.436253577465775],[-7.992280036885967,7.682846714135013],[-7.951148237174184,7.929439850804654],[-7.910016437462447,8.176032987474038],[-7.868884637750719,8.422626124143386],[-7.827752838038956,8.669219260812916],[-7.786621038327198,8.91581239748241],[-7.745489238615461,9.162405534151794],[-7.704357438903719,9.408998670821216],[-7.6632256391919675,9.655591807490673],[-7.622093839480225,9.902184944160094],[-7.580962039768474,10.148778080829551],[-7.539830240056732,10.395371217498973],[-7.498698440344997,10.641964354168357],[-7.457566640633241,10.88855749083785],[-7.4164348409214895,11.135150627507308],[-7.375303041209747,11.38174376417673],[-7.334171241497996,11.628336900846186],[-7.293039441786254,11.874930037515607],[-7.251907642074503,12.121523174185064],[-7.210775842362761,12.368116310854486],[-7.16964404265101,12.614709447523943],[-7.1285122429392676,12.861302584193364],[-7.0873804432275165,13.107895720862821],[-7.046248643515774,13.354488857532242],[-7.005116843804023,13.6010819942017],[-6.963985044092281,13.84767513087112],[-6.92285324438053,14.094268267540578],[-6.881721444668788,14.340861404209999],[-6.840589644957037,14.587454540879456],[-6.7994578452452945,14.834047677548877],[-6.758326045533543,15.080640814218334],[-6.717194245821801,15.327233950887756],[-6.67606244611005,15.573827087557213],[-6.634930646398308,15.820420224226634],[-6.593798846686573,16.067013360896016],[-6.511535247263069,16.56019963423496],[-6.470403447551318,16.806792770904416],[-6.429271647839576,17.053385907573837],[-6.388139848127825,17.299979044243294],[-6.3470080484160825,17.546572180912715],[-6.305876248704331,17.793165317582172],[-6.264744448992589,18.039758454251594],[-6.223612649280838,18.28635159092105],[-6.182480849569096,18.532944727590472],[-6.141349049857345,18.77953786425993],[-6.100217250145603,19.02613100092935],[-6.059085450433852,19.272724137598807],[-6.017953650722109,19.51931727426823],[-5.976821851010358,19.765910410937686],[-5.935690051298616,20.012503547607107],[-5.894558251586865,20.259096684276564],[-5.853426451875123,20.505689820945985],[-5.812294652163372,20.752282957615442],[-5.77116285245163,20.998876094284864],[-5.730031052739879,21.24546923095432],[-5.688899253028136,21.492062367623742],[-5.647767453316385,21.7386555042932],[-5.606635653604643,21.98524864096262],[-5.565503853892908,22.231841777632003],[-5.524372054181152,22.4784349143015],[-5.4832402544694006,22.725028050970955],[-5.442108454757658,22.971621187640377],[-5.400976655045907,23.218214324309834],[-5.359844855334165,23.464807460979255],[-5.318713055622414,23.711400597648712],[-5.277581255910672,23.957993734318134],[-5.236449456198921,24.20458687098759],[-5.195317656487179,24.451180007657012],[-5.1541858567754275,24.69777314432647],[-5.113054057063685,24.94436628099589],[-5.071922257351934,25.190959417665347],[-5.030790457640192,25.43755255433477],[-4.989658657928441,25.684145691004225],[-4.948526858216699,25.930738827673647],[-4.907395058504948,26.177331964343104],[-4.8662632587932055,26.423925101012525],[15.950142966294186,22.951743096545744],[15.909011166582438,22.705149959876298],[15.867879366870687,22.45855682320684],[15.826747567158945,22.21196368653742],[15.785615767447194,21.965370549867963],[15.744483967735452,21.71877741319854],[15.7033521680237,21.472184276529084],[15.662220368311958,21.225591139859663],[15.621088568600207,20.978998003190206],[15.579956768888465,20.732404866520785],[15.538824969176714,20.485811729851328],[15.497693169464972,20.239218593181906],[15.45656136975322,19.99262545651245],[15.415429570041479,19.746032319843028],[15.374297770329727,19.49943918317357],[15.333165970617985,19.25284604650415],[15.292034170906234,19.006252909834693],[15.250902371194492,18.75965977316527],[15.209770571482757,18.51306663649589],[15.168638771771,18.266473499826393],[15.12750697205925,18.019880363156936],[15.086375172347507,17.773287226487515],[15.045243372635756,17.526694089818058],[15.004111572924014,17.280100953148636],[14.962979773212263,17.03350781647918],[14.92184797350052,16.786914679809758],[14.88071617378877,16.5403215431403],[14.839584374077027,16.29372840647088],[14.798452574365276,16.047135269801423],[14.757320774653534,15.800542133132002],[14.716188974941783,15.553948996462545],[14.675057175230041,15.307355859793123],[14.63392537551829,15.060762723123666],[14.592793575806548,14.814169586454245],[14.551661776094797,14.567576449784788],[14.510529976383054,14.320983313115367],[14.469398176671303,14.07439017644591],[14.428266376959561,13.827797039776488],[14.38713457724781,13.581203903107031],[14.346002777536068,13.33461076643761],[14.304870977824317,13.088017629768153],[14.222607378400827,12.594831356429285],[14.181475578689092,12.348238219759901],[14.140343778977336,12.101645083090407],[14.099211979265585,11.85505194642095],[14.058080179553842,11.608458809751529],[14.016948379842091,11.361865673082072],[13.975816580130349,11.11527253641265],[13.934684780418598,10.868679399743193],[13.893552980706856,10.622086263073772],[13.852421180995105,10.375493126404315],[13.811289381283363,10.128899989734894],[13.770157581571612,9.882306853065437],[13.72902578185987,9.635713716396015],[13.687893982148118,9.389120579726558],[13.646762182436376,9.142527443057137],[13.605630382724625,8.89593430638768],[13.5647311276844,8.650735320238468],[38.98034769124975,4.560993947345044],[137.5913094235584,-11.725904678925872],[137.61687981453937,-11.775748850239356],[137.64065677677436,-11.615885685630206],[137.67743550387016,-11.368605833573485],[137.71421423096595,-11.121325981516685],[137.75099295806174,-10.874046129459964],[137.78777168515754,-10.626766277403165],[137.86132913934912,-10.13220657328968],[137.89810786644472,-9.884926721234038],[137.93488659354068,-9.63764686917616],[137.97166532063648,-9.390367017119361],[138.00844404773227,-9.14308716506264],[138.04522277482806,-8.895807313005841],[138.08200150192386,-8.64852746094912],[138.11878022901965,-8.401247608892321],[138.15555895611544,-8.1539677568356],[138.19233768321124,-7.906687904778801],[138.22911641030703,-7.65940805272208],[138.26589513740262,-7.412128200666474],[138.3026738644986,-7.164848348608517],[138.33945259159438,-6.917568496551796],[138.37623131869017,-6.670288644494997],[138.41301004578597,-6.423008792438276],[138.44978877288176,-6.175728940381477],[138.48656749997755,-5.928449088324756],[138.52334622707335,-5.681169236267957],[138.56012495416914,-5.433889384211236],[138.59690368126493,-5.186609532154437],[138.67046113545652,-4.692049828040952],[138.70723986255211,-4.444769975985309],[138.74401858964808,-4.197490123927432],[138.78079731674387,-3.950210271870633],[138.81757604383967,-3.7029304198139124],[138.85435477093546,-3.4556505677571128],[138.89113349803125,-3.2083707157003922],[138.92791222512705,-2.9610908636435926],[138.96469095222284,-2.713811011586872],[139.00146967931863,-2.4665311595300725],[139.03824840641443,-2.219251307473352],[139.07502713351002,-1.971971455417745],[139.11180586060598,-1.7246916033597888],[139.14858458770178,-1.4774117513030682],[139.18536331479757,-1.2301318992462686],[139.22214204189336,-0.9828520471895481],[139.25892076898916,-0.7355721951327485],[139.29569949608495,-0.488292343076028],[139.33247822318074,-0.2410124910192284],[139.36925695027654,0.006267361037492147],[139.40603567737233,0.25354721309429173],[139.44281440446812,0.5008270651510123],[139.47959313156372,0.7481069172066372],[139.62670803994706,1.7372263254348341],[139.66348676704285,1.9845061774915582],[139.73704422123444,2.4790658816051216],[160.3059801391974,-0.580218061204645],[160.23242268500582,-1.0747777653181652],[160.19564395791002,-1.3220576173748892],[160.04852904952685,-2.311177025601973]]]}},{"type":"Feature","properties":{"layer":"garden"},"geometry":{"type":"MultiPolygon","coordinates":[[[[107.60404508503096,-30.57674900218463],[96.85496169037143,-28.785294259763727],[97.00249231304042,-27.842069297563285],[89.58422135689761,-26.68128127651289],[89.44835595245544,-27.5509007317515],[50.75464648282201,-21.102162101100383],[50.354564717176885,-20.863585120300996],[50.34665706068289,-20.866649076792818],[50.24266182223104,-20.895596474476],[50.13633000813625,-20.91421116664627],[50.028685651895124,-20.9223138836422],[49.920765427502644,-20.919826591869725],[49.81360866571492,-20.906773245308305],[49.568571472311746,-20.864633850539615],[49.323534278908554,-20.82249445577092],[49.078497085505404,-20.780355061002233],[48.699291709866074,-20.71514257305072],[48.464847236210524,-20.61140736439547],[48.353978225043505,-20.59234106280959],[47.97477284940419,-20.52712857485809],[47.615833240533796,-20.368307705079285],[47.38138876687828,-20.264572496424044],[47.14694429322271,-20.160837287768775],[46.91249981956719,-20.05710207911353],[46.67805534591163,-19.953366870458265],[46.51522391081265,-19.881318454762003],[38.38571450172458,-18.461736337747425],[38.29620653209497,-19.025824006636945],[28.79522518491615,-17.442379403303384],[28.895744754117914,-16.746897101402283],[24.84570791017785,-16.022745958338312],[24.805297860760632,-16.03504891209332],[24.54966794760984,-16.054505331211192],[24.283445314711415,-16.13555756421563],[23.906913099028365,-16.1642160592619],[23.14002335957598,-16.222585316615515],[22.884393446425193,-16.24204173573339],[22.493018467048493,-16.271829938284277],[22.113813091409167,-16.20661745033277],[22.002944080242163,-16.1875511487469],[21.747314167091368,-16.207007567864768],[21.502276973688204,-16.164868173096078],[21.24664706053741,-16.18432459221395],[20.86744168489808,-16.119112104262445],[20.48823630925874,-16.053899616310932],[20.253791835603202,-15.95016440765568],[20.14292282443618,-15.931098106069804],[19.763717448796868,-15.8658856181183],[19.529272975141325,-15.762150409463043],[19.28423578173816,-15.720011014694354],[18.92529617286777,-15.561190144915557],[18.815346834427068,-15.51254059738384],[18.570309641023915,-15.47040120261515],[18.211370032153532,-15.311580332836364],[17.97692555849797,-15.207845124181098],[17.63159861286743,-15.055047482160758],[17.310212953752767,-14.817680480454975],[17.183895105051594,-14.724385437077121],[17.060333103371065,-14.669712661786955],[16.950383764930358,-14.621063114255236],[16.839514753763353,-14.601996812669363],[16.59447756036017,-14.559857417900668],[16.104403173553834,-14.475578628363287],[15.859365980150672,-14.433439233594598],[15.614328786747489,-14.391299838825903],[15.36929159334433,-14.349160444057215],[15.12425439994116,-14.307021049288522],[14.879217206537994,-14.264881654519833],[14.634180013134815,-14.222742259751138],[14.38914281973166,-14.18060286498245],[14.144105626328484,-14.138463470213757],[13.899068432925317,-14.096324075445068],[13.654031239522133,-14.054184680676371],[13.408994046118982,-14.012045285907687],[13.16395685271581,-13.969905891138994],[12.918919659312634,-13.927766496370301],[12.673882465909472,-13.88562710160161],[12.428845272506303,-13.843487706832919],[12.183808079103136,-13.80134831206423],[11.938770885699961,-13.759208917295537],[11.693733692296794,-13.717069522526847],[11.44869649889362,-13.674930127758154],[11.203659305490463,-13.632790732989466],[10.958622112087282,-13.590651338220772],[10.713584918684127,-13.548511943452084],[10.46854772528094,-13.50637254868339],[10.223510531877785,-13.464233153914702],[9.978473338474599,-13.422093759146007],[9.733436145071446,-13.379954364377319],[9.488398951668264,-13.337814969608624],[9.24336175826511,-13.295675574839937],[8.998324564861933,-13.253536180071244],[8.753287371458768,-13.211396785302554],[8.647926050469655,-13.18790309481526],[8.570228186652685,-13.162364412971181],[8.545374857396634,-13.154195317484444],[8.446621416289187,-13.110598077632346],[8.352616776769297,-13.05753124051142],[8.264266254903704,-12.99550586877242],[8.182420714515283,-12.925119300651714],[8.107868372899297,-12.847049397277514],[8.041327209859965,-12.762048014496663],[7.9834380531724545,-12.670933762091828],[7.934758407061098,-12.574584120121779],[7.895757083128949,-12.473926988308762],[7.866809685445768,-12.36993174985692],[7.8481949932754995,-12.263599935762127],[7.84009227627957,-12.155955579520995],[7.842579568052046,-12.04803535512852],[7.855632914613467,-11.940878593340797],[9.403268110612691,-3.786289707330058],[9.69128798050111,-3.9522664164395844],[9.960351569181793,-4.150069567273438],[10.396598192280356,-4.556546190889768],[10.400003268412474,-4.55964171458668],[10.400737567899013,-4.5602929818507345],[10.40421758644022,-4.5633040084822145],[10.562695012895723,-4.697058708483622],[10.652418059584791,-4.800112530556972],[10.65548217253256,-4.803545899495101],[10.656144639368788,-4.804270111118868],[10.65929208855491,-4.807627248894576],[10.847088862675944,-5.003072255046708],[10.853626137083191,-5.0095497953899955],[10.855052958016264,-5.010895811409118],[10.861900195830135,-5.017044780419722],[11.016647143721883,-5.1492965758427145],[15.508579466887216,-10.467900267511498],[15.555881934152149,-10.554154116938152],[15.560503854504322,-10.562112278650085],[15.56153030349187,-10.563783798788949],[15.56653714502561,-10.571505587663847],[15.719348262819768,-10.794966605208323],[15.724727963615374,-10.802433418780602],[15.725913307594514,-10.803996280498685],[15.731652907481566,-10.811190130560426],[15.905946786026977,-11.018973227480512],[15.908947260101622,-11.022462348537733],[15.909596300655783,-11.023198616928934],[15.912681498360735,-11.026613051807955],[16.07218763624868,-11.198844106930222],[16.098504622247823,-11.244932676532034],[16.10326279658313,-11.252810129328745],[16.10431785590736,-11.254463739597485],[16.10945682710191,-11.262098231109007],[16.269642610723043,-11.48790396438004],[16.275149998544673,-11.495277102446963],[16.276362059619707,-11.496819336232523],[16.28222459628909,-11.503913358319886],[16.46377187382409,-11.712930822834224],[16.46997543597663,-11.719728638821131],[16.471332825991645,-11.721144643568966],[16.477862468702995,-11.727629876921556],[16.679379632821803,-11.91818350115488],[16.682761848273795,-11.921303986543506],[16.683491337617323,-11.921960637198795],[16.686949114954086,-11.92499717903307],[17.036575375304455,-12.224512282668892],[17.210861218264053,-12.403059183115031],[17.21744931875366,-12.40948502294413],[17.218886699092085,-12.41081975694812],[17.22578216494242,-12.416914593802716],[17.43955877503132,-12.596720312958897],[17.44674499446068,-12.60246946384271],[17.44830628023014,-12.60365688282736],[17.455765941006888,-12.609046497532676],[17.6865421666586,-12.767310352320434],[17.690368946180506,-12.769866241384953],[17.691191769556156,-12.770401317527018],[17.695080121181913,-12.772862522935213],[18.25079948970837,-13.115136705174425],[18.316755955995962,-13.16393595840785],[18.32428624205958,-13.169226447740076],[18.325918441161125,-13.170314337068916],[18.333699248672936,-13.175228960150854],[18.574267687263642,-13.319044588764294],[18.582280271576952,-13.323571505838547],[18.58401124299467,-13.324494173194516],[18.592236301091848,-13.328622478521229],[18.84618687522127,-13.448375204255257],[18.85037290848485,-13.450286731377973],[18.85127066306354,-13.45068344475252],[18.855502346795806,-13.452491665759947],[19.618560059089077,-13.76753358738753],[19.622834844282302,-13.7692374130751],[19.623750983278942,-13.769589597861719],[19.62806629496262,-13.771188001908632],[19.89253184738892,-13.865472576475263],[19.90127362985111,-13.868349332453416],[19.90315134461009,-13.868916575243604],[19.912023752937884,-13.87136092710829],[20.183980868665593,-13.93915057148325],[20.192962528450124,-13.941156630576717],[20.194886801015446,-13.941537093706794],[20.201262599907793,-13.942635853144196],[20.91381001727439,-14.130454848752501],[20.918273913903317,-14.131573078295498],[20.91922885181977,-14.131799878562017],[20.923718846732942,-14.132808221807839],[21.19776043500967,-14.190828198837185],[21.206807887178297,-14.192512863441793],[21.20874449741737,-14.19282450086049],[21.217863714107818,-14.194063198776302],[21.495784615967008,-14.224888888327056],[21.50495362818743,-14.225678635422287],[21.506911458927494,-14.22579895122407],[21.516108177724533,-14.226137844928806],[21.575389905739538,-14.226866398118005],[22.356916728768525,-14.289125848290523],[22.361508161518387,-14.289434969181524],[22.362488181236404,-14.289488877784171],[22.36708581733929,-14.28968522617339],[22.646587830131207,-14.298187111140054],[22.65579063255017,-14.298241085322552],[22.657751814552533,-14.29820444855992],[22.666943640952145,-14.297806969936518],[22.82532660252388,-14.287059662763307],[23.645887471524592,-14.239945091033354],[23.650478148438907,-14.239624941236046],[23.65145635994711,-14.239544647835379],[23.65603779736577,-14.239111933610001],[23.933714406081346,-14.209443366412623],[23.942838530914166,-14.208241354928655],[23.94477637885921,-14.207937508848293],[23.95383053337619,-14.20628924565395],[24.226781222569187,-14.149646250230909],[24.235743594518798,-14.147555706136645],[24.237642329072468,-14.14706338084423],[24.246491327315837,-14.14453559215384],[24.276940093325752,-14.13502347410177],[24.64250307102599,-14.073643882937393],[24.698268860761274,-14.068850488583188],[24.707415907556097,-14.067837561878749],[24.709359628681085,-14.067573885397076],[24.718445955499643,-14.066113354494052],[24.99149629827463,-14.01531996384682],[25.000500015359886,-14.013415347292078],[25.00240853212174,-14.012962422498452],[25.011307948730824,-14.010618308680032],[25.278536494096773,-13.93316919669026],[25.28294037865431,-13.931834052045517],[25.283876096545043,-13.93153778052466],[25.288245888646006,-13.93009496126289],[26.143107000563013,-13.636154328752816],[26.147440068006496,-13.634604703974887],[26.148360121429512,-13.63426287582534],[26.152653854138496,-13.632607378967009],[26.41100428053928,-13.529338227789243],[26.41946342146862,-13.525713669841947],[26.421246905372175,-13.5248971147216],[26.429518008266673,-13.520861852340971],[26.676066351942872,-13.392993277415377],[26.6841294909914,-13.388557031901847],[26.685824350534652,-13.387569596725552],[26.68959215481577,-13.385248764358801],[27.127334843319442,-13.186698766717152],[27.131502077542056,-13.184746596295522],[27.132385710269013,-13.184319351647686],[27.136503780738533,-13.182265500135737],[27.382507440894955,-13.05578007272548],[27.390586199395035,-13.051372335588491],[27.392284536193902,-13.050390893172251],[27.400137286065426,-13.04559205945649],[27.632146038931705,-12.89586937785644],[27.639753862212007,-12.890691008372904],[27.64134782287599,-12.889547825753782],[27.648692391652723,-12.884002395647922],[27.657673339718873,-12.876868743444328],[27.968374924964788,-12.679542027418455],[27.99879248800555,-12.666758665583558],[28.007186598728147,-12.662985948956122],[28.00895545125354,-12.662138164878415],[28.017154332471318,-12.657958113162195],[28.26186754005243,-12.525530707796149],[28.269851439942258,-12.520953391101948],[28.271528677588318,-12.519936311470119],[28.2792783622366,-12.514972756954444],[28.51023993246524,-12.35892202627592],[28.514021086521645,-12.356299111022604],[28.51482062472099,-12.355729827742604],[28.518536270401647,-12.353014908296698],[29.207654542972016,-11.836405571302777],[29.211302442111386,-11.833600283029886],[29.21207308382539,-11.832992453996534],[29.215651039064845,-11.830098486697873],[29.430204819837133,-11.65216099030076],[29.437142321141533,-11.646114043862813],[29.438588908743633,-11.644789294298452],[29.44522134392554,-11.638409224617524],[29.640955636319998,-11.440647604383793],[29.647267027261865,-11.433949781606817],[29.648576800985335,-11.432489620693683],[29.65455194299375,-11.425490180462205],[29.82995969278848,-11.20949552087868],[29.83393543445285,-11.204346603234635],[30.083913164174717,-10.958206294597208],[30.08715235004638,-10.954937581500353],[30.087834612918492,-10.954231988020739],[30.090992604973206,-10.950884765798076],[30.277217213894705,-10.748584459914522],[30.2832820575806,-10.741662599135589],[30.28453812602862,-10.740155990642057],[30.290256024734017,-10.732944879773042],[30.455459455904677,-10.513757639378353],[30.46081663471113,-10.506274650616504],[30.461918981390138,-10.504652180617315],[30.466902534384516,-10.496915341138198],[30.59658079687392,-10.284306967157793],[34.98967836326494,-4.993954679248352],[35.03248134296439,-4.954370641576625],[35.035821288143595,-4.951204954191249],[35.036525309513756,-4.9505210691893256],[35.03978655890653,-4.947274368891744],[35.206265575540804,-4.777419706030931],[35.37934693394928,-4.647614609621591],[35.38299429678124,-4.644808624092261],[35.38376482229251,-4.6442006477593605],[35.38734222427561,-4.641305996575047],[35.873177434778185,-4.2382278678920215],[36.29633212649045,-3.9752343929844174],[36.66039382215621,-3.790135977060539],[37.040974823596216,-3.648937754152149],[37.38836059473735,-3.566822563037176],[37.80474289141873,-3.516971841787972],[38.209638511311894,-3.519487659513789],[38.588030417099674,-3.6091405307839906],[39.066118455185034,-3.811196069436742],[39.07037892749781,-3.8129353756472857],[39.071292106864,-3.813295164794046],[39.0755939807136,-3.814929389933523],[39.1256396741025,-3.833241531040153],[39.244458276251336,-3.898907890331391],[39.565317616251434,-4.152206123611618],[39.87708194274655,-4.4878865064457525],[40.0720729322891,-4.769803327753365],[40.3520845830772,-5.290006297327818],[40.354315279919014,-5.294031319318751],[40.35480155342326,-5.294883893576167],[40.357130357404884,-5.298852959263943],[40.45145530413694,-5.455186868432372],[40.54561827114924,-5.69330485987265],[40.54736292286014,-5.697563146011339],[40.5477461484965,-5.698466740442657],[40.54959477832345,-5.702680928167221],[40.66232266400127,-5.951319028146622],[40.6663273418626,-5.959604982576136],[40.66722398565998,-5.961349576224735],[40.6716304122245,-5.969429049629495],[40.730006602200675,-6.070483950510897],[42.84890068722817,-12.313081164210317],[42.85031354934986,-12.319878909412736],[42.911728846324294,-12.582805787893035],[42.914041456269864,-12.591713443072946],[42.914580812337725,-12.593599357209508],[42.91732771456702,-12.602382808337948],[43.00437664591366,-12.858488794582643],[43.00591092910748,-12.862827318007845],[43.00624949965154,-12.863748575176938],[43.00788979344226,-12.868048138724154],[43.0834770084835,-13.059104820662997],[43.087980196427225,-13.088863670515565],[43.089580032056645,-13.097926507352664],[43.089968324478384,-13.099849215363204],[43.092010925362054,-13.108822635402444],[43.15973660968833,-13.375886485021011],[43.16221705502193,-13.384748870508124],[43.16279193605043,-13.386624260841362],[43.1657042502238,-13.395354261513072],[43.25928065169375,-13.654493847795242],[43.26261781868687,-13.66307043231515],[43.263373751903536,-13.664880443936854],[43.26712773218922,-13.67328295056257],[43.38586490406066,-13.922445903138136],[43.38789541168667,-13.926575533775546],[43.38833926481675,-13.927450941785342],[43.390465464573396,-13.931520128886529],[43.645701016525834,-14.405759813966531],[43.756359197638595,-14.632191910799797],[43.76060169437005,-14.640358654769011],[43.76154838818981,-14.642076603519818],[43.76618649778148,-14.650025340840182],[43.91162517961834,-14.88578733758118],[43.91408913399203,-14.889673947836497],[43.91462479184548,-14.890496392636392],[43.91718338631152,-14.894321363848347],[44.22824318121285,-15.347213696409273],[44.2416390486244,-15.372169911349214],[44.24618924919295,-15.380169296347637],[44.247200632017794,-15.38184997534155],[44.2521378628888,-15.389616456971416],[44.406686099154484,-15.620035805461557],[44.41199846610572,-15.627550673587336],[44.41316971419456,-15.629124126800164],[44.41884441926904,-15.636369277446823],[44.59554569288446,-15.850909753082428],[44.59851468328481,-15.854425703369902],[44.599157079566005,-15.855167776009992],[44.602211461501696,-15.858609804687367],[45.0202611109804,-16.31822916190737],[45.03481150902234,-16.33830537057298],[45.040393414235425,-16.345622256506587],[45.04162105896548,-16.347152114511655],[45.047555263105394,-16.354186295828644],[45.232225410215776,-16.562492409882744],[45.2384976172651,-16.569226940624308],[45.239869302857024,-16.57062910171917],[45.24646440251907,-16.57704775781034],[45.451023078587916,-16.766583725149808],[45.45443677744615,-16.76966973722422],[45.455172890998604,-16.770318953384848],[45.45866129624294,-16.773320259647047],[45.91594815072806,-17.15709026067834],[45.95596381387938,-17.198529328420012],[45.96251713900779,-17.204990629785875],[45.96394729502829,-17.206333101705585],[45.97080976742031,-17.212465063727443],[46.1837460257478,-17.393535112230033],[46.19090111310725,-17.39932296247507],[46.19245596779426,-17.40051879022227],[46.19988643288794,-17.40594858525146],[46.42994877452542,-17.565555231674615],[46.433761704518034,-17.568131736146174],[46.434581628174755,-17.56867124516604],[46.438456640369644,-17.571153399656634],[47.01518463058138,-17.930674678027483],[47.06665704654388,-17.968757902307],[47.074187313032695,-17.97404841950076],[47.07581950810912,-17.975136314868674],[47.083600297437194,-17.980050966739324],[47.32410967418435,-18.12383249514801],[47.33212224174842,-18.12835944186852],[47.33385320975234,-18.12928211562901],[47.34207825257474,-18.133410451387913],[47.59596670608005,-18.2531350318353],[47.60015273227057,-18.255046574445917],[47.601050485381464,-18.255443291142125],[47.60528216242383,-18.257251527806776],[48.36833836829207,-18.57229613201096],[48.372613147181475,-18.573999973515125],[48.37352928487518,-18.574352161691465],[48.37784459064453,-18.575950581704706],[48.64224556285396,-18.67021323539786],[48.65098733467207,-18.67309002372012],[48.65286504733228,-18.673657273457767],[48.66173744661619,-18.676101658149978],[48.933628144916604,-18.74387581541175],[48.942609797279225,-18.74588190773701],[48.94453406843683,-18.746262377986795],[48.953603336289945,-18.74782534509281],[48.9571053597725,-18.74834072181863],[49.71256748126212,-18.936418257819927],[49.71704630918075,-18.937475097875136],[49.718004270802616,-18.937688766581765],[49.7225076859345,-18.93863537239687],[49.99743573846172,-18.992910459367963],[50.00650546643659,-18.994470754223254],[50.008446172578694,-18.994755774869216],[50.01758153570884,-18.99586915982251],[50.296016872655294,-19.02288780880106],[50.30519586305068,-19.02355160161048],[50.307155161070895,-19.02364502733786],[50.316355665739906,-19.023857628868402],[50.53037562850568,-19.023549395029075],[51.07985476434632,-19.074055329377657],[51.084442097917645,-19.07442026927054],[51.08542138950465,-19.074486093069364],[51.09001629753086,-19.07473834424773],[51.36768476671365,-19.086566138263688],[51.37688623202976,-19.086732034660958],[51.378847714562134,-19.086719252870925],[51.38804623646021,-19.08643345493527],[51.66504669513156,-19.07101531550274],[51.67422011356741,-19.07027851174641],[51.67617089819071,-19.070073532595565],[51.685297113595475,-19.068887498043356],[51.86091780374817,-19.041665903376355],[52.40220183332874,-19.010588598324787],[52.406792511352734,-19.010268464441637],[52.40777072313942,-19.01018817443205],[52.41235216205824,-19.009755476088774],[52.686624529998376,-18.980451599223546],[52.69574865899811,-18.979249619369472],[52.69768650799655,-18.978945780006885],[52.70674066822734,-18.977297548199893],[52.760440807656714,-18.966153836635183],[53.10213653099131,-18.91863106097805],[53.10668636430429,-18.91794125865323],[53.10765489763008,-18.917782236699068],[53.11213599265318,-18.916990534780872],[53.22457194873155,-18.895715714167245],[53.26468718709959,-18.88977364368918],[53.26923072809493,-18.889043543935067],[53.27019781399189,-18.88887594425431],[53.274722069011844,-18.888034560314885],[53.65278730542786,-18.812913838455234],[53.65728954923134,-18.811961677148574],[53.6582472465043,-18.811746826693167],[53.662724767108585,-18.810684461565483],[53.92973465924551,-18.743860540080366],[53.93860475900691,-18.741407824075804],[53.94048193811422,-18.740838811160643],[53.94922100438162,-18.73795381439366],[54.2079329052637,-18.645445455388796],[54.21651988486158,-18.6421351280691],[54.21833225181968,-18.641384859378654],[54.22674645796131,-18.637657176375015],[54.27214194461793,-18.616198176430977],[54.89642183684788,-18.401544310549593],[54.900754909443144,-18.39999470017664],[54.90167496400269,-18.399652875085707],[54.90596870221508,-18.39799739250171],[55.16045083323202,-18.29627547728578],[55.168909986211226,-18.292650947460295],[55.17069347282949,-18.29183439826898],[55.17896458913866,-18.287799163385298],[55.4218149192234,-18.161849531859804],[55.42987807302007,-18.15741331315165],[55.43157293584611,-18.156425883609746],[55.439408702285945,-18.15159936831685],[55.464253196055026,-18.135441950998246],[55.879777088112306,-17.937696004324504],[55.99247716257642,-17.888871138286117],[56.00082938892567,-17.885006581314464],[56.00258883648889,-17.884139447316063],[56.01074137739258,-17.879869721050234],[56.24941423498204,-17.747306265264903],[56.253409465740624,-17.745022640600027],[56.25425554791954,-17.744525157201156],[56.258193532434326,-17.74214417245042],[56.43411696503914,-17.632807006976073],[56.43799533121584,-17.630330096355472],[56.43881598389807,-17.6297916969125],[56.44263239555384,-17.627220352420412],[56.66716248724993,-17.471901194932673],[56.67460029024758,-17.466481455811753],[56.67615676106827,-17.46528773235829],[56.67699363462516,-17.464612644320194],[56.8250599002258,-17.3772188213511],[56.96547036792344,-17.310544722781547],[56.973684291812866,-17.306394308354992],[56.97541277514734,-17.305466988312457],[56.98341315382234,-17.300918535099477],[57.21652561317212,-17.160707709922274],[57.224293173019596,-17.155772175545124],[57.22592243997558,-17.154679899808542],[57.233438468263735,-17.14936917440168],[57.45207932432782,-16.98669136276657],[57.45573733089745,-16.983899267073973],[57.45651016274341,-16.983294225155422],[57.460098546131924,-16.98041319841427],[57.767058249099016,-16.72770548619318],[57.85434109863047,-16.672801619768332],[57.862008436568054,-16.667711785338245],[57.8636155415019,-16.66658715614121],[57.87102389745687,-16.661127234198783],[58.08817792096914,-16.49270787458264],[58.09177937783926,-16.48984320726646],[58.09253995943852,-16.48922283607391],[58.09607002916248,-16.48627064736543],[58.493614895606775,-16.14542777271601],[58.49707145180113,-16.142389840904542],[58.49780067707461,-16.141732897006325],[58.5011816376412,-16.138611052026587],[58.70078202117054,-15.94971786126475],[58.707309055921534,-15.943230003148873],[58.7086658765124,-15.941813452767574],[58.71486670505518,-15.935013143145339],[58.894669331843495,-15.727836123447906],[58.90052901583885,-15.720739744860936],[58.90174045675018,-15.719197023882673],[58.90724487970605,-15.711821672128655],[59.0658748086886,-15.488018527106746],[59.071010709968114,-15.480381970053852],[59.07206510436172,-15.478727935724967],[59.07682011112869,-15.470848570508235],[59.20660934887425,-15.24333811668664],[59.25169169450548,-15.178455851933599],[59.25675595040624,-15.170771595447874],[59.25779482936015,-15.16910777225497],[59.26247593654858,-15.161184280532813],[59.31197961058872,-15.072491066615056],[63.57128676797041,-10.00721831078158],[63.619073799436244,-9.97178189262855],[63.62632929210527,-9.966120416522417],[63.627845652442765,-9.964876138247474],[63.63481461008759,-9.958865471485664],[63.83676015601968,-9.77585683099317],[63.840131909617064,-9.77272504426542],[63.84084280346865,-9.772048305972394],[63.844136683662114,-9.768834715505676],[64.04194384630291,-9.571053508517945],[64.11830350842732,-9.517769046837733],[64.12204475196621,-9.515089511951308],[64.12283563029347,-9.514508257913464],[64.12650998796147,-9.511737715340418],[64.78035718439794,-9.006019166967668],[64.7839624429005,-9.003159285578397],[64.78472384779654,-9.002539925126136],[64.78825783545861,-8.99959242760797],[64.81000695196296,-8.980995460858406],[65.10206006612543,-8.794678733310459],[65.47728297326752,-8.603907219389447],[66.1444257869881,-8.36297782810902],[66.14873451123903,-8.361361750836531],[66.14964919908316,-8.36100581413886],[66.15391696510565,-8.359284482211983],[66.17064431840751,-8.352297915929286],[66.31663390693004,-8.316026617147218],[66.58588199282194,-8.288212053076737],[66.64714611052479,-8.287415181056332],[66.65634258384425,-8.287069690014333],[66.65830032776992,-8.286947969759943],[66.66746877109239,-8.28615164531925],[66.69865341161552,-8.282670142654636],[67.02269882544829,-8.293662381398278],[67.39186543150645,-8.376986402819881],[67.90152678464415,-8.589997338976808],[68.11438219887343,-8.710970066566949],[68.44662987539591,-8.976747505346616],[68.7500980420343,-9.303497804737782],[68.91224717257145,-9.537933955579172],[69.26876306570836,-10.165993805731034],[69.27108373111082,-10.169967635434281],[69.27158905814002,-10.170809056481742],[69.27400654726462,-10.17472473736229],[69.36730643385489,-10.321777268214586],[69.48515114167189,-10.595334267819664],[69.48702352320761,-10.599537956413753],[69.48743384676636,-10.600429572565304],[69.48940882805931,-10.604586044546137],[69.60972001152106,-10.849974038302397],[69.61397295366928,-10.858135347551768],[69.61492184473275,-10.859852083654792],[69.61817838372492,-10.865416733480288],[71.7834621104587,-17.234728541151597],[71.8238436083573,-17.40372789560871],[71.82620142168692,-17.41262369247501],[71.82675034749977,-17.4145068434382],[71.82954181680317,-17.423276232509984],[71.91788919080105,-17.678934146735298],[71.91944548529693,-17.6832648231103],[71.91978872963294,-17.68418434913563],[71.92145083552062,-17.68847552781304],[72.00080552719167,-17.886115227724115],[72.00391131515383,-17.9066400269264],[72.00551111668508,-17.915702869782116],[72.00589940187284,-17.917625579253677],[72.00794196899498,-17.92659900697847],[72.07568551858138,-18.19373752322128],[72.07816593057103,-18.202599918040573],[72.07874080454353,-18.204475310536637],[72.08165308587115,-18.21320532216577],[72.1752545851842,-18.47241746443058],[72.1785917199089,-18.480994061506575],[72.17934764631545,-18.48280407597211],[72.18310159498735,-18.49120659672139],[72.30187085391087,-18.7404392966783],[72.30390134599938,-18.74456893495497],[72.30434519583608,-18.74544434463523],[72.30647642277555,-18.74952290837275],[72.55618348024134,-19.21343149226824],[72.55662057199893,-19.214497078857008],[72.55740928887234,-19.216293047340297],[72.5613154182712,-19.224625912314558],[72.68481286117002,-19.472089329939415],[72.68912315976986,-19.480220492928],[72.6900841144508,-19.481930505559724],[72.69478819836503,-19.489840377879066],[72.84220790375285,-19.724423088917696],[72.84470411010723,-19.72828906412049],[72.84524659230202,-19.72910702368728],[72.84783692262553,-19.732910574558407],[73.16404618418561,-20.185190292928926],[73.16441886387092,-20.185814416916898],[73.16543024029659,-20.18749509976143],[73.17036744159684,-20.19526160018896],[73.32482091903199,-20.42554156594357],[73.33013325737087,-20.43305645429595],[73.3313044994688,-20.434629911968123],[73.33697917695767,-20.441875084220708],[73.51357248469189,-20.656286137464903],[73.51654146170578,-20.659802099057003],[73.51718385516162,-20.66054417414302],[73.52023822399163,-20.663986214449352],[73.93979658565523,-21.12526783443406],[73.95309273378956,-21.143613613045844],[73.958674611172,-21.15093052021111],[73.95990225008302,-21.152460382885657],[73.96583642746727,-21.159494586773917],[74.15037833261752,-21.367657640200544],[74.15665051405112,-21.374392194799245],[74.15802219430975,-21.375794361111506],[74.16461726955752,-21.38221304228796],[74.36903429752331,-21.571619209156257],[74.37244798464428,-21.574705234215834],[74.37318409572745,-21.575354453176445],[74.37667248955506,-21.578355772706512],[74.82815691122451,-21.95725911019234],[74.87350677524168,-22.004222477464634],[74.88006007597696,-22.010683803571126],[74.8814902269292,-22.012026280890012],[74.88835267617122,-22.018158268819434],[75.1012017334758,-22.199155550673396],[75.10835679898402,-22.20494342793044],[75.10991164915647,-22.206139261547673],[75.1173420937516,-22.211569084629225],[75.34731052082736,-22.3711118635131],[75.35112344109389,-22.373688382380116],[75.35194336271381,-22.37422789449541],[75.35581836553692,-22.3767100636146],[75.92022575220756,-22.728553870511277],[75.98340488991637,-22.775298985683175],[75.99093513670203,-22.780589530921716],[75.99256732772663,-22.781677432368205],[76.00034809875102,-22.78659211321641],[76.24085694536822,-22.930374540543898],[76.24886949607207,-22.934901517104954],[76.25060046063962,-22.935824197311984],[76.25882548808758,-22.939952563703418],[76.51271350134516,-23.059678092357004],[76.51689952041737,-23.06158965055783],[76.51779727205053,-23.061986370597392],[76.52202894235771,-23.063794623021547],[77.28508363540753,-23.378841928872525],[77.28935840795165,-23.380545786297198],[77.29027454433334,-23.38089797788533],[77.29458984414943,-23.38249641396978],[77.55899047117148,-23.476760054455088],[77.5677322322759,-23.47963687533408],[77.5696099428235,-23.480204132064813],[77.57848233300354,-23.482648549800064],[77.85037278494337,-23.55042372116205],[77.85935442983434,-23.55242984693726],[77.86127869957504,-23.552810324353555],[77.86527535117861,-23.553499109169863],[78.59840693445511,-23.739514967149596],[78.60288097486541,-23.74059189464566],[78.60383796803528,-23.740809859912847],[78.6083370900717,-23.74177666461028],[78.88301883084208,-23.79728490588467],[78.89208146590725,-23.798885884100606],[78.89402087352177,-23.799179610510247],[78.90315114852396,-23.800333977851896],[79.18146244777336,-23.828601793213476],[79.19063836708034,-23.829306768708783],[79.19259722613978,-23.829408985557166],[79.20179668415774,-23.829662870858396],[79.39984064170497,-23.830266344005487],[80.00117663655286,-23.884558786013233],[80.00576455396249,-23.88491631121124],[80.00674395065745,-23.884980552156797],[80.01133926037936,-23.885225376545286],[80.2893711823313,-23.896618502048042],[80.29857290375705,-23.896769526479908],[80.30053436306909,-23.89675357448592],[80.30973241103578,-23.896452909932087],[80.58705201213475,-23.88056736281809],[80.59622422773977,-23.879815733605767],[80.59817467852017,-23.87960760179236],[80.60729896509196,-23.878406818662235],[80.81015103125172,-23.84662848202663],[81.31896026104911,-23.817417467744296],[81.32355094019057,-23.81709734987889],[81.32452915225721,-23.81701706328249],[81.3291105926853,-23.81658438092481],[81.60340932463404,-23.787278655277156],[81.61253345782784,-23.786076707258953],[81.6144713078863,-23.785772874657923],[81.62345752922532,-23.78413876077553],[81.71636159851352,-23.764895750481497],[82.08938632713149,-23.703993516694567],[82.09391857953366,-23.703196335045632],[82.09488308234722,-23.70301445841677],[82.09936387902913,-23.70211282327673],[82.27452079352044,-23.66464045533059],[82.27828488836306,-23.663986892143477],[82.36996502066468,-23.65610706718928],[82.37911207421844,-23.65509420152041],[82.38105579710289,-23.654830538008614],[82.39014213366676,-23.65337006773605],[82.66077967581757,-23.60302737963546],[82.66978340561154,-23.60112282315994],[82.67169192539566,-23.60066991110128],[82.68059135764618,-23.59832585666611],[82.94546289816938,-23.521561775931474],[82.94986679163661,-23.52022666067235],[82.95080251150412,-23.51993039539531],[82.95517231323173,-23.51848760529216],[83.81003459299254,-23.224552949868723],[83.81436767077666,-23.223003354003918],[83.81528772648082,-23.222661531993534],[83.81958147023582,-23.221006063786263],[84.07565338622086,-23.118649672125407],[84.08411255133551,-23.11502517062362],[84.08589604068767,-23.114208627403954],[84.09413521145999,-23.110189991128035],[84.19951919171427,-23.05556074694544],[84.88263242228385,-22.730428606558114],[84.88423736222775,-22.729648318133034],[84.91148635777674,-22.717843388564127],[84.91983859696353,-22.713978859337256],[84.92159804740706,-22.713111731183556],[84.92974787295275,-22.708843547996945],[85.1249787421551,-22.600413703312967],[85.13422012858668,-22.595445026950866],[85.14128593267523,-22.591446498224606],[85.143677667351,-22.59002379117058],[85.17057153539498,-22.575086540981115],[85.17456677373877,-22.572802929588168],[85.1754128575699,-22.57230544900007],[85.1793508499945,-22.569924477330385],[85.95625043520275,-22.08708164130249],[85.96012880960748,-22.084604743565155],[85.96094946407797,-22.08406634684841],[85.9647658842752,-22.081495015033962],[86.19131686782809,-21.92477901408977],[86.19875468882884,-21.91935929967644],[86.20031116361497,-21.91816558139329],[86.20747409265387,-21.912387438683893],[86.41719880285173,-21.734537782145484],[86.42406958380342,-21.728415131193444],[86.42550155888529,-21.72707459978281],[86.43206363943801,-21.72062219058932],[86.45470994734933,-21.697233877231717],[86.64221661791736,-21.552956389064796],[86.64906689559096,-21.549037213091616],[86.65694036341503,-21.544272447620614],[86.65859309010371,-21.543216004725554],[86.6662232780309,-21.538070645868],[86.88985736632219,-21.379143899252878],[86.89722589256087,-21.373630342629337],[86.89876711140738,-21.372416991251743],[86.90585622453294,-21.36654851950268],[87.11320636680486,-21.186144759608542],[87.11664077905314,-21.183081816099154],[87.11736521624361,-21.18241959593719],[87.12072342571298,-21.179273290234732],[87.73997805192857,-20.58465705252271],[87.74325803576058,-20.58142927984293],[87.74394910673111,-20.580732310906416],[87.74714888918825,-20.577425015536686],[87.93581792320131,-20.377566081063105],[87.94196922373746,-20.370720937727242],[87.94324411538503,-20.36923022367507],[87.9490521311463,-20.36209149560279],[88.11413124129903,-20.14869884966323],[88.17472699356031,-20.08866646710152],[88.17795614735135,-20.08538784296797],[88.1786362447504,-20.084680162027933],[88.18178396451776,-20.08132327795232],[88.36421048070927,-19.881926091404065],[88.37025408408876,-19.874985677599728],[88.37150552968343,-19.87347522699757],[88.37720130331304,-19.86624662766408],[88.53891068914558,-19.650321709366676],[88.54424491140854,-19.642822338832097],[88.54534228090225,-19.641196498343607],[88.55030210119031,-19.633444423247727],[88.61180158109873,-19.53191705470016],[92.54792454637516,-14.776626020925958],[92.5544931250063,-14.770938100065088],[92.75590170914856,-14.587693013978422],[92.75926729395147,-14.584554598875528],[92.75997685484087,-14.58387646310118],[92.76326440543025,-14.580656397644555],[92.95265179104237,-14.390547193227604],[93.08587792014113,-14.294149837288202],[93.08957276887662,-14.291406681578882],[93.09035358610977,-14.290811980617327],[93.09398000161465,-14.287978974968134],[93.68365811420011,-13.815548132762379],[94.0631488395149,-13.579695539578045],[94.39043284784485,-13.413298562090011],[94.80803439452679,-13.26248912271635],[95.1952922584247,-13.165089492184604],[95.60443686959849,-13.116108156791295],[96.02362698239618,-13.136137683073548],[96.36848063023263,-13.210019290798515],[96.80574007891992,-13.392772050857156],[97.03297041323692,-13.518355531777276],[97.33472420314152,-13.759741642186523],[97.69869278270065,-14.158901283799736],[97.90893464650216,-14.457783843423472],[98.18157574202982,-14.945894192888895],[98.18386895116289,-14.94988393000894],[98.18436846425402,-14.950728815479229],[98.1867588957667,-14.95466107279715],[98.23144066203007,-15.026170529559115],[98.40561095054815,-15.425663276908505],[98.40750168834413,-15.429858741246674],[98.40791590519986,-15.430748555373906],[98.40990903538977,-15.434896355087771],[98.53135953805051,-15.679893076878654],[98.5356481123105,-15.688035718734003],[98.5358066338664,-15.688319578663695],[99.1200031299114,-17.34549536071452],[99.12158624943369,-17.349816303087852],[99.12193518924148,-17.350733682942014],[99.1236238731926,-17.355014472231858],[99.2254774199528,-17.60420916518246],[99.22916734936301,-17.612639995894725],[99.22999768551406,-17.61441710562009],[99.23409685149949,-17.62265672477514],[99.32138777460928,-17.787824766973234],[100.65851031913817,-21.78374823902144],[100.66707840685804,-21.861250839399652],[100.66831383386503,-21.8703704997935],[100.66862477665123,-21.872307221684306],[100.67030619605816,-21.88135527751619],[100.72601040442835,-22.144925456262094],[100.72813376554905,-22.15388010997558],[100.72863304300209,-22.155777028298438],[100.73119323047335,-22.164616707347044],[100.81261174212842,-22.42192592453243],[100.81405375905283,-22.42629598146727],[100.81437273458853,-22.427224205251896],[100.81592156377022,-22.431557557140245],[100.87762098517871,-22.59771913643007],[100.88054087145369,-22.62201009122669],[100.8818631107506,-22.63111756995648],[100.88219248746495,-22.6330512421313],[100.88396001686704,-22.64208287129713],[100.94345115189105,-22.910888845965168],[100.94565971326536,-22.919822867581964],[100.94617703695756,-22.921714944032534],[100.9488213096855,-22.93052983525673],[101.03437357157433,-23.19221028475483],[101.03744718537182,-23.20088480974374],[101.03814747393201,-23.202717068740153],[101.04164302419478,-23.211230329804447],[101.15263010307446,-23.463714660056297],[101.154533511959,-23.467904390960843],[101.15495041615975,-23.468792949159287],[101.15695607291563,-23.472934706200633],[101.33668694381944,-23.832760899679496],[101.39516002064575,-23.99039201499485],[101.39857151816196,-23.998939305225697],[101.39934313622557,-24.000742686123566],[101.40316992009616,-24.009112286517972],[101.5248033667284,-24.258749043236975],[101.52903621789689,-24.266920790697064],[101.52998088264724,-24.268639856027164],[101.5346096038046,-24.276594064097676],[101.68038335116363,-24.513524816205987],[101.68284271483567,-24.517414332980856],[101.6833774012418,-24.51823740966701],[101.68593147772069,-24.522065399188012],[102.00917288061338,-24.993886489019708],[102.01103928455645,-24.997167739529036],[102.01205065459824,-24.99884842621516],[102.01698782639858,-25.00661494539634],[102.17198155747474,-25.237702291162314],[102.17729386726957,-25.24521719969341],[102.17846510339096,-25.246790661814465],[102.18413975335952,-25.254035855621062],[102.36134984890602,-25.469197448190112],[102.36431881256556,-25.47271342106019],[102.3649612032026,-25.473455498586123],[102.3680155589578,-25.47689755049337],[102.9357087549353,-26.101050134050237],[102.9388466629581,-26.104416191633256],[102.93952469182602,-26.105125854679937],[102.94274426195975,-26.10841389035332],[102.95136130885659,-26.11700080645297],[103.00351421359727,-26.175829671932462],[103.0097863694668,-26.182564250339173],[103.01115804440302,-26.183966421858244],[103.0177280417262,-26.190361909836938],[103.12157071391549,-26.28661504879265],[103.14019056647201,-26.30516979424141],[103.14686688764878,-26.31150392568359],[103.14832258602833,-26.31281865733905],[103.15530166638199,-26.318817567488765],[103.16433875580826,-26.32620766568924],[103.22236696126427,-26.379975122141126],[103.22578063666957,-26.38306116015738],[103.22651674528812,-26.38371038191197],[103.23000512772448,-26.386711714684832],[103.70087286376804,-26.78188533191592],[103.74020983293502,-26.822184948908948],[103.746797860802,-26.828610863193123],[103.74823522605573,-26.82994561344161],[103.7551306230248,-26.836040528225517],[103.96899564330684,-27.015924735375933],[103.97618179776148,-27.02167396747482],[103.97774307011119,-27.022861404104354],[103.98520266997642,-27.02825110311501],[104.21607457013201,-27.186584406818234],[104.21990132076844,-27.189140339131296],[104.22072413809698,-27.189675424572588],[104.22461246190679,-27.19213667392485],[104.81648896315023,-27.556689691818214],[104.84824973099357,-27.580189098984675],[104.85577995813325,-27.58547967218663],[104.85741214511825,-27.586567579694368],[104.86519289789182,-27.59148228943591],[105.10555703424953,-27.73517941680655],[105.11356956814315,-27.739706423122144],[105.1153005292845,-27.7406291097571],[105.12352554140132,-27.74475750669151],[105.37726117958329,-27.864412331865974],[105.38144719155622,-27.866323905611058],[105.3823449417165,-27.866720628984528],[105.38657660530954,-27.86852889712314],[106.14962978751532,-28.183578895782883],[106.15390455373189,-28.18528276908161],[106.15482068880608,-28.185634964071912],[106.15913598268672,-28.187233416181158],[106.4233780382081,-28.28144162901314],[106.4321197886297,-28.28431848235434],[106.43399749707078,-28.284885746057856],[106.4428698781733,-28.28733019674028],[106.71459708975874,-28.355065748303986],[106.72060761129173,-28.356408272171965],[107.46259389849781,-28.544673698881336],[107.46706793497506,-28.54575064271698],[107.46802492734884,-28.54596861147917],[107.47252404585434,-28.54693543260778],[107.74708995840554,-28.602421310769714],[107.75615258762414,-28.604022322083225],[107.75809199416598,-28.60431605557575],[107.76722226495187,-28.605470456261884],[108.04541610193942,-28.633727367562155],[108.05459201867161,-28.634432376568704],[108.05655087735772,-28.63453460057101],[108.06575033444851,-28.634788519469453],[108.13480502479908,-28.634999192886227],[108.85294330235902,-28.700420679140066],[108.85753093020797,-28.700781900880333],[108.85851027482381,-28.70084693094195],[108.86310538578967,-28.701095457865527],[108.93027841305837,-28.703902274623317],[108.99537300364184,-28.709771278567864],[109.00455630551038,-28.71037248765504],[109.00651619484495,-28.710452555718277],[109.01571793495575,-28.710602437357437],[109.07826730198687,-28.71008597231122],[109.1420937222323,-28.712752951502402],[109.15129531898471,-28.712911390059677],[109.15325679051315,-28.712897018492708],[109.1624550777512,-28.71260376525105],[109.22908949948125,-28.708840645669284],[109.29493693445335,-28.70829694874379],[109.29953779168756,-28.708202486419633],[109.3005187650434,-28.708170298533698],[109.30511591836459,-28.707962953971013],[110.17601492352087,-28.65796720689333],[110.18060560377539,-28.65764710498871],[110.18158381612129,-28.657566821793328],[110.18616525805356,-28.65713415536433],[110.46381376434923,-28.62747152045208],[110.47293790172165,-28.626269604156544],[110.47487575283651,-28.625965778292993],[110.48390801546553,-28.624322154549656],[110.74336277219116,-28.5705149664572],[111.33607256234815,-28.47208785681607],[111.34060262712411,-28.471278336245952],[111.34156663108918,-28.471093833832523],[111.34607546486401,-28.470173383720184],[111.61791174629252,-28.411195853568223],[111.62685487145617,-28.409024448980826],[111.6287490820152,-28.4085149949033],[111.63757488901969,-28.405907387514866],[111.90185402955126,-28.32071988570265],[111.91054125625448,-28.317682357467785],[111.91237641044005,-28.31698969144874],[111.92090412855237,-28.313529560038848],[111.95243500718868,-28.299825327412673],[112.68033977239203,-28.049546284261115],[112.68467285534943,-28.0479967028618],[112.68559291219454,-28.047654883922995],[112.68988666147597,-28.045999430050003],[112.94775618167849,-27.942925503180966],[112.95621535889319,-27.939301029919214],[112.95799885097132,-27.93848449265353],[112.96624509619616,-27.934462223403035],[113.1023105947127,-27.863921460978254],[113.75449318122304,-27.553513594751784],[113.75862379095612,-27.551485079614213],[113.75949941299177,-27.551041648857684],[113.76357899640749,-27.54891237443428],[114.00768370356072,-27.417669327911963],[114.01567999410811,-27.413113691507064],[114.01735998531413,-27.412101166620293],[114.02512310949606,-27.40715865829844],[114.11089335593586,-27.34954576957814],[114.34982082073016,-27.211479132001777],[114.41403131165379,-27.18743152480933],[114.42256788672034,-27.18399330263588],[114.42436884468053,-27.1832160462276],[114.43272643150198,-27.179363095658427],[114.68330142312378,-27.056300943147438],[114.69145988754228,-27.052042546277605],[114.69317598894723,-27.05109250782225],[114.70111567650773,-27.04643892350257],[114.93842188078398,-26.89940870477528],[114.94612366408353,-26.894371143898027],[114.94773838193855,-26.893257472785276],[114.95518370670528,-26.88784807127676],[115.1773257955785,-26.717967473515763],[115.180946655549,-26.715127370789578],[115.18171143952338,-26.714512187680175],[115.18526150934883,-26.711584079987574],[115.87483427600439,-26.128457122165713],[115.87831141725499,-26.1254427732897],[115.87904509440924,-26.124790805024208],[115.88244721258532,-26.12169203069566],[116.08686841619294,-25.930855722147832],[116.09343943251217,-25.924412413206383],[116.09480585756054,-25.92300512514531],[116.10105280061747,-25.916247152963606],[116.2854600598188,-25.706661651173356],[116.29136788018174,-25.69960529629689],[116.29258978716858,-25.69807085163686],[116.29814425237952,-25.690733113444146],[116.46112056868425,-25.464081750927487],[116.46630829755102,-25.456480306671217],[116.46737391884406,-25.454833482953212],[116.47218241367288,-25.44698664517917],[116.47669960842626,-25.439192026673922],[116.63860803790351,-25.2669206152671],[116.64171821209392,-25.263528915557774],[116.64237263886605,-25.262797430503163],[116.64539863985395,-25.25933042481316],[116.82328691042524,-25.050396032624015],[116.82907915358886,-25.0432445009906],[116.83027593596223,-25.041690380966596],[116.8357102930904,-25.03426325176475],[116.99198268085192,-24.80930212547676],[116.9970460601019,-24.801617291311786],[116.99808474924063,-24.799953349614498],[117.00276495248858,-24.792029323924655],[117.10018741454397,-24.61743565645711],[121.36501802752184,-19.545660914030826],[121.36696651642194,-19.544159827713894],[121.37411690603493,-19.538366174810708],[121.37561018001409,-19.537094282550285],[121.3824676755953,-19.530956755367363],[121.58053098454735,-19.34473438960278],[121.5838447058165,-19.34154126233244],[121.58454306261807,-19.340851593888235],[121.58777742259166,-19.337578105535812],[121.7569923741638,-19.16205924720165],[121.86047360898458,-19.08718467338724],[121.86416846657352,-19.084441529602575],[121.86494928572623,-19.08384683116087],[121.86857571037419,-19.08101383721575],[122.43417788079876,-18.627874850546156],[122.85489107481654,-18.366404485733412],[123.17655005664191,-18.202868697313626],[123.58552602965563,-18.049411088918713],[123.95761466558326,-17.96146061340402],[124.40695496942726,-17.907668758658957],[124.76344813840272,-17.919764207883613],[125.15453343695384,-18.008983050774745],[125.43692312700392,-18.127009163067644],[125.48024253080322,-18.150950727341968],[125.553355513353,-18.215568701163914],[125.55684078170036,-18.218573649577028],[125.55759194664124,-18.21920539004373],[125.56114991041741,-18.222123900656232],[126.07518337448037,-18.633325035265035],[126.29519297631356,-18.926795228095017],[126.29799830148144,-18.930443098860476],[126.2986061383094,-18.931213734427022],[126.30150014179644,-18.934791660396673],[126.48200171116278,-19.1524326736193],[126.48804872776752,-19.15937011376327],[126.48937349196291,-19.160816687966566],[126.49575362872532,-19.16744905861901],[126.56548595884158,-19.23646514054115],[129.01172693770994,-23.598509826958715],[129.04361123983549,-23.7008958821782],[129.04656236014273,-23.709612841195803],[129.0472367701966,-23.711454782611796],[129.05061205665606,-23.72001643705953],[129.1587076885907,-23.975637739084917],[129.16249900984104,-23.984023463186354],[129.16335071425613,-23.985790431405537],[129.16754893667542,-23.99398002322301],[129.3001793276287,-24.23777521408662],[129.30477433732813,-24.245748944169335],[129.30579513372575,-24.24742392232269],[129.31077586092587,-24.25516258125922],[129.46693951996392,-24.4851900485916],[129.46957081345977,-24.48896537705053],[129.47014186831206,-24.489763650901008],[129.47286502050858,-24.493473267124664],[129.67607698146858,-24.76329409883953],[129.75035534979637,-24.931375657681738],[129.75428072222965,-24.939699475126872],[129.75516066596597,-24.941452551314395],[129.75948974047847,-24.94957373345823],[129.90058240195114,-25.199294454568214],[129.9053047494239,-25.20719343677347],[129.90635228750514,-25.208851821851137],[129.91145653139242,-25.216509574782293],[130.07634670409985,-25.45119832316558],[130.08182054782657,-25.45859639861827],[130.08302559188863,-25.460144121431526],[130.08885584848957,-25.467264696799184],[130.27595554993036,-25.68466129151478],[130.2821281738052,-25.69148721270547],[130.28347911861502,-25.69290936783748],[130.28997923936987,-25.699424190606965],[130.49784185334065,-25.89777398152348],[130.50120986129778,-25.90090979605922],[130.5019363607442,-25.9015697531341],[130.5053803110649,-25.90462196817127],[131.31900036411398,-26.60805998401264],[131.32251818228602,-26.61102676100621],[131.32327618919024,-26.611650275495137],[131.32686575621375,-26.61452982737155],[131.55316913417462,-26.79155041082773],[131.5605548239734,-26.797040954675733],[131.56215725946038,-26.798172227237867],[131.56980346109185,-26.803293758864992],[131.81195361253685,-26.95701715275179],[131.8198419056294,-26.96175733393816],[131.82154750905303,-26.9627260929697],[131.8296588900159,-26.967073504202737],[132.0857105497658,-27.09632181255605],[132.0940254775733,-27.100265980542368],[132.09581782304005,-27.101062896364226],[132.1043162663057,-27.10459431925882],[132.1105406746168,-27.107003419498547],[132.80044070737267,-27.463737097700754],[132.80455403005053,-27.465800441337603],[132.8054366750646,-27.46622972278887],[132.80959939587572,-27.468191498994045],[133.07035587356262,-27.58719050314324],[133.07881945146477,-27.590804688345678],[133.08064174470164,-27.59153051508693],[133.08927246751503,-27.59472505876051],[133.35997271591597,-27.68743334615097],[133.36874979147555,-27.690200552360942],[133.37063445333388,-27.690744268076102],[133.37953673689327,-27.693077470379535],[133.65802049082325,-27.758806077791714],[133.6670265360038,-27.760699655300506],[133.66895541615963,-27.76105602371004],[133.67804352660866,-27.762505414629867],[133.80384489898088,-27.779414032704512],[134.30872365841444,-27.939149936232138],[134.3131278343123,-27.940484119528335],[134.31407060086747,-27.940757132362812],[134.3185061928104,-27.941982829941697],[134.5912123399527,-28.01375020342942],[134.60016706730684,-28.015873253966284],[134.60208621315857,-28.016278786084033],[134.61113432730428,-28.01795989166814],[134.889076912424,-28.062573984591754],[134.89819661566074,-28.063809095292306],[134.90014626939913,-28.064024565473805],[134.90931559156408,-28.064810705801097],[135.1902927529738,-28.081966832303774],[135.19948960436562,-28.082302108376794],[135.20145098975937,-28.082325441526404],[135.21065321435864,-28.082209045635775],[135.38862244198202,-28.0755870163245],[136.04329093231578,-28.17271578649175],[136.04785087813048,-28.17333522542139],[136.0488249948656,-28.173455397678975],[136.05339876910278,-28.17396274337296],[136.32793117620201,-28.20100923020481],[136.3371091829889,-28.201686487166103],[136.33906834185285,-28.201782786931002],[136.34826852475283,-28.202008884658632],[136.62363895618077,-28.202016240674773],[136.6241753348976,-28.202003087653345],[136.98182763825716,-28.254167470270417],[136.2471945329878,-31.875910681457775],[136.22547475130676,-31.981651934226083],[136.1934951010999,-32.08475510307133],[136.15156356388061,-32.184227248115604],[136.1000839632744,-32.279110398225136],[136.0395520759767,-32.36849077679595],[135.9705508571523,-32.45150760192214],[135.8937448262584,-32.52736137619612],[135.80987366735891,-32.59532158630574],[135.71974510556274,-32.65473373827681],[135.6242271281892,-32.705025660607866],[135.52423962557586,-32.74571301459451],[135.42074553203165,-32.77640395877586],[135.314741552253,-32.79680292258209],[135.2072485625128,-32.806713452840526],[135.09930177906398,-32.80604010572714],[107.60404508503096,-30.57674900218463]]],[[[11.282748165315095,6.116810975036927],[11.308836966163954,6.221559893520853],[11.34506733174834,6.3232472676776545],[11.39109034384214,6.420893792506229],[11.446462775680157,6.513559078593456],[11.51065136047414,6.600350708578318],[11.583037927063472,6.68043283161893],[11.662925353241377,6.753034213093068],[11.749544279422851,6.817455662009186],[11.842060517998044,6.873076764597874],[11.93958308701496,6.919361859235615],[12.041172790822703,6.955865195159043],[12.145851265039024,6.982235225288461],[12.252610398734147,6.9982179918183975],[12.360422043090107,7.0036595719701005],[12.468247913035917,6.99850756035204],[12.575049586500384,6.982811573652472],[12.81670936299041,6.935079717519925],[13.05836913948044,6.887347861387377],[13.783348468950516,6.744152292989737],[14.025008245440546,6.6964204368571885],[14.266668021930569,6.648688580724643],[14.508327798420597,6.600956724592096],[14.749987574910621,6.55322486845955],[14.991647351400653,6.505493012327],[15.233307127890674,6.457761156194455],[15.716626680870728,6.362297443929361],[15.958286457360758,6.314565587796812],[16.19994623385078,6.266833731664266],[16.441606010340806,6.219101875531719],[16.683265786830834,6.171370019399173],[16.924925563320866,6.123638163266625],[17.40824511630091,6.028174451001531],[17.649904892790943,5.980442594868983],[17.891564669280967,5.9327107387364375],[18.133224445770992,5.88497888260389],[18.37488422226102,5.837247026471344],[18.616543998751045,5.789515170338796],[18.858203775241076,5.741783314206248],[19.099863551731097,5.694051458073702],[19.34152332822113,5.646319601941154],[19.583183104711154,5.598587745808608],[20.066502657691203,5.503124033543513],[20.30816243418123,5.4553921774109675],[20.549822210671262,5.407660321278419],[20.791481987161283,5.359928465145872],[21.033141763651315,5.312196609013324],[21.274801540141336,5.2644647528807775],[21.516461316631364,5.216732896748232],[21.75812109312139,5.169001040615684],[21.999780869611417,5.121269184483138],[22.241440646101445,5.073537328350589],[22.48310042259147,5.0258054722180425],[22.724760199081498,4.978073616085495],[22.966419975571522,4.930341759952949],[23.20807975206155,4.882609903820401],[23.449739528551575,4.834878047687855],[23.691399305041603,4.787146191555307],[23.933059081531624,4.739414335422761],[24.174718858021652,4.691682479290214],[24.416378634511684,4.643950623157666],[24.658038411001705,4.596218767025119],[24.899698187491733,4.5484869108925725],[25.14135796398176,4.500755054760026],[25.38301774047179,4.453023198627477],[25.62467751696181,4.405291342494931],[26.107997069941867,4.309827630229837],[26.34965684643189,4.26209577409729],[26.59131662292192,4.214363917964743],[26.785318447679344,4.176045306058077],[27.160133284075965,6.46303790431872],[27.60209301813991,6.391920172233265],[27.236257770680822,4.187126911710948],[30.276841269340366,3.6824809540994465],[30.794097474194132,2.7105276668444276],[32.79541333124507,2.378324501682073],[32.79823731502984,2.3794164969585836],[33.4534514208632,2.9371781714556255],[33.4552188997074,2.949491319259545],[33.48095673298487,3.0543270259222304],[33.51684632773175,3.1561351711866847],[33.56254204753138,3.2539352869600178],[33.61760381762227,3.346785504664351],[33.68150136305861,3.4337916259461],[33.753619315547894,3.5141157342949367],[33.83326313978399,3.586984264637838],[33.919665822201736,3.651695453193612],[34.011995257736956,3.7076260958417318],[34.10936226345303,3.754237549918696],[34.2108291418587,3.791080921641332],[34.38105748212512,3.8435925851540045],[34.65684261410684,3.9870710878750875],[35.13341983505581,4.134084579430669],[35.388339776703596,4.154316809054645],[35.53759182593245,4.200357752503993],[35.9190448503331,4.318027541399709],[36.17396479198088,4.338259771023685],[36.439317328795624,4.420115137196217],[36.81535535573121,4.449960145237288],[36.94915721209118,4.460579596444168],[37.348364105580316,4.583726059777081],[37.716180578177834,4.521455935773723],[37.835035122322296,4.530889063733191],[38.08995506397007,4.551121293357167],[38.48094040312116,4.5821526246456505],[38.72542774960196,4.540761717721069],[38.98034769124975,4.560993947345044],[39.35941333323719,4.496819375811375],[39.615632483413755,4.4534193760881715],[39.947692689426304,4.396083064069588],[40.27731326636964,4.320826131443149],[40.53541908892032,4.26046536285614],[40.777044252884735,4.203915182672679],[41.15138808894433,4.116303374272933],[41.605786521183276,3.88157769642781],[41.7250907627658,3.8536556115744025],[41.76554506153109,4.100981932179125],[56.576524424121246,1.6547536914574648],[56.48427626048215,1.1060413615778089],[58.11269633099437,-0.41072571836411953],[62.62835542521913,-1.1702273180553022],[62.88015443668303,-1.0745334370631117],[63.06167176797528,-1.005549457349629],[63.32198306080758,0.5406523879771353],[63.338824132072844,0.5378708633308216],[63.10253586944912,-0.9900194342547972],[63.14083531563256,-0.975464084637508],[63.401516194582115,-0.8763947322118979],[63.77531481882634,-0.7343360289012297],[64.14941410351946,-0.6800736717117823],[64.2839974682985,-0.6605526223267578],[64.54467834724802,-0.561483269901155],[64.91877763194118,-0.5072209127117053],[65.17311895667724,-0.47032920942447065],[65.4274602814133,-0.4334375061372373],[65.56204364619231,-0.4139164567522167],[65.83401416064315,-0.31055658297060723],[66.37663340290422,-0.243820765035999],[66.68655514696196,-0.2806309010584059],[67.08808756938878,-0.217200064635573],[67.40830737899606,-0.28563726083741453],[67.5294959734012,-0.2813930986468749],[67.9220498739579,-0.2676454152888032],[68.16582722600751,-0.31976892119182543],[68.42267269872042,-0.3107739010791651],[68.79924019340649,-0.39129006825848056],[69.17580768809258,-0.4718062354377913],[69.40651691947888,-0.5850482673564994],[69.51750412889197,-0.6087791119832262],[70.13784897562766,-0.7414187850655625],[70.49045713226967,-0.9144940620682062],[70.72116636365594,-1.0277360939868867],[70.82997666978657,-1.081144880821676],[71.07375402183615,-1.1332683867246942],[71.5349928421061,-1.3596642742810798],[71.75263395282911,-1.5340248322154755],[71.87471252058747,-1.5939462535804179],[72.21405241560167,-1.7605088960528548],[72.4316935263247,-1.9348694539872406],[72.662402757711,-2.048111485905955],[72.96862304696309,-2.2934361872339726],[73.18157538436712,-2.4593168634526905],[73.43877667808746,-2.6527395086033057],[73.7079980211188,-2.8784003712883965],[73.83123769949276,-2.989544079537819],[73.91249466792215,-3.0035311989486217],[74.21363141907494,-1.2582467360942877],[74.36206285087043,-1.2827621412798462],[74.07796159212012,-3.0671381377615035],[83.5063988979673,-4.5699463109485805],[83.4443216053769,-4.925611840561032],[84.53154620947316,-5.11555851995945],[90.97461944845051,-6.241004240108651],[91.15537988972795,-6.124336593925853],[91.50472296174455,-5.979481200240101],[91.87410917159247,-5.82631490287879],[92.12723437574408,-5.781838636588388],[92.27305563649446,-5.721373730237689],[92.64244184634241,-5.568207432876377],[92.89556705049402,-5.523731166585972],[93.1648127291061,-5.412088223308475],[93.49317995105997,-5.362016434194888],[93.838178754392,-5.254587648962756],[94.11854098691988,-5.23392804929213],[94.36819737369723,-5.150919752900308],[94.68122773279426,-5.118926161704588],[94.76263507797269,-4.652185235263026],[94.76684430329266,-4.652880444242609],[94.68720253808041,-5.1183155005586505],[94.74425245142284,-5.112484655235872],[94.99992347394537,-5.08635353428398],[95.25559449646794,-5.060222413332086],[95.6463534072265,-5.0202844952242165],[95.89306795319166,-5.056008297501411],[96.14873897571422,-5.029877176549517],[96.39545352167937,-5.065600978826713],[96.65112454420193,-5.03946985787482],[97.03222917798192,-5.094653092129692],[97.66004835772706,-5.185560128661759],[97.89780642713482,-5.28313885416805],[98.01013088528515,-5.2994032244675715],[98.39123551906512,-5.354586458722439],[98.62899358847288,-5.452165184228729],[98.87570813443807,-5.487888986505931],[99.23908949580307,-5.637024997759147],[99.4768475652108,-5.734603723265425],[99.71460563461856,-5.832182448771714],[100.06431335037323,-5.9757066340414475],[100.29311494322356,-6.135140282776824],[100.53087301263133,-6.23271900828312],[100.75967460548168,-6.392152657018496],[100.99743267488944,-6.489731382524782],[101.32551857431172,-6.718348375054791],[101.55432016716205,-6.877782023790153],[101.78312176001242,-7.037215672525534],[102.32220709636445,-7.412861405947331],[102.54205221265738,-7.634149977911773],[102.76455892677052,-7.789197225866819],[102.89242668152477,-7.914389191775475],[104.42540253512561,-8.177590737119317],[104.37884409425192,-8.449902787385534],[104.46107713449855,-8.471128679724382],[104.70245339740875,-8.533432427151444],[104.9438296603189,-8.59573617457849],[105.18520592322908,-8.65803992200555],[105.42658218613926,-8.720343669432602],[105.66795844904942,-8.782647416859657],[105.9093347119596,-8.84495116428671],[106.15071097486977,-8.907254911713768],[106.39208723777993,-8.969558659140816],[106.63346350069013,-9.031862406567878],[106.87483976360028,-9.094166153994927],[107.35759228942064,-9.218773648849035],[107.5989685523308,-9.281077396276093],[107.84034481524098,-9.343381143703144],[108.08172107815115,-9.4056848911302],[108.32309734106131,-9.46798863855725],[108.33550216189987,-9.471190555825688],[108.76513160216562,-6.964881890867402],[108.97482799340513,-6.999516010709818],[108.67532066674903,-8.799523430876434],[118.8195647545221,-10.489129768817374],[119.2194265167015,-10.435670495482396],[119.52970528399447,-10.395898643033686],[119.83956911961053,-10.390514708727654],[121.33506838882462,-10.364530166826668],[121.45095490562754,-10.362516619836969],[121.52465239596235,-10.343013213265783],[121.78359529540525,-10.247915584007181],[122.20916208296926,-10.127335358270228],[122.45824940920694,-10.109847662240442],[122.72553744464304,-10.030309222774685],[122.98190932065309,-10.012310099712234],[123.24919735608918,-9.932771660246473],[123.62628328787922,-9.906297554751603],[123.75355476895076,-9.8973621945795],[123.8275649583469,-9.452641069233774],[124.20126673646367,-9.514362837987711],[124.1817567946855,-9.637082502245903],[125.44978595537063,-9.839047665694329],[125.54542845594831,-9.832332884164115],[125.92458855213155,-9.899590245796194],[126.17004426871554,-9.943130439137029],[126.41549998529959,-9.986670632477876],[126.66095570188361,-10.030210825818719],[126.75735008560176,-10.047309755770195],[131.3819695377024,-10.78389535844326],[131.38013151066843,-10.796310774050653],[136.25478540593758,-11.569604638963938],[136.25805094873067,-11.568293518386781],[136.26771122083417,-11.507295009463325],[137.5913094235584,-11.725904678925872],[139.38400625478366,-15.220395163458784],[139.42797944113943,-15.318981776824915],[139.4620777066669,-15.421403794678998],[139.485972666429,-15.526674836999529],[139.49943419890093,-15.633781086101955],[139.50233266216614,-15.74169105025719],[139.49464014243893,-15.849365497520829],[139.47643072288943,-15.955767464104882],[138.15994531754015,-22.446044100498522],[137.47401857625724,-22.34600016217222],[137.22815166701352,-22.271410078331115],[137.2192821393321,-22.26895529437289],[137.21737941230853,-22.268478632047326],[137.20840011782175,-22.26646201207958],[136.9378406785953,-22.212636880002734],[136.93331661986184,-22.21179444127808],[136.9323495730661,-22.211626616130516],[136.92780620241444,-22.21089545709207],[136.2730385912448,-22.11375198103164],[136.17409217367413,-22.077014921341398],[136.16975876806882,-22.075466242458198],[136.16883053322223,-22.075147299117397],[136.16446042627535,-22.073705433764598],[135.67797726724157,-21.91978961633861],[135.67442768566374,-21.917785286138443],[135.67356716767634,-21.917313212437197],[135.66950572084025,-21.915149544248067],[135.1562777333278,-21.64976949054627],[134.5999125373127,-21.16874837005963],[134.59639471914116,-21.16578159306648],[134.59563671223685,-21.16515807857748],[134.59204714521286,-21.162278526700657],[134.5250223131235,-21.109849901951776],[134.32254353278202,-20.84100257299409],[134.3197301622081,-20.837360903537203],[134.31912062577467,-20.83659161157555],[134.3162187314925,-20.833020082490965],[134.19670637360122,-20.68956286356794],[131.75530261534362,-16.336143726572676],[131.75254583226922,-16.322648893486484],[131.75048312638572,-16.313680073609536],[131.74999669903076,-16.311779819541126],[131.74749639863325,-16.3029230151783],[131.6641672701163,-16.033243137521417],[131.66123539864788,-16.02451968549262],[131.66056505610365,-16.02267625988466],[131.65720867670092,-16.014107175753537],[131.54784755030187,-15.753893563302556],[131.5440747487753,-15.74549949073902],[131.54322694680707,-15.743730646788219],[131.5390468121657,-15.735531807848025],[131.40470689531423,-15.48729045993714],[131.4001294978691,-15.47930660634278],[131.3991124012736,-15.47762937898407],[131.3941487683769,-15.469879744539316],[131.23584891313737,-15.235594484627955],[131.233225959642,-15.231813357101988],[131.23265666827587,-15.231013824661234],[131.22994171124824,-15.2272982064384],[130.98179743855846,-14.89629925480562],[130.9311101657596,-14.792510303721897],[130.92686987738853,-14.784342412920966],[130.92592364811972,-14.78262420825669],[130.92128768795766,-14.774674217129807],[130.77037504921208,-14.529890617267338],[130.76535458569114,-14.522177678035609],[130.7642444992672,-14.520560493683385],[130.75885162712308,-14.513103187492325],[130.58467268552332,-14.284290312858417],[130.57892039665785,-14.277106605012833],[130.57765714381804,-14.27560601534234],[130.57155929600148,-14.26871321202647],[130.37579148997136,-14.058074655686195],[130.3693627734492,-14.051489362262481],[130.36795852000847,-14.050119818771952],[130.3612144221258,-14.043857899793037],[130.1453751635475,-13.853097037984886],[130.14188989520076,-13.850092089572273],[130.14113873026025,-13.849460349105877],[130.1375807664835,-13.846541838492888],[129.4813394270252,-13.321581495970513],[129.47771091100515,-13.31875118116084],[129.47692965284003,-13.318157059570021],[129.47323277025976,-13.315416645439951],[129.2397350025453,-13.146730296218458],[129.23214508499416,-13.141525717737972],[129.23050062920856,-13.140456445897284],[129.22266447748535,-13.135630556163152],[128.97418122211334,-12.990890419731357],[128.9661177141914,-12.986454844732982],[128.96437636994187,-12.985551906581984],[128.95610493151884,-12.981517332008599],[128.69463117667476,-12.861829777006523],[128.68617173437127,-12.858205922502025],[128.68435027175516,-12.85747801382882],[128.67572320510595,-12.854273609575044],[128.44438452963286,-12.77475022655166],[128.29544384766865,-12.69243439120848],[128.29138919934633,-12.690258009485298],[128.2905187718991,-12.689804466934486],[128.28641193367972,-12.687728246747803],[128.03377492555836,-12.563876010464503],[128.02541460459923,-12.5600289961636],[128.02361309510988,-12.559253018935285],[128.01512112513305,-12.555838447926597],[127.91612398664023,-12.51881273951213],[127.42125205624097,-12.3119786655856],[127.29445169628995,-12.247611488817753],[127.28614574357046,-12.243648455257985],[127.28435521180262,-12.242847472682305],[127.27586480712694,-12.239296766553068],[127.0134637060797,-12.137051308993588],[127.00480930357578,-12.133921484256744],[127.00294888368605,-12.133299861434574],[126.99415133256905,-12.130598458112553],[126.72251914641734,-12.054432569393565],[126.71807330119577,-12.053244600249556],[126.71712203055418,-12.053002879435738],[126.71264837011543,-12.051924374589289],[125.9136024070788,-11.869636887682798],[125.90910362618928,-11.868668496785059],[125.90814164071675,-11.868473743772604],[125.90362044927352,-11.867616050145967],[125.62583068373978,-11.818441531107453],[125.61673197463793,-11.817060235246716],[125.61478602959822,-11.816813506648147],[125.60563050331464,-11.815880327113792],[125.32484801593365,-11.79420854355845],[125.315657728933,-11.793725728461688],[125.31369697051892,-11.793670923896789],[125.30449406300731,-11.79363963638148],[125.07435594225825,-11.798506393628061],[124.5321264549375,-11.78010910076871],[124.52752570594281,-11.780009506042346],[124.5265442477584,-11.780000307276095],[124.52194244024602,-11.780013650578255],[124.24114752066272,-11.784274034184879],[124.23195181688136,-11.78463943469995],[124.22999434106711,-11.784765393167225],[124.22082764326684,-11.785581565339756],[123.94229031402865,-11.817288609935897],[123.93317470558769,-11.818553587535632],[123.93123900164325,-11.818870805660046],[123.92219644286108,-11.820581541245078],[123.7149024539081,-11.865094404572009],[123.18572486187728,-11.928443816857868],[123.18116271609831,-11.929046839508665],[123.18019132977254,-11.929187386267348],[123.17564535694386,-11.929902187961021],[122.90102180653533,-11.97654387948786],[122.8919893216311,-11.978307030652786],[122.89007393515956,-11.978729962992245],[122.8811388440063,-11.980934193391985],[122.6128830899016,-12.054139830725273],[122.60406691791647,-12.056779830175708],[122.60220220917289,-12.057388466684884],[122.59352619528586,-12.060457875196292],[122.5788039579353,-12.06607653017478],[122.11903860125629,-12.174751124990845],[122.11457350764968,-12.175864565385984],[122.11362415548686,-12.176113714449826],[122.10918773187944,-12.177336398379753],[121.84287026529215,-12.254262385684457],[121.83409409853299,-12.257032472793155],[121.83223859441115,-12.257668618650941],[121.82360892066136,-12.260865995160758],[121.56657004251936,-12.3633433866875],[121.55810765141855,-12.36696034983852],[121.55632343525409,-12.367775303687997],[121.54804871344442,-12.37180313989881],[121.50010835231919,-12.39661210069311],[120.97167828577298,-12.594891754186168],[120.9673899416933,-12.59656115991359],[120.96647973988817,-12.59692841658005],[120.96223365664608,-12.59870256074527],[120.70911038492282,-12.708132832092575],[120.70075520467715,-12.711990998578965],[120.69899509428156,-12.71285678636702],[120.69085848166141,-12.717109635749877],[120.50146095551273,-12.822086153031043],[120.08204405907071,-13.035323390949861],[119.974154939852,-13.082062985744484],[119.96580268246636,-13.08592747563801],[119.96404322793906,-13.086794595506039],[119.9558906527447,-13.091064256297571],[119.714837298778,-13.224947352019075],[119.71084204967975,-13.227230944597418],[119.70999596350559,-13.227728421201212],[119.70605795986857,-13.230109374325544],[119.23496723496949,-13.52288902908973],[119.232840993597,-13.523928094415696],[119.23110031670431,-13.524832318422547],[119.2230400869583,-13.529273847664792],[118.98451408576918,-13.668449981172088],[118.97668150043313,-13.673281657126104],[118.97503783482681,-13.674352143218481],[118.96745176328474,-13.679562325953784],[118.74331814768728,-13.841735776767456],[118.73962329009834,-13.844478920552115],[118.73884247094563,-13.84507361899382],[118.73521604629767,-13.84790661293894],[118.09008991863152,-14.364757175137592],[118.0865341113461,-14.367678312754398],[118.0857834131942,-14.368310607835266],[118.08230036515796,-14.371318129538597],[117.8751417920674,-14.554679606912911],[117.86840232087941,-14.560946505164326],[117.86699907932326,-14.562317085419078],[117.86057522824694,-14.568907125093439],[117.67272077558484,-14.771330824289814],[117.6666280202383,-14.778228129406095],[117.6653658760311,-14.779729651666651],[117.6596188943968,-14.78691760601146],[117.49251000440024,-15.00677953601633],[117.48712264145986,-15.014240823178556],[117.48601374974004,-15.015858826964996],[117.48099898412246,-15.023575472050794],[117.46827022072794,-15.044255980394945],[117.3074925443407,-15.211023242642897],[117.30433949392173,-15.214375120248958],[117.3036758187484,-15.215098224701142],[117.30060597716465,-15.218526472514],[117.12174938093885,-15.423265725835593],[117.11586666966797,-15.430343027134775],[117.11465022240029,-15.431881803643458],[117.10912186382816,-15.439239230983883],[116.95147972308676,-15.660123926557869],[116.9463190355129,-15.667743755253401],[116.94525927224423,-15.669394354815248],[116.94047868821802,-15.677258228029602],[116.89154206632297,-15.76239638653779],[112.61435098223197,-20.84887031185904],[112.48840766532643,-20.948472491848886],[112.4813315238816,-20.954356598223438],[112.47985454356993,-20.955647375608432],[112.4730756450627,-20.961871604123026],[112.27556480349733,-21.152363820526453],[112.27229195283144,-21.155598825770397],[112.27160242207448,-21.1562973185196],[112.26840994813094,-21.159611669218695],[112.09809114941461,-21.34083175725677],[111.94110507826628,-21.460885042710707],[111.93748421829578,-21.463725145436893],[111.93671943432139,-21.464340328546296],[111.93316936449594,-21.467268436238896],[111.30680824892315,-21.996941401128918],[111.13446651902562,-22.096530802378926],[110.59417898781867,-22.353681948667727],[110.1188931839427,-22.517101783107695],[109.7653900631523,-22.57580553831191],[109.18136586147385,-22.60933264777178],[108.78830537527521,-22.573525336007055],[108.31135076882241,-22.452506842736845],[107.91564983619081,-22.289129530116412],[107.55943649585059,-22.06972793542212],[107.28986521791413,-21.843491459976043],[106.98268263115128,-21.505758320825805],[106.71480449494962,-21.114748527421618],[106.54773680712813,-20.78027437804586],[106.54563011063154,-20.77618308970318],[106.5451701091256,-20.775316058331082],[106.54296868987508,-20.771286679164394],[106.41245950130278,-20.53920809814959],[106.3518384892413,-20.375950763277825],[106.35018378075907,-20.371656726684986],[106.34981964366112,-20.37074527237457],[106.34806005261271,-20.36649313764402],[106.24181287969621,-20.11840334435137],[106.23798335208723,-20.110034999002202],[106.23712359770391,-20.10827193363195],[106.23288806768524,-20.100101574336435],[106.14924862734793,-19.948015826881225],[104.81578914337868,-15.963039227077251],[104.81533031658738,-15.958145554134656],[104.81424661527097,-15.949006622193954],[104.81396790083895,-15.947065000355547],[104.81243707875181,-15.937990251360356],[104.76124963136009,-15.674195178285272],[104.75927537638714,-15.66520647410338],[104.75880769182109,-15.663301520496491],[104.75639476011511,-15.654420515701865],[104.67945701721008,-15.396442369923097],[104.67808782321755,-15.39204895232032],[104.67778431741922,-15.39111555582635],[104.67630771593683,-15.386757063141163],[104.08572199760086,-13.711457131906876],[104.06784303388159,-13.60454411437856],[104.06610280835241,-13.595507184552844],[104.06568473767388,-13.593590731055777],[104.0635031871928,-13.584650075426671],[103.99231088551993,-13.321141129412283],[103.98969326563338,-13.312318286803395],[103.98908936278802,-13.31045203964595],[103.9860419795714,-13.30176826505725],[103.88919017233685,-13.046047038483932],[103.88750757369534,-13.041763853660333],[103.88713751689178,-13.04085478669545],[103.88535031039983,-13.036614184924503],[103.71115443632792,-12.637062752231708],[103.68916209489963,-12.555689207794282],[103.68654370472838,-12.546866593755526],[103.68593963894921,-12.545000399330304],[103.68289149759093,-12.536316890831904],[103.58521324367828,-12.27848153211629],[103.58174269437256,-12.269958048491295],[103.58095861829425,-12.268160049102312],[103.57707402189921,-12.25981712417119],[103.45437569656028,-12.01235752000192],[103.45228101681873,-12.008260066254243],[103.45182356197812,-12.007391688539888],[103.4496346334817,-12.00335703902673],[103.152630692762,-11.471552241317967],[103.06264750525847,-11.29253211760451],[103.05831389063253,-11.28441335724032],[103.05734803273259,-11.282706109275036],[103.05262126944596,-11.274809768704715],[102.90450926711672,-11.040619875867225],[102.90200197695788,-11.036761079876227],[102.90145714972049,-11.035944680423052],[102.8988559151185,-11.032148578613178],[102.63206494582515,-10.652875077393746],[102.57660668650918,-10.549865940904434],[102.57204651567903,-10.541872235407968],[102.57103303813506,-10.540192818733445],[102.56608612769188,-10.53243249898165],[102.41049711118752,-10.301085474344722],[102.40517537867252,-10.293577235628758],[102.40400216968,-10.292005243975115],[102.39831843561302,-10.284767174299692],[102.2204899928908,-10.06940589336615],[102.2175166210386,-10.065893647609936],[102.21687330002499,-10.065152376499318],[102.2138146288711,-10.061714158764037],[101.76184801512689,-9.566048209297165],[101.74464831615545,-9.543453734685594],[101.73889600011556,-9.536270048602185],[101.73763274159886,-9.534769463710234],[101.73153486770593,-9.527876683460915],[101.54136041336359,-9.323257908596302],[101.53493167193047,-9.316672639493067],[101.53352741330885,-9.315303101314804],[101.52678329173678,-9.309041207847743],[101.31710049186417,-9.123722897676359],[101.31361521214858,-9.12071796244734],[101.31286404481813,-9.120086224822508],[101.30930607000204,-9.117167727670234],[100.65306254355762,-8.592209706828978],[100.6494340168314,-8.58937940574646],[100.6486527564187,-8.588785287111065],[100.64496916906688,-8.586054500168922],[100.51661828456926,-8.493313301303086],[100.4844299371757,-8.46873403324055],[100.4769807524563,-8.463329948435833],[100.47536523994691,-8.462217430377411],[100.46765986222225,-8.457185369198502],[100.46018480062301,-8.452561351137279],[100.4181183727782,-8.422171443530269],[100.41052843553935,-8.416966893762794],[100.40888397570905,-8.415897628143203],[100.401062032951,-8.411080056095994],[100.26466325515074,-8.33161316286881],[100.22980308785945,-8.310048920082],[100.22586010464016,-8.307676222511727],[100.22501297808284,-8.307180519595736],[100.22104486993076,-8.304922945606995],[100.17710764571804,-8.280628984951159],[100.1596645045212,-8.270468539037248],[100.15160097981993,-8.26603299454296],[100.14985963215472,-8.26513006297944],[100.14291230286149,-8.261741384060466],[99.75263699435163,-8.046047771202133],[99.74609234083046,-8.041407248409747],[99.74446487265254,-8.04031229433324],[99.73670544127637,-8.035363990555062],[99.49662113778972,-7.89042150695788],[99.48862825122927,-7.885859900879508],[99.48690129548834,-7.884929739083066],[99.47869420930917,-7.880765820014096],[99.22511589994974,-7.759842288653476],[99.22093819176126,-7.7579126346125955],[99.22004216521945,-7.757512033537345],[99.21581835919827,-7.755685486763749],[98.57574575683587,-7.488166888661823],[98.4793117621763,-7.440809984145117],[98.47095405729667,-7.436957289669965],[98.4691530755206,-7.4361800884467835],[98.46061639510471,-7.432742127852007],[98.1973307761492,-7.334147671098078],[98.18863568580797,-7.331132726731898],[98.18676719721014,-7.330535795028544],[98.17793464417771,-7.327951130155991],[97.90577834578548,-7.255511632413546],[97.90131715871912,-7.254382641545038],[97.90036277050235,-7.254153539128621],[97.89587522023903,-7.253134371302291],[97.09676198741332,-7.081931976414304],[97.09225077708619,-7.0810232455388835],[97.09128629694935,-7.080841248696614],[97.08675414394158,-7.080043502157357],[96.80880804009823,-7.0346288024873305],[96.79969183701247,-7.033368117406375],[96.79774279530085,-7.033147179620546],[96.78857571419599,-7.032335323974095],[96.50800662554137,-7.014414092350897],[96.49881075071869,-7.014053021970314],[96.49684943848568,-7.014024187555269],[96.48764692361316,-7.0141147722907276],[96.45217584221797,-7.015334992065125],[95.79864177838448,-6.984108163692343],[95.79404284659395,-6.98394495582174],[95.79306160946598,-6.983922185582424],[95.78846005746604,-6.983871890303012],[95.50733863514976,-6.9842492153141364],[95.49813875764193,-6.984487415680301],[95.49617972715546,-6.984586292633989],[95.48700261924097,-6.985275622670789],[95.20776047455443,-7.013157061825307],[95.19862824469007,-7.014295860876306],[95.1966883391071,-7.014586280276538],[95.18762298763454,-7.0161718048750705],[94.91245832913354,-7.07128950376095],[94.90348169527871,-7.073317934239326],[94.90157959695048,-7.073797099188511],[94.89507808943658,-7.075605706832053],[94.40974784926783,-7.1337077143399155],[94.40518570556084,-7.134310752663486],[94.40421431971802,-7.134451302759256],[94.3996683493447,-7.135166120070231],[94.12504496721196,-7.181808753674406],[94.11601248836483,-7.183571935869593],[94.11409710334627,-7.183994874789176],[94.10516201976559,-7.186199135884545],[93.83690652502216,-7.259405692637419],[93.82809036210608,-7.26204572237512],[93.82622565545346,-7.262654365290318],[93.8175496521116,-7.265723803607185],[93.75184535727955,-7.290799718470993],[93.30164525328604,-7.4040300176648115],[93.29719652696839,-7.405207151714384],[93.29625083214962,-7.405469841826784],[93.29183233402023,-7.40675579855498],[93.0269001801401,-7.487400890243724],[93.01816449478923,-7.490296108202182],[93.01631827082446,-7.490958704739118],[93.00773516960132,-7.494279075044475],[92.7791296672933,-7.589228700939959],[92.23079630292996,-7.787249632439272],[92.2264875732773,-7.788865695309022],[92.22557288424338,-7.7892216289492],[92.22130511246684,-7.790942946610433],[91.96684340775373,-7.897223768464369],[91.95844099459708,-7.900977957953346],[91.95667027610894,-7.901821837763466],[91.94846219337416,-7.905983792039114],[91.70607551399604,-8.036461698847514],[91.69808153567314,-8.041021391397578],[91.69640205836426,-8.042034768458304],[91.69553806216223,-8.04258546067423],[91.28412360686717,-8.251755845152557],[91.19885149735035,-8.288697655329253],[91.19049925252563,-8.292562172371499],[91.18873980081698,-8.293429297958474],[91.18058723950135,-8.29769898524926],[90.93966439185182,-8.431510621324431],[90.93566915017634,-8.433794226889056],[90.93482306561924,-8.434291706242975],[90.93088506972134,-8.436672672167578],[90.48575413659418,-8.713320500115197],[90.46413507366253,-8.723235859869016],[90.45586663034678,-8.72727656905228],[90.45412595637251,-8.728180798676942],[90.44606574096069,-8.732622353933058],[90.2073559608882,-8.871906752206195],[90.19952339114613,-8.876738453439037],[90.1978797289948,-8.877808944836124],[90.190293674268,-8.883019152054848],[89.9659877774644,-9.045318361074536],[89.96229292872891,-9.048061516783855],[89.96151211149576,-9.04865621774541],[89.95788569599088,-9.051489223394606],[89.31276104144199,-9.568342023882547],[89.30920524358494,-9.57126317297482],[89.30845454747379,-9.57189547047844],[89.30497150914339,-9.574903003423536],[89.0976538108875,-9.758406519954917],[89.09091435992627,-9.764673439956459],[89.0895111227939,-9.766044024739688],[89.08308729298547,-9.772634085147265],[88.89508840249943,-9.975214735459067],[88.88899566941326,-9.982112060239242],[88.88773353005224,-9.983613586573064],[88.88198657161654,-9.990801559465567],[88.72455284866736,-10.197935447217507],[88.54488223248313,-10.378290848341447],[88.54167469640477,-10.381590624504835],[88.54099926475779,-10.382302759937652],[88.53787367529013,-10.385680259146163],[88.35539608784879,-10.587784463512747],[88.34939822920319,-10.594764447555821],[88.34815673771122,-10.596283090362327],[88.34250859533289,-10.603548967683578],[88.18101112878784,-10.822170948538934],[88.17572630954659,-10.829705215003338],[88.17463964920047,-10.831338232575566],[88.16973088468836,-10.839122737475865],[88.04900766730083,-11.041408806118644],[84.10740336323899,-15.803321930058546],[84.02068998967236,-15.88117980744416],[84.01730385107733,-15.884296035264702],[84.0165898486275,-15.884969492974362],[84.0132812059318,-15.88816788224775],[83.94095021464302,-15.95982639919121],[83.8107718528579,-16.052338339907724],[83.80340332661882,-16.05785189653158],[83.80186210777211,-16.059065247909338],[83.79477299464695,-16.064933719658082],[83.58742285237511,-16.24533747955214],[83.58398844012683,-16.248400423061533],[83.58326400293636,-16.249062643223496],[83.57990579346699,-16.252208948925954],[82.9887477761043,-16.819846462311475],[82.81036018455148,-16.957107251761887],[82.78776144093138,-16.969658926622085],[82.78376620258757,-16.97194253801504],[82.78292011875645,-16.972440018603137],[82.77898212633184,-16.97482099027282],[82.1337116011281,-17.375856408912007],[81.7278078326838,-17.56904892095797],[81.18140266501203,-17.75692411265099],[81.12970436952828,-17.762777957006566],[81.12513846057271,-17.763351791330503],[81.12416619528202,-17.763486122971035],[81.11961574409186,-17.764171837481936],[80.85772672110075,-17.80692939557608],[80.49087739802677,-17.82799041449676],[79.99100948349606,-17.782859156774435],[79.45128025752955,-17.645914851911453],[79.04847984212033,-17.479608050018765],[78.6951730433327,-17.259361447965595],[78.39198009456337,-17.0049100988668],[78.09974128061276,-16.683609403089896],[77.85913129488048,-16.339460670547318],[77.61758954194369,-15.8907216813744],[77.61535886392524,-15.886696648951476],[77.61487259440804,-15.885844072419815],[77.6125438089881,-15.881874995841251],[77.494102064592,-15.68556789660397],[77.41299203631401,-15.483556379564865],[77.4112251202244,-15.479307283429298],[77.41083717033796,-15.478405707215288],[77.4089665083724,-15.474201253122327],[77.34955622185096,-15.34496598960484],[75.1778678105356,-8.956814418522297],[75.15233550930873,-8.799923419198448],[75.15063480044314,-8.790878969247233],[75.15022511049581,-8.788960706687933],[75.14808266008366,-8.780010601000642],[75.07808204600789,-8.516340726630181],[75.07550301539999,-8.507506526796188],[75.07490727561135,-8.505637657832782],[75.0718978779187,-8.49694064621432],[74.97621825510898,-8.24094170456694],[74.97455439416163,-8.236651206092231],[74.97418831438654,-8.235740530308679],[74.97241966045866,-8.231492157241714],[74.85917412928391,-7.9686113855828795],[74.79121817355761,-7.72388120879775],[74.78853901028509,-7.715076859320242],[74.78792209073139,-7.713214874528769],[74.78481414567514,-7.704552590585594],[74.6847476770408,-7.445812743343127],[74.6812184375134,-7.43731339313709],[74.68042198217138,-7.435520843001837],[74.67647995041933,-7.427204902210405],[74.55131322654044,-7.17908076543081],[74.54919034306266,-7.174997852725044],[74.54872691129627,-7.1741326499846325],[74.54650446749756,-7.1701030651443824],[74.15511350704107,-6.480605197848167],[74.15279284163759,-6.4766313681432335],[74.15228751460869,-6.475789947096289],[74.14987002548513,-6.471874266217434],[74.00098559525941,-6.2372133993147445],[73.99586602811121,-6.229565882215437],[73.99473516725214,-6.227963156157538],[73.98924652096805,-6.220576056080608],[73.93497128001076,-6.151153764005019],[73.70274810445068,-5.815404153543873],[73.6510094325066,-5.7213765685223965],[73.64637626816413,-5.713424947697654],[73.64534745756166,-5.7117548800815605],[73.64032970652701,-5.704040175930587],[73.48283632692424,-5.474429333749583],[73.47744607739988,-5.466970131671564],[73.47625852554978,-5.4654089469607445],[73.47050876311883,-5.458223216826654],[73.29095184945939,-5.244779296704652],[73.28794644662018,-5.2412944202065495],[73.28729636602267,-5.240559069949157],[73.28420634520553,-5.237148999310178],[72.84820700506737,-4.767699710764949],[72.83452051000836,-4.749720516658676],[72.8287681666641,-4.742536852438653],[72.8275049024438,-4.741036272348049],[72.8214070023528,-4.734143515276251],[72.63141324846121,-4.529720723736315],[72.62498448199811,-4.523135479067436],[72.62358021817084,-4.521765946226325],[72.61683607279869,-4.515504078393091],[72.40735231174388,-4.330363097490188],[72.4038670206074,-4.327358175508544],[72.40311585087572,-4.326726440738714],[72.3995578649665,-4.323807957109464],[71.74331214083632,-3.7988522686454975],[71.73968360335277,-3.7960219813546394],[71.73890234068207,-3.7954278656888123],[71.73524576535166,-3.792716621550592],[71.64782692890034,-3.7295281208978954],[71.60490659360234,-3.695936541625478],[71.59752234338426,-3.6904440618319665],[71.5959202045118,-3.689312369235761],[71.58827534573595,-3.6841888333590322],[71.56129624358476,-3.667051853218653],[71.50858340832451,-3.6289710023228436],[71.50099345130381,-3.623766481403513],[71.49934898740939,-3.6226972220342697],[71.49155597958624,-3.617896551401245],[71.39878874752318,-3.563827968410868],[71.35236794560076,-3.534341725459293],[71.3484535200376,-3.531922204239759],[71.34761236139197,-3.5314164405420194],[71.34363973675711,-3.5290937128491353],[70.89294163268572,-3.2729471677089084],[70.84675410746947,-3.2384638420248444],[70.83924680461116,-3.2331407893887336],[70.83761933235745,-3.2320458413704642],[70.82985988256098,-3.227097566476063],[70.58960328349434,-3.0820522857647394],[70.58161037995384,-3.077490709439667],[70.57988342075035,-3.076560554071688],[70.571676319071,-3.0723966655530823],[70.31791646711596,-2.9513877216444673],[70.31373875174465,-2.9494580831549935],[70.31284272371164,-2.9490574854151634],[70.30861891089107,-2.94723095436441],[69.52802304970963,-2.620984017792085],[69.52375568370657,-2.6192616944139866],[69.52284107857908,-2.6189055452233694],[69.5185327298952,-2.6172884669811247],[69.2541338503508,-2.5217350292316505],[69.24540460881659,-2.518820440442184],[69.24352936833968,-2.518245070775899],[69.23466762946572,-2.5157623163170144],[68.96265197639435,-2.446705446015038],[68.95367908888548,-2.444660507059614],[68.95175648211473,-2.4442717136645222],[68.94269406244364,-2.4426695166497803],[68.91684365739196,-2.4387508747535134],[68.2110627918507,-2.279450171509366],[68.20656179143128,-2.2784921497707646],[68.20559935974136,-2.2782996139886356],[68.20107620390957,-2.2774523408683036],[67.92443643192597,-2.2291385677941],[67.91533456404596,-2.2277782418518988],[67.91338805563329,-2.2275359979700426],[67.90423040332148,-2.2266239180889236],[67.62467682559154,-2.205694888423356],[67.61548545043436,-2.205233251883636],[67.61352457093918,-2.205182965660521],[67.60432161576462,-2.205172884585064],[67.32406276128353,-2.2117456761758083],[67.31487039681647,-2.212187174850809],[67.31291403058023,-2.2123293305702525],[67.30375440203211,-2.2132213453867178],[67.27551517916295,-2.2166729212631506],[66.83857107179038,-2.2018509434142524],[66.83397032209226,-2.2017513811817437],[66.83298886384286,-2.20174218934727],[66.82838705642499,-2.2017555651507634],[66.54985947385738,-2.205983515021985],[66.54066377265686,-2.2063489804838436],[66.53870629773226,-2.2064749527762446],[66.52953960569674,-2.207291189690674],[66.25325551617247,-2.238743715392399],[66.24413991666592,-2.2400087573732024],[66.24220421496197,-2.240325989168962],[66.23316166826253,-2.2420367886191164],[65.96129084877091,-2.3004184381864534],[65.9523431391652,-2.302570873640287],[65.95044785254743,-2.303076309823804],[65.94161653585137,-2.305665195875859],[65.86512018005261,-2.3301440167572403],[65.55494085307207,-2.362186966050862],[65.5503695339475,-2.362715976337037],[65.54939599751536,-2.3628407625564565],[65.54483903774862,-2.363481799301962],[65.27344390098503,-2.405061972295993],[65.26438402899211,-2.406678513370593],[65.2624620401014,-2.4070703498195636],[65.25349240103208,-2.4091294905480347],[64.98795543212766,-2.4769892361126633],[64.9790976346282,-2.4794860158445977],[64.97722330732748,-2.480064353348796],[64.96849869060749,-2.482992757123254],[64.93628586213946,-2.494692121824473],[64.72115449491278,-2.548141783386261],[64.68159291287091,-2.552156105460746],[64.67246252497539,-2.5533095795392384],[64.67052308863353,-2.553603116206131],[64.66146029698038,-2.5552032077743414],[64.39176878947102,-2.6096755504892153],[64.38279542711952,-2.6117184047863353],[64.3808941013184,-2.6122006259980277],[64.37203178588385,-2.6146813216092597],[64.10850866031006,-2.695469683956342],[64.1041258289529,-2.6968723955146654],[64.10319477790418,-2.697183021865815],[64.09884769083838,-2.698692871019696],[63.314475652921764,-2.98195797370248],[63.3101669286703,-2.9835740509751747],[63.30925224082605,-2.983929987672896],[63.30498447480411,-2.9856513195995564],[63.05064892935729,-3.091880447079696],[63.04224652874992,-3.095634664655015],[63.040475813082445,-3.0964785503841203],[63.032267744259514,-3.100640532096738],[62.79000154894361,-3.2310546262380795],[62.787496687168684,-3.23248338771605],[62.260906807173846,-3.500213173691121],[62.253225024094384,-3.5036491665297427],[62.24491889850423,-3.507611837757406],[62.24316978713249,-3.508499636444031],[62.23506810569604,-3.5128650967258244],[61.996291989389654,-3.649190641529322],[61.992323935031,-3.651521168300573],[61.99148377149694,-3.652028583338554],[61.98757410623244,-3.654455789127343],[61.588800406460564,-3.9088554416931123],[61.586041879935024,-3.9101455130648177],[61.584285989310196,-3.9110198272030616],[61.57615095833755,-3.9153228211200366],[61.33526626396547,-4.050405290505339],[61.32735216989811,-4.055102268328071],[61.32569043213815,-4.056144479782546],[61.31801634072186,-4.061224126080055],[61.09112927441075,-4.219547969510545],[61.08738803087242,-4.222227504396565],[61.086597152545224,-4.222808758434362],[61.082922794876666,-4.22557930100781],[60.42907559844002,-4.731297849380697],[60.42547033993795,-4.734157730769574],[60.424708935042155,-4.734777091221634],[60.4211749473796,-4.737724588740201],[60.21089885468641,-4.917524881007795],[60.20405316263357,-4.923675570878577],[60.20262668006692,-4.925021945486937],[60.19609103399705,-4.931501128770973],[60.00479112472016,-5.130692128137386],[59.998581269577706,-5.137484195914054],[59.99729362370348,-5.138963907102541],[59.99142451957313,-5.146052496685931],[59.820569903784246,-5.363035006998622],[59.81536027913648,-5.369996052373836],[59.63059350799328,-5.554738578984404],[59.6273794853128,-5.55803203744446],[59.62670265373811,-5.558742842484614],[59.62357042457722,-5.562114185082336],[59.44053528524286,-5.764035713864005],[59.43452370402764,-5.771003882695443],[59.4332792267782,-5.772520079738737],[59.42761679861449,-5.779774829415177],[59.26554733619703,-5.998270238818035],[59.26024770237054,-6.005794092011747],[59.25915783091752,-6.007424968253121],[59.25423375871036,-6.015199799342653],[59.11436100025732,-6.248528678869296],[59.109824352190444,-6.256535757606052],[59.10889958259183,-6.258265606815608],[59.10532545120782,-6.265365026435137],[54.85475314471435,-11.320250082909167],[54.80159535266375,-11.362280027679574],[54.79451854000748,-11.3681633267716],[54.79304141245385,-11.36945393565469],[54.786261803932526,-11.375677390793665],[54.591570321707096,-11.563407569365792],[54.58510424999102,-11.569956187703555],[54.58376073700226,-11.571385365770869],[54.577623779424435,-11.57824337111241],[54.534002329023984,-11.629466057492603],[54.187039707915496,-11.926941253769822],[54.18358315172095,-11.929979185581457],[54.18285392644748,-11.930636129479677],[54.17947296588107,-11.933757974459246],[53.97987258235173,-12.12265116522108],[53.973345547600736,-12.129139023336958],[53.97198872700987,-12.130555573718256],[53.9657878984671,-12.13735588334049],[53.96218265168687,-12.14151001777414],[53.7662360080101,-12.302825094516527],[53.6426419916099,-12.375774550933912],[53.54897639323198,-12.41635314251828],[53.54062416688273,-12.420217699489935],[53.53886471931951,-12.421084833488337],[53.530712178415826,-12.425354559754162],[53.292039320826305,-12.55791801553952],[53.288044090068155,-12.560201640204143],[53.287198007889344,-12.560699123602948],[53.283260023374126,-12.56308010835394],[53.21240198137551,-12.60711868438943],[52.91803614819618,-12.747225188011512],[52.36967441382662,-12.935775176003897],[52.21219773813793,-12.967065441318786],[51.99175790517045,-12.99772404197605],[51.55292951887445,-13.02291895422346],[51.11492024978723,-12.982658886196047],[50.52720198454966,-12.836342346895727],[50.13819065361481,-12.675730428870807],[49.78392690688074,-12.45488913580383],[49.475196989889646,-12.195792948367032],[49.18434824682148,-11.87602300595963],[48.943241714856825,-11.524980211464799],[48.70019525050478,-11.073449823037897],[48.69796455734264,-11.06942479900786],[48.697478284617816,-11.068572224305935],[48.69514948426453,-11.064603156489081],[48.58843933239974,-10.887741676625682],[48.51061162511932,-10.691021854261656],[48.50886630878279,-10.68676384048715],[48.50848294211488,-10.685860305881473],[48.506633654545496,-10.681646406747232],[48.394901111203296,-10.435305928146756],[48.39316344067831,-10.431711999969997],[46.27410302937004,-4.188624762732227],[46.25864283987235,-4.071408836712724],[46.2572158877027,-4.0623171760793895],[46.25686428189041,-4.0603874220921155],[46.254992941903915,-4.0513767299857095],[46.19304959687603,-3.786002214048246],[46.19073837729471,-3.7770941980159867],[46.19019931559308,-3.7752081997176994],[46.18745378434772,-3.7664243199516623],[46.09963950978817,-3.5079342153941764],[46.09810590378473,-3.5035954525473603],[46.09776747703763,-3.502674142544145],[46.09612785435646,-3.4983743230252564],[46.00667575028181,-3.2721690957666576],[46.00482701618526,-3.2599520039843433],[46.00322717227084,-3.2508891686099997],[46.00283887809139,-3.2489664609543367],[46.00079626900438,-3.2399930427821766],[45.932544914859335,-2.9708573429731464],[45.9300644614239,-2.961994959753478],[45.92948957868095,-2.9601195699457623],[45.92657725652686,-2.9513895719365566],[45.83227463965113,-2.6902396366412553],[45.82893746481737,-2.6816630551718212],[45.82818152994606,-2.67985304424124],[45.824427541979105,-2.6714505410476175],[45.70477060256098,-2.420358101589347],[45.702740091159534,-2.4162284728077466],[45.70229623722914,-2.4153530652036492],[45.70016499121633,-2.4112745114337555],[45.33509330888223,-1.7330478279252728],[45.33286261204022,-1.729022805934001],[45.332376338536015,-1.7281702316766514],[45.33228995969919,-1.728023013069972],[45.32146978296667,-1.7060650712980476],[45.31720055660474,-1.6979122685993226],[45.316248240255604,-1.6961974302193499],[45.31158573357807,-1.6882665299370545],[45.20069234636464,-1.509808230275224],[45.18635541313135,-1.4860462362800075],[45.18140915313582,-1.478285501931874],[45.180314627725714,-1.4766577454311411],[45.178473360981215,-1.4740595076255896],[45.16471391696724,-1.4519175423616208],[45.162237244164,-1.4480390243131898],[45.16169889504277,-1.4472183386192023],[45.159127784569705,-1.4434017693017025],[44.84057189780715,-0.9828355492132145],[44.80145845746067,-0.9117531441851734],[44.79682526288824,-0.9038015409739869],[44.7957964459366,-0.9021314772690506],[44.79077866557322,-0.8944167921945735],[44.63291685106358,-0.6642706815903434],[44.62752657318157,-0.6568115000045482],[44.626339015396105,-0.655250319808184],[44.62058922564716,-0.6480646115330424],[44.44061318428715,-0.43412411458955097],[44.43760776820013,-0.430639249517871],[44.43695768480662,-0.4299039017314178],[44.43386765102476,-0.4264938428390701],[43.87484125831195,0.17541656695621255],[43.87166846815579,0.17874976557754851],[43.87098308601056,0.17945232952508183],[43.86779931556374,0.18263843910652186],[43.82146731632035,0.22790380906792207],[43.76253081717543,0.2905033974243272],[43.75605980066294,0.29704712960649005],[43.75464675148943,0.2984075961192183],[43.74786244388037,0.30462592835835456],[43.70022289439907,0.34618655951510674],[43.667650207410965,0.3779762381538549],[43.66090828806959,0.38424050260918063],[43.65943897772691,0.38554000413491374],[43.652474570400194,0.3914044285205405],[43.60231195206773,0.4316038358065191],[43.537153123745284,0.48844824470627246],[43.53364856485879,0.49143067281723163],[43.532893344785734,0.49205755990979383],[43.52931664895751,0.4949530835882717],[42.86426926443543,1.0199660925504677],[42.86062258613271,1.0227729676417674],[42.85983751586367,1.0233620427287464],[42.85612305170896,1.0260785784763615],[42.62841061676584,1.188362615126894],[42.62078732020276,1.1935181786347244],[42.61913600852285,1.1945768319465992],[42.61126892304299,1.1993521279194383],[42.369172262651816,1.3382905816861652],[42.36108034075347,1.3426741060175749],[42.35933321442039,1.3435658047757508],[42.35103595025197,1.347546997171774],[42.29900657184193,1.3709587136745296],[42.065622795270485,1.4999407303615266],[41.99504289730082,1.5530743681896877],[41.98755685517729,1.5584272794435616],[41.9859337569013,1.5595287008366827],[41.978194077136635,1.5645078415979894],[41.73818107601378,1.7107135721210511],[41.73020640417541,1.7153069472029439],[41.72848316338603,1.7162439734995043],[41.720292711156446,1.72044051705937],[41.466662385526654,1.8426299633367125],[41.462492388849974,1.8445762259447158],[41.461597963464904,1.8449803892974803],[41.45738145903777,1.8468237288862157],[40.876300327777955,2.0924074951060465],[40.78045021298328,2.1420742176805123],[40.77217763430095,2.1461064537253454],[40.77039385177183,2.146922356285619],[40.761933385328035,2.150543819128795],[40.49999341434782,2.255136672001245],[40.49136544214682,2.2583386372217715],[40.48951027658244,2.258975769725716],[40.48073558416526,2.2617505235088156],[40.2093333459022,2.340301645387575],[40.20489757313075,2.3415266883846737],[40.20394835359685,2.3417763422680054],[40.19948385273741,2.342892156991716],[39.38289498673554,2.5363675864725037],[39.37840444703612,2.5373735007978633],[39.37744412094321,2.5375762779672195],[39.372930247336825,2.5384716859690815],[39.095135528696595,2.590042491452193],[39.086048668136286,2.5914996979337954],[39.08410485067268,2.5917626632679824],[39.074957433900664,2.592772243365942],[38.793934807589906,2.6168242031728615],[38.78474887153464,2.6173837247202667],[38.78278863897336,2.617454896375388],[38.77358631335927,2.617563011435833],[38.491559383485914,2.61395412028333],[38.482362837521464,2.6136105683981623],[38.480405067973635,2.6134892609522726],[38.4712364569436,2.6126948697680774],[38.35816218027531,2.6000952176191388],[37.81112306214387,2.6034942435470403],[37.806521319740526,2.6034663638751665],[37.80553998333616,2.6034483736935266],[37.80094031109292,2.603307570006563],[37.52075805734701,2.5912876791822566],[37.51157600310752,2.5906677069926873],[37.50962276728406,2.590487576715721],[37.5004821938244,2.5894178092627125],[37.2233134193978,2.550062166260369],[37.21423634716027,2.548545180707441],[37.21231017255577,2.5481744672171796],[37.20331846900227,2.5462139181153685],[37.11167970610599,2.523863785886895],[36.637777352997894,2.4671265655669568],[36.63321521345421,2.466523495746083],[36.63224382858171,2.466382938943805],[36.62769786314382,2.4656680902472505],[36.35315251291419,2.4190367595956412],[36.34412004624063,2.417273515039824],[36.34220466414213,2.416850562896336],[36.333269595779754,2.414646240112665],[36.065090648418725,2.341458583620122],[36.056274503730094,2.338818493015324],[36.0544098012796,2.3382098372261018],[36.04573381912918,2.3351403390096004],[36.01402286024215,2.323037663110996],[35.571734268889394,2.218489304415706],[35.56726918658841,2.2173758186864565],[35.56631983695529,2.2171266599838164],[35.561883425761486,2.215903931010569],[35.29586866591518,2.139062454545262],[35.28709252728129,2.136292278331843],[35.285237029618315,2.135656113635044],[35.27660738833212,2.1324586495078868],[35.01986147395836,2.030095036958037],[35.01139911958136,2.0264779878882053],[35.009614911691145,2.0256630159234854],[35.00134023077655,2.021635095699132],[34.97305086541837,2.006995088890549],[34.42584720216797,1.8039786888927205],[34.421552707896275,1.802325168596132],[34.420641152867645,1.8019612837037164],[34.41638853143635,1.8002028692510263],[34.163000165377724,1.691769483748478],[34.1546307607528,1.6879422717341779],[34.15286745756366,1.6870830052085721],[34.14474301567551,1.682875606843208],[34.08408733122707,1.6495625421418003],[33.51837628366878,1.361940361560051],[33.415762241140435,1.3174848374419694],[33.407410021543676,1.3136202658772465],[33.40565057549554,1.312753128804707],[33.39749804205179,1.308483388294473],[33.15614395873803,1.1744301768302488],[33.15214873196947,1.1721465451848294],[33.15130265065992,1.1716490603077578],[33.14736467030524,1.169268068676485],[32.63641745728909,0.8517109538026462],[32.63018222071244,0.8485305290528936],[32.62845727612432,0.8475966429425921],[32.620474251349634,0.8430178001828015],[32.38433850662372,0.6997629575543795],[32.376589770917086,0.6947979217512719],[32.37496466925461,0.6936994584221268],[32.36746888999962,0.6883601907822132],[32.14611878987645,0.5223551897185145],[32.14247142704458,0.5195492041892567],[32.14170090153309,0.5189412278561832],[32.1381234995499,0.5160465766717992],[31.528273721444837,0.010078499384728906],[31.524768435204958,0.007096926175995166],[31.524028669810004,0.00645187428226926],[31.520597610766178,0.003385175036904192],[31.316584707360846,-0.18351657039868538],[31.30995349187183,-0.18989790777513132],[31.308573915646736,-0.19129230604604236],[31.30226380513135,-0.19799133514416178],[31.117880672052472,-0.40362426079029173],[31.111906868119686,-0.4106248430621764],[31.110670609862186,-0.4121477490407355],[31.105047503928805,-0.4194330194706404],[30.957081711798985,-0.6211859506936754],[30.794853320033123,-0.7867038000114391],[30.791672730881864,-0.7900295575299819],[30.791003114182967,-0.7907471634536299],[30.78790510114069,-0.7941499748816885],[30.607419328606074,-0.9973469394533969],[30.601478444493704,-1.0043754799515714],[30.600249346913785,-1.0059041709726306],[30.594660492992492,-1.0132157506530397],[30.4352491370787,-1.2327276375827574],[30.432967218817677,-1.2360378695049192],[26.05085226416165,-6.513164435872464],[25.87548434219433,-6.669655124920881],[25.872088669913893,-6.672760961392507],[25.8713726070263,-6.673432227901394],[25.8680541785017,-6.676620462922344],[25.608654107484515,-6.932038470005536],[25.565562808757758,-6.961153394386856],[25.56178165470145,-6.963776309640103],[25.560982116502146,-6.964345592920072],[25.557266470821396,-6.967060512366043],[24.86814819825104,-7.483669849359954],[24.86450029911188,-7.486475137632679],[24.86372965739783,-7.487082966666066],[24.860151702158163,-7.489976933964896],[24.748215845407866,-7.582809537685608],[24.48358562433071,-7.750876309681717],[24.188399868355667,-7.884765767328709],[24.177379358469455,-7.887959770062184],[24.172975473911468,-7.88929491470707],[24.17203975602076,-7.88959118622792],[24.16766996392024,-7.891034005489551],[23.511525618974996,-8.116646658916505],[23.288043852821975,-8.154170205544395],[22.66149643317412,-8.190145005782146],[22.235417438782058,-8.156201904740398],[21.813618592750686,-8.045020762714596],[21.36564331723879,-7.860066218169381],[20.962913865673027,-7.612020349147714],[20.627737910821686,-7.324884420762555],[20.624206654435532,-7.321933651581541],[20.623445823473418,-7.3213135862362995],[20.619843215135088,-7.318450367141908],[20.421632134959992,-7.164850280508267],[20.26506662221579,-6.99579444470943],[20.261898559288298,-6.9924567527365085],[20.261214173554084,-6.991753218123169],[20.257965153725777,-6.988494279556259],[20.06414424287604,-6.798795502592751],[20.057411208458596,-6.792521689310205],[20.055943741335824,-6.791220106680418],[20.048910975726013,-6.7852842248205505],[19.957391442552016,-6.71180787199342],[15.471122226679803,-1.3999094958077298],[15.465999255195094,-1.3898471623520312],[15.461623804336982,-1.3817508721297374],[15.460649149659956,-1.3800486308544544],[15.455881703092228,-1.372176786166198],[15.310087430468672,-1.144263520049516],[15.304939473387563,-1.136635084858426],[15.303802663117226,-1.1350365732043657],[15.298286597402276,-1.1276699250790383],[15.130551076673452,-0.9147587372896361],[15.127659122012648,-0.9111791550983204],[15.127032988526798,-0.9104233101121553],[15.12405405752429,-0.9069157781445097],[15.039395953597431,-0.8096794325110458],[14.902448013813634,-0.5984809839219044],[14.89725302749666,-0.590884497711746],[14.896106363524279,-0.5892930396276754],[14.8905448928845,-0.5819606096146561],[14.718783132512234,-0.36668809221779086],[14.712868575619444,-0.35963738286791397],[14.71157144297716,-0.358165980813009],[14.705318048517068,-0.3514139779027893],[14.512940565360807,-0.15366168057941496],[14.509691480940768,-0.15040280640977058],[14.508990022120145,-0.14971629325760358],[14.505661939487702,-0.1465381371230185],[13.95493574102949,0.3666058365686094],[13.951530664897351,0.36970136026553924],[13.950796365410797,0.37035262752960807],[13.94731634686961,0.3733636541610693],[13.73648209919963,0.5513074293588487],[13.729305663701622,0.5570687884967687],[13.727746398798654,0.558258859948878],[13.720352265802255,0.5636223446746188],[13.67905759499141,0.5920673371210222],[13.129783747636196,0.9959002389994868],[13.083509878034537,1.0325645994124195],[13.076158591235568,1.0381011207003967],[13.0745632457195,1.0392423699208069],[13.066949149643884,1.0444115116799366],[12.834920906723282,1.1937486097198158],[12.831021013868463,1.1961914863326217],[12.830182893471303,1.1967022690505957],[12.826224223998336,1.1990487017527276],[12.20423842630765,1.557479374794687],[12.200223364770645,1.559727950183043],[12.199361191006163,1.5601969930221624],[12.195292155928156,1.5623463566389457],[11.949743597122014,1.6882216108870067],[11.94145344151654,1.6922175845620961],[11.939666103439288,1.6930256685282985],[11.931238527346085,1.6965908563352725],[11.839448823131967,1.732806956825293],[11.240945020125839,1.9952757903678802],[11.236708273599941,1.997072116980318],[11.235800004968866,1.9974441289142073],[11.231520450409937,1.9991359395419586],[10.97405762540751,2.097281308650388],[10.965380427798197,2.1003473691884054],[10.963515484343633,2.100955286131882],[10.954719616456904,2.1035860723505544],[10.75707440859787,2.1574655404077494],[10.543880927490209,2.2236722163812366],[11.282748165315095,6.116810975036927]]]]}},{"type":"Feature","properties":{"layer":"road"},"geometry":{"type":"Polygon","coordinates":[[[157.40046069862993,-20.115326373688706],[157.36368197153413,-20.36260622574551],[157.32690324443834,-20.609886077802226],[157.29012451734255,-20.85716592985903],[157.25334579024675,-21.104445781915746],[157.21656706315116,-21.35172563397139],[157.1797883360552,-21.599005486029267],[157.1430096089594,-21.84628533808607],[157.1062308818636,-22.093565190142787],[157.06945215476782,-22.34084504219959],[156.99589470057623,-22.83540474631307],[156.95911597348044,-23.082684598369873],[156.92233724638464,-23.32996445042659],[156.88555851928885,-23.577244302483393],[156.84877979219306,-23.82452415454011],[156.81200106509746,-24.071804006595755],[156.7752223380015,-24.31908385865363],[156.7384436109057,-24.566363710710434],[156.7016648838099,-24.81364356276715],[156.66488615671412,-25.060923414823954],[156.6171454645526,-25.38190546686822],[156.5648093661181,-25.702170332600474],[156.5244904056161,-25.94889767487251],[156.4841714451145,-26.19562501714224],[156.44385248461248,-26.442352359414258],[156.3632145636091,-26.935807043954895],[156.32289560310707,-27.18253438622693],[156.28257664260548,-27.429261728496662],[156.24225768210346,-27.675989070768697],[156.20193872160186,-27.922716413038412],[156.16161976110007,-28.169443755309317],[156.12130080059805,-28.41617109758135],[156.04066287959466,-28.909625782121967],[156.00034391909264,-29.156353124394002],[155.96002495859105,-29.403080466663734],[155.91970599808903,-29.64980780893575],[155.87938703758743,-29.896535151205526],[155.83906807708564,-30.143262493476367],[155.79874911658362,-30.389989835748423],[155.75843015608203,-30.636717178018156],[155.71811119558,-30.88344452029019],[155.6777922350784,-31.130171862559923],[155.64746328965379,-31.31576643160057],[152.03993653618184,-30.712464371179866],[152.06807252671842,-30.540289342834487],[152.02775356621663,-30.78701668510536],[151.9874346057147,-31.033744027377004],[151.90679668471122,-31.527198711918025],[151.8664777242093,-31.773926054189655],[151.8261587637076,-32.02065339645978],[151.78583980320568,-32.26738073873144],[151.745520842704,-32.514108081001545],[151.7052018822022,-32.76083542327245],[151.66488292170027,-33.00756276554408],[151.6245639611986,-33.2542901078142],[151.58424500069665,-33.50101745008584],[151.54392604019498,-33.747744792355974],[151.50360707969318,-33.99447213462689],[151.46328811919125,-34.24119947689849],[151.42296915868957,-34.487926819168656],[151.38265019818763,-34.73465416144026],[151.34233123768595,-34.981381503710395],[151.30201227718416,-35.22810884598131],[151.26169331668223,-35.47483618825291],[151.22137435618055,-35.72156353052308],[151.1810553956786,-35.96829087279468],[151.14073643517693,-36.215018215064845],[151.10041747467514,-36.461745557335696],[151.0600985141732,-36.70847289960736],[150.97946059316973,-37.20192758414835],[150.9391416326678,-37.44865492642001],[150.89882267216612,-37.69538226869012],[150.85850371166418,-37.94210961096178],[150.7778657906607,-38.43556429550277],[150.73754683015878,-38.68229163777443],[150.6972278696571,-38.92901898004457],[150.65690890915516,-39.17574632231617],[150.5762709881517,-39.66920100685719],[150.53595202764976,-39.915928349128855],[150.49563306714808,-40.16265569139899],[150.45531410664614,-40.40938303367059],[150.37467618564267,-40.902837718211615],[150.33435722514074,-41.149565060483276],[150.29403826463906,-41.39629240275341],[150.25371930413726,-41.64301974502426],[150.21340034363533,-41.8897470872959],[150.17308138313365,-42.136474429566064],[150.1327624226317,-42.38320177183769],[150.05212450162824,-42.87665645637868],[150.0118055411263,-43.123383798650345],[149.97148658062463,-43.37011114092045],[149.9311676201227,-43.61683848319211],[149.85052969911922,-44.110293167733104],[149.8102107386173,-44.357020510004745],[149.7698917781156,-44.60374785227493],[149.72957281761367,-44.850475194546505],[149.6489348966102,-45.343929879087526],[149.60861593610827,-45.59065722135919],[149.5682969756066,-45.83738456362929],[149.5279780151048,-46.08411190590021],[149.48765905460286,-46.33083924817181],[149.44734009410118,-46.57756659044195],[149.40702113359924,-46.82429393271361],[149.36670217309756,-47.07102127498374],[149.32638321259577,-47.317748617254594],[149.28606425209384,-47.564475959526234],[149.24574529159216,-47.8112033017964],[149.20542633109022,-48.057930644067994],[149.16510737058854,-48.304657986338164],[149.12478841008675,-48.551385328609015],[149.08446944958482,-48.798112670880656],[149.04415048908314,-49.04484001315079],[149.0038315285812,-49.29156735542247],[148.96351256807952,-49.53829469769255],[135.65997427283338,-47.3642963474359],[135.70029323333517,-47.11756900516501],[135.7406121938371,-46.870841662893326],[135.7809311543388,-46.62411432062325],[135.82125011484072,-46.37738697835161],[135.8615690753424,-46.130659636081475],[135.9018880358442,-45.88393229381056],[135.94220699634613,-45.63720495153896],[135.9825259568478,-45.39047760926879],[136.02284491734974,-45.14375026699719],[136.06316387785142,-44.897022924727054],[136.10348283835322,-44.65029558245614],[136.14380179885515,-44.40356824018451],[136.18412075935683,-44.15684089791441],[136.22443971985876,-43.910113555642766],[136.26475868036044,-43.663386213372604],[136.30507764086224,-43.41665887110175],[136.34539660136417,-43.16993152883009],[136.42603452236764,-42.6764768442891],[136.46635348286958,-42.42974950201746],[136.50667244337126,-42.183022159747274],[136.5469914038732,-41.9362948174757],[136.62762932487666,-41.44284013293468],[136.6679482853786,-41.196112790663015],[136.70826724588028,-40.94938544839291],[136.7485862063822,-40.70265810612125],[136.8292241273857,-40.209203421580256],[136.86954308788762,-39.962476079308594],[136.9098620483893,-39.71574873703846],[136.95018100889124,-39.469021394766855],[136.9904999693929,-39.22229405249672],[137.0308189298947,-38.975566710225806],[137.07113789039664,-38.72883936795418],[137.1517758114001,-38.23538468341319],[137.19209477190205,-37.98865734114155],[137.23241373240373,-37.741929998871385],[137.27273269290566,-37.49520265659976],[137.35337061390914,-37.001747972058766],[137.39368957441107,-36.755020629787126],[137.43400853491275,-36.50829328751696],[137.47432749541468,-36.26156594524534],[137.55496541641816,-35.768111260704345],[137.5952843769201,-35.52138391843268],[137.63560333742177,-35.27465657616258],[137.6759222979237,-35.027929233890916],[137.75656021892718,-34.53447454934992],[137.7968791794291,-34.28774720707826],[137.8371981399308,-34.041019864808156],[137.87751710043258,-33.79429252253724],[137.91783606093452,-33.547565180265636],[137.9581550214362,-33.30083783799547],[137.99847398193813,-33.054110495723876],[138.0387929424398,-32.807383153453706],[138.0791119029416,-32.560655811182855],[138.11943086344354,-32.313928468911215],[138.15974982394522,-32.06720112664105],[138.20006878444715,-31.82047378436945],[138.24038774494883,-31.573746442099285],[138.28070670545063,-31.32701909982843],[138.32102566595256,-31.080291757556797],[138.36134462645424,-30.833564415286656],[138.40166358695618,-30.586837073015012],[138.44198254745785,-30.340109730744874],[138.48230150795965,-30.093382388474],[138.52262046846158,-29.846655046202343],[138.56293942896326,-29.599927703932234],[138.6032583894652,-29.35320036166059],[138.68389631046867,-28.85974567711957],[138.7242152709706,-28.61301833484794],[138.76453423147228,-28.366290992577813],[138.776042114682,-28.295869796094482],[138.6622515118547,-28.29614644020916],[138.66029212221594,-28.296054956101322],[138.3910536912227,-28.270198040570556],[138.3900792820619,-28.270080262932453],[136.63736331093122,-28.01444274661204],[136.632523877118,-28.014034855083693],[136.62767068096935,-28.01421646530979],[136.6256031289055,-28.014420045647586],[136.62364396489946,-28.01451624074167],[136.3482735334715,-28.014508884725533],[136.34631437460757,-28.014412584960635],[136.07178196750834,-27.987366098128785],[136.0708078507732,-27.9872459258712],[135.4026429323384,-27.888114781246557],[135.3989734880991,-27.8877422764895],[135.39528533186487,-27.887709346088354],[135.20368138059632,-27.894838707711145],[135.20171999520258,-27.894815374561535],[134.92074283379287,-27.87765924805886],[134.91879318005448,-27.87744377787736],[134.64085059493476,-27.832829684953747],[134.63893144908303,-27.832424152835998],[134.36622530194072,-27.760656779348274],[134.36528253538555,-27.760383766513797],[133.84822211912007,-27.596793773416838],[133.84488592875647,-27.595894774259765],[133.84148460189857,-27.595287039751693],[133.70302029160396,-27.57667643085616],[133.70109141144812,-27.576320062446626],[133.42260765751814,-27.510591455034447],[133.42072299565982,-27.510047739319287],[133.15002274725887,-27.417339451928825],[133.148200454022,-27.416613625187573],[132.8874439763351,-27.297614621038377],[132.88656133132102,-27.29718533958711],[132.18958368132587,-26.93679196532635],[132.18564923110551,-26.93501958077174],[132.171994154846,-26.929734508545422],[132.17020180937925,-26.928937592723564],[131.91415014962936,-26.799689284370253],[131.91244454620573,-26.798720525338712],[131.67029439476073,-26.644997131451916],[131.66869195927376,-26.643865858889782],[131.44238858131288,-26.466845275433602],[131.44163057440866,-26.466221760944677],[130.62801052135958,-25.762783745103306],[130.62728402191317,-25.762123788028426],[130.4194214079424,-25.563773997111912],[130.41807046313258,-25.562351841979904],[130.2309707616918,-25.344955247264313],[130.22976571762973,-25.343407524451056],[130.0648755449223,-25.108718776067768],[130.06382800684105,-25.1070603909901],[129.92273534536838,-24.857339669880115],[129.92185540163206,-24.855586593692593],[129.8407086170258,-24.671962769439165],[129.8386178446631,-24.66788184351758],[129.8360737683897,-24.66406700913517],[129.62263921936264,-24.380672826710523],[129.62206816451035,-24.379874552860045],[129.4659045054723,-24.149847085527664],[129.46488370907468,-24.14817210737431],[129.3322533181214,-23.9043769165107],[129.3314016137063,-23.902609948291516],[129.22330598177166,-23.64698864626613],[129.22263157171778,-23.645146704850138],[129.18614302918309,-23.5279756306292],[129.18469250104147,-23.52405305503363],[129.1828403390777,-23.520303371413295],[126.71887756070808,-19.12665784026456],[126.71690633279333,-19.123497381272003],[126.71464966764702,-19.120533987448535],[126.71212713371608,-19.117793355568345],[126.62764997421353,-19.034183894202886],[126.62632521001814,-19.03273731999959],[126.4458236406518,-18.815096306776965],[126.44521580382384,-18.81432567121042],[126.21396344346766,-18.505858794216678],[126.21183052843227,-18.503250301368972],[126.20948564272447,-18.500830575660956],[126.20694542559679,-18.498616787408004],[125.67827577915794,-18.07570743685596],[125.67752461421706,-18.07507569638926],[125.59226638406565,-17.999723633159192],[125.58883395772204,-17.99700945899703],[125.58512559274055,-17.994686460686474],[125.52057664262527,-17.95901185063909],[125.51665313784041,-17.957114686903637],[125.21513358842655,-17.8310931590238],[125.21191427147012,-17.829907098648413],[125.20860515998147,-17.829001271934494],[124.79142123271588,-17.733828511922017],[124.78767439360803,-17.733159472721383],[124.78388092775397,-17.732849579891305],[124.40200909260872,-17.71989305843649],[124.39894863031365,-17.719906370030866],[124.39589814394425,-17.720153634197544],[123.92704680653605,-17.776281212389698],[123.92260013519416,-17.777070301217115],[123.5332781315739,-17.86909422251041],[123.52842708024167,-17.870571146117637],[123.10298067118862,-18.030208857723],[123.0989048254657,-18.03200298173842],[122.76427677755535,-18.202132419231013],[122.76129069952526,-18.20381533343093],[122.32771860553946,-18.473277416386907],[122.323822907212,-18.476033737068857],[121.75134173497571,-18.934683918838576],[121.750560915823,-18.935278617280282],[121.63645697038129,-19.01783932792785],[121.63367964829455,-19.020042802400503],[121.6311083398397,-19.022483538059102],[121.4527930237664,-19.20744178441912],[121.45209466696484,-19.208131452863327],[121.25403135801278,-19.39435381862791],[121.25253808403362,-19.395625710888332],[121.2379686217238,-19.406849803834007],[121.23470694488279,-19.409654546216245],[121.23176532645869,-19.412793335265036],[116.94762474941066,-24.507531659820504],[116.94531827708711,-24.510555441936127],[116.94330939303217,-24.513784599367384],[116.83903034052081,-24.70066616480807],[116.83799165138207,-24.702330106505357],[116.68171926362055,-24.927291232793348],[116.68052248124718,-24.92884535281735],[116.5026342106759,-25.137779745006497],[116.50197978390376,-25.13851123006111],[116.32844569154781,-25.32315240726159],[116.32550477907857,-25.326664560365163],[116.32298470803568,-25.330489926689257],[116.30995579946003,-25.352971882290387],[116.30889017816699,-25.35461870600839],[116.14591386186225,-25.58127006852505],[116.14469195487541,-25.58280451318508],[115.96028469567408,-25.792390014975332],[115.9589182706257,-25.793797303036406],[115.75449706701808,-25.984633611584233],[115.75376338986383,-25.985285579849723],[115.06419062320828,-26.568412537671584],[115.06342583923389,-26.569027720780987],[114.84128375036067,-26.738908318541984],[114.83966903250565,-26.740021989654736],[114.6023628282294,-26.887052208382027],[114.60064672682445,-26.88800224683738],[114.35007173520265,-27.01106439934837],[114.34827077724246,-27.01184165575665],[114.27259420202306,-27.040183450506518],[114.26954349785206,-27.041472377301425],[114.2666098758324,-27.04300925402628],[114.01276902489128,-27.18969374171855],[114.01047841525374,-27.19112261836098],[113.92057381339004,-27.25151260250603],[113.91889382218402,-27.2525251273928],[113.67478911503079,-27.38376817391512],[113.67391349299514,-27.38421160467165],[113.01884746274979,-27.695991852859375],[113.0176222084095,-27.696600933987785],[112.8799469263149,-27.76800239078524],[112.87816343423677,-27.768818928050926],[112.62029391403425,-27.871892854919963],[112.61937385718915,-27.872234673858767],[111.8859687074701,-28.124404941026654],[111.88303046587576,-28.125546554743007],[111.84616520587606,-28.141569263931913],[111.84433005169049,-28.14226192995096],[111.58005091115892,-28.227449431763173],[111.57815670059989,-28.2279588858407],[111.30632041917139,-28.28693641599266],[111.30535641520632,-28.28712091840609],[110.70895366171527,-28.38616129226694],[110.70737917335411,-28.386455263445917],[110.4458333632139,-28.440728661048613],[110.44389551209903,-28.441032486912164],[110.16624700580337,-28.470695121824413],[110.16526879345747,-28.470775405019793],[109.2943697883012,-28.520771152097478],[109.29338881494535,-28.520803339983413],[109.22398920226726,-28.52137636695188],[109.2220640971027,-28.521438637814175],[109.15188302778431,-28.525402051157677],[109.14992155625586,-28.525416422724646],[109.08240880643162,-28.52259541070128],[109.08040860301155,-28.522561900304986],[109.01416981544774,-28.52310882859706],[109.01220992611317,-28.523028760533823],[108.94357738768322,-28.516840771099382],[108.94165544881436,-28.51671404880739],[108.87093321981322,-28.513758929087768],[108.86995387519738,-28.51369389902615],[108.14536311375464,-28.447684599674428],[108.14185622377332,-28.44751983224746],[108.06632236049941,-28.447289392041625],[108.0643635018133,-28.44718716803932],[107.78616966482575,-28.41893025673905],[107.78423025828391,-28.418636523246523],[107.50966434573272,-28.363150645084588],[107.50870735335894,-28.362932676322394],[106.76427162955133,-28.17404574995065],[106.762193049887,-28.173576900761994],[106.75994883988447,-28.173133154301336],[106.48822162829903,-28.105397602737632],[106.48634391985796,-28.104830339034116],[106.22210186433658,-28.010622126202133],[106.22118572926239,-28.01026993121183],[105.45813254705661,-27.69521993255209],[105.45723479689633,-27.69482320917862],[105.20349915871437,-27.575168384004154],[105.20176819757302,-27.574245697369193],[104.9614040612153,-27.430548569998553],[104.95977187423031,-27.429460662490815],[104.92297173209217,-27.402232683364062],[104.92015764802724,-27.400330006099622],[104.32294358608924,-27.032489437753924],[104.3221207687607,-27.03195435231263],[104.0912488686051,-26.873621048609408],[104.0896875962554,-26.872433611979872],[103.87582257597336,-26.692549404829457],[103.87438521071964,-26.69121465458097],[103.82993023307657,-26.645671782051966],[103.82702027907041,-26.642972534262476],[103.35054009610528,-26.243088696343616],[103.34980398748672,-26.242439474589023],[103.28842973269506,-26.185571654089575],[103.28656470601399,-26.183947778863434],[103.27399638003686,-26.173670004814134],[103.27254068165732,-26.172355273158672],[103.25151928504452,-26.151407381012707],[103.25047115939911,-26.150400207365912],[103.14519012150905,-26.052849480517146],[103.14381844657282,-26.051447308998075],[103.08863949345655,-25.989205038384064],[103.08694261499463,-25.98740617797906],[103.07509437714495,-25.975599369270483],[103.07441634827703,-25.974889706223802],[102.50672315229951,-25.350737122666935],[102.50608076166247,-25.349995045141004],[102.32887066611598,-25.134833452571954],[102.32769942999458,-25.1332599904509],[102.17270569891842,-24.902172644684924],[102.17169432887663,-24.9004919579988],[102.16990821949635,-24.89716441362854],[102.1676631576301,-24.89347484639018],[101.84061293426939,-24.41609419083418],[101.84007824786326,-24.415271114148027],[101.69430450050423,-24.178340362039716],[101.69335983575388,-24.176621296709616],[101.57172638912164,-23.926984539990613],[101.57095477105803,-23.925181159092745],[101.50970811712064,-23.76007306330769],[101.50798957060175,-23.756110667948487],[101.32469513652065,-23.38915012205226],[101.3242782323199,-23.388261563853817],[101.21329115344022,-23.135777233601967],[101.21259086488003,-23.133944974605555],[101.12703860299119,-22.872264525107457],[101.12652127929898,-22.870372448656887],[101.06703014427497,-22.60156647398885],[101.06670076756062,-22.59963280181403],[101.06169476795613,-22.55798716953489],[101.0608570115049,-22.553346691311784],[101.05947897397522,-22.548837047581124],[100.99169492559164,-22.36628907106928],[100.99137595005594,-22.365360847284652],[100.90995743840087,-22.108051630099265],[100.90945816094782,-22.10615471177641],[100.85375395257763,-21.842584533030504],[100.85344300979143,-21.840647811139696],[100.84314384741286,-21.74748678243016],[100.84245221303613,-21.743289300872785],[100.84131871099778,-21.739189010314217],[99.4953674259612,-17.716881291311516],[99.49420600767647,-17.71383027100879],[99.4927996558489,-17.710884122360653],[99.39986970508575,-17.535046160264525],[99.3990393689347,-17.533269050539158],[99.2971858221745,-17.284074357588555],[99.2968368823667,-17.283156977734393],[98.70770479253227,-15.61198051859415],[98.7060214443706,-15.607929072950533],[98.70390452360948,-15.604086350045137],[98.70030743895391,-15.598328396143067],[98.69935105317367,-15.596615824002344],[98.57790055051294,-15.35161910221146],[98.5774863336572,-15.350729288084228],[98.39896518688121,-14.94125701820221],[98.3976890259521,-14.938601414455622],[98.39622085299308,-14.93604695049262],[98.34577021377513,-14.855304891584183],[98.345270700684,-14.854460006113895],[98.06889941358668,-14.359671481052404],[98.06669434946303,-14.35616377414513],[97.84668549887644,-14.043396339466758],[97.84352613986906,-14.039458683117319],[97.46546714812376,-13.624846268395984],[97.46326593152783,-13.622614515578526],[97.46089671391032,-13.620561984696582],[97.14029236542656,-13.364096484510977],[97.13755338899713,-13.36208999013907],[97.13465411731505,-13.360323005345997],[96.8893929678463,-13.224774426511512],[96.8854694574282,-13.222877278088264],[96.42817205637205,-13.031749647887134],[96.42470031411584,-13.030483638176282],[96.42112655269736,-13.029543423198033],[96.05110301002118,-12.95026940536317],[96.04788501142444,-12.949716272348558],[96.04463261976795,-12.949427447811317],[95.60106262491941,-12.928233014549182],[95.59772576275657,-12.928212921276259],[95.59439883710277,-12.92847102692819],[95.16367375782947,-12.98003589908835],[95.15867188077989,-12.980960434622046],[94.75513090948225,-13.082455446532697],[94.75130100663857,-13.08362541485815],[94.31814767845574,-13.240051106058573],[94.3136059095854,-13.242016781702674],[93.97253400578586,-13.415423769071023],[93.96954793413596,-13.417106692514368],[93.57719833787938,-13.66095104374372],[93.57330264923026,-13.663707376512313],[92.97674555395042,-14.141649434953608],[92.97596473671727,-14.142244135915163],[92.83310198579697,-14.245614184599367],[92.83057299362368,-14.24760382605158],[92.82821211370866,-14.249790311941723],[92.63042994659244,-14.448326293188813],[92.62972038570304,-14.44900442896316],[92.42831180156078,-14.632249515049827],[92.42679789246553,-14.633496774585721],[92.42075139429066,-14.637999015050035],[92.41709214542688,-14.641080352523618],[92.41382691873187,-14.644576498616608],[88.46044772867481,-19.420715044447732],[88.45704851190864,-19.425496364493842],[88.38992992603228,-19.53630012112412],[88.38883255653857,-19.53792596161261],[88.22712317070604,-19.753850879910015],[88.22587172511136,-19.755361330512173],[88.04344520891985,-19.954758517060426],[88.04276511152081,-19.955466198000465],[87.97445227698631,-20.023143915721786],[87.97200287832709,-20.025800266832324],[87.96980318131963,-20.02866681320203],[87.96861883231969,-20.03036373004694],[87.8007483521374,-20.2473646934523],[87.79947346048984,-20.24885540750447],[87.61080442647678,-20.448714341978054],[87.61011335550624,-20.449411310914567],[86.99085872929065,-21.044027548626588],[86.99013429210018,-21.04468976878855],[86.78278414982826,-21.225093528682688],[86.78124293098175,-21.22630688006028],[86.55760884269046,-21.385233626675404],[86.55595611600178,-21.386290069570464],[86.54037568392208,-21.39520393525124],[86.53584646933595,-21.398221764587923],[86.33183840920717,-21.55519628923828],[86.32749482037985,-21.55907309133877],[86.29736159384838,-21.590193631929928],[86.29592961876651,-21.59153416334056],[86.08620490856865,-21.76938381987897],[86.08464843378252,-21.770577538162122],[85.85809745022962,-21.927293539106316],[85.85727679575913,-21.92783193582306],[85.08037721055089,-22.410674771850957],[85.07953112671977,-22.411172252439055],[85.04952513940245,-22.427838019483346],[85.04795948654356,-22.428796294559138],[85.04795069805647,-22.428781712723936],[85.04542970322062,-22.430301118909078],[85.03506049634959,-22.43587617341581],[85.0345804999103,-22.436138492242414],[84.83871019381877,-22.544927743457237],[84.83695074337524,-22.545794871610937],[84.80590629254395,-22.559244084992397],[84.80337102146207,-22.560472095335594],[84.8033657391332,-22.56046166465237],[84.80205217637065,-22.561126881910763],[84.11605909462394,-22.887629706008077],[84.11483384071458,-22.888238791989554],[84.00784354689496,-22.943726786104833],[84.0060600575428,-22.9445433293245],[83.74998814155775,-23.046899720985355],[83.7490680858536,-23.04724154299574],[82.89420580609278,-23.341176198419177],[82.89327008622527,-23.341472463696217],[82.62839854570207,-23.418236544430854],[82.62649002591795,-23.418689456489513],[82.35585248376714,-23.469032144590102],[82.35390876088269,-23.469295808101897],[82.25589238456168,-23.477720227533506],[82.25247486605956,-23.478162950413378],[82.23885670733421,-23.480527483612278],[82.23732496463668,-23.480824326152042],[82.06013848424836,-23.518761743639082],[82.0591739814348,-23.518943620267944],[81.6822254571481,-23.58048647625178],[81.68054335497496,-23.580798173397948],[81.58542827423453,-23.60053585838876],[81.58349042417606,-23.60083969098979],[81.30919169222732,-23.630145416637443],[81.30821348016067,-23.630225703233844],[80.79217937507374,-23.65985150153131],[80.78828121970017,-23.660267723787594],[80.57827958088987,-23.693166095978125],[80.57632913010947,-23.69337422779153],[80.2990095290105,-23.709259774905526],[80.29704806969846,-23.709275726899513],[80.01901614774653,-23.697882601396756],[80.01803675105157,-23.697818360451198],[79.41030682762324,-23.6429486338644],[79.40683188933826,-23.64278677702096],[79.20236802544564,-23.642163741342728],[79.2004091663862,-23.642061524494345],[78.9220978671368,-23.613793709132764],[78.92015845952228,-23.613499982723123],[78.64547671875191,-23.557991741448735],[78.64451972558204,-23.55777377618155],[77.90526253664076,-23.370203681800913],[77.9012491769556,-23.36940139953898],[77.89764812921038,-23.368871436165115],[77.89572385946968,-23.368490958748822],[77.62383340752984,-23.300715787386835],[77.62195569698224,-23.300148530656102],[77.35755506996018,-23.205884890170793],[77.3566389335785,-23.20553269858266],[76.59358424052867,-22.890485392731684],[76.59268648889551,-22.890088672692123],[76.33879847563793,-22.770363144038537],[76.33706751107039,-22.769440463831508],[76.09655866445318,-22.62565803650402],[76.09492647342859,-22.62457013505753],[76.02702822715538,-22.574333435774946],[76.02439750851666,-22.57254439537364],[75.45500845543013,-22.217595086107842],[75.45418853381021,-22.21705557399255],[75.22422010673445,-22.057512795108675],[75.222665256562,-22.056316961491444],[75.00981619925741,-21.87531967963748],[75.00838604830517,-21.8739772023186],[74.95766949747471,-21.821456206830437],[74.95460926283786,-21.81860219067445],[74.49720691275834,-21.434732296829296],[74.49647080167517,-21.434083077868685],[74.29205377370938,-21.24467691100039],[74.29068209345076,-21.24327474468813],[74.1061401883005,-21.035111691261502],[74.10491254938948,-21.033581828586954],[74.08681094602477,-21.008605571967937],[74.08401356971243,-21.005164682318785],[73.65894533812742,-20.53782525976004],[73.65830294467159,-20.537083184674024],[73.48170963693737,-20.32267213142983],[73.48053839483944,-20.321098673757657],[73.32608491740429,-20.09081870800305],[73.32507354097862,-20.089138025158515],[73.32420564147219,-20.08752113213728],[73.32174437476007,-20.083519203602847],[73.00150458213169,-19.6254745451181],[73.0009620999369,-19.624656585551307],[72.85354239454908,-19.390073874512677],[72.85258143986815,-19.388363861880954],[72.72908399696934,-19.140900444256097],[72.72829528009594,-19.139104475772807],[72.72722306521015,-19.136296128772717],[72.72507574207042,-19.131604756088947],[72.4715781036457,-18.66065398819336],[72.471134253809,-18.659778578513098],[72.35236499488548,-18.41054587855619],[72.35160906847892,-18.408735864090655],[72.25800756916587,-18.149523721825844],[72.25743269519337,-18.14764832932978],[72.18968914560698,-17.88050981308697],[72.18930086041922,-17.87858710361541],[72.18362774807848,-17.84109597638312],[72.18267124305423,-17.83656585204599],[72.18119766237403,-17.83217660514587],[72.0954493540464,-17.618613051827467],[72.09510610971039,-17.617693525802135],[72.00675873571251,-17.36203561157682],[72.00620980989966,-17.36015246061363],[71.96423056400995,-17.18446642059171],[71.963197195653,-17.180887908608067],[69.79040220900517,-10.789481279888406],[69.7887061653819,-10.785287139856162],[69.78654736238009,-10.781311345070026],[69.779022814304,-10.769148600889372],[69.77807392324053,-10.767431864786348],[69.65776273977878,-10.522043871030087],[69.65735241622002,-10.521152254878537],[69.53486984560219,-10.236829223808165],[69.53350060298833,-10.233968542143877],[69.53190902720443,-10.231225330259218],[69.4323289855733,-10.074274473410469],[69.4318236585441,-10.073433052363008],[69.07207218116228,-9.439673202308926],[69.07018364198406,-9.436665596089272],[68.89828113194585,-9.188127952749314],[68.89469259363862,-9.183661055241148],[68.5765943107294,-8.841158214406903],[68.57450714648766,-8.839070963261841],[68.57227174352292,-8.837143310414504],[68.22239479406268,-8.557263551769177],[68.21985357029445,-8.555390275795329],[68.21717252603143,-8.553723247668932],[67.98640896791287,-8.42257273333934],[67.98206945875481,-8.420442447403516],[67.45230679601976,-8.199030248822135],[67.44904371537862,-8.19783022015978],[67.44568875445461,-8.19691807912935],[67.05041014504515,-8.107700357977325],[67.04670734699725,-8.107045790841086],[67.04295944500713,-8.10674181355272],[66.69429706929913,-8.094914520490997],[66.688502881807,-8.095138497013055],[66.6466652187256,-8.09980931999051],[66.64470747479993,-8.099931040244899],[66.57680688419927,-8.1008142339127],[66.57321681682353,-8.101022594129713],[66.28703684209505,-8.13058630009407],[66.28150232188806,-8.131554751628228],[66.11452472591735,-8.173040547530931],[66.11160267244088,-8.173885710382047],[66.10875329243997,-8.174950478138236],[66.0816532306615,-8.186269446205905],[66.08073854281737,-8.186625382903577],[65.40499722859317,-8.43066000360364],[65.40045546825101,-8.432625693434085],[65.01066857119251,-8.630801857636829],[65.00728374281479,-8.632735890719804],[64.70047206045749,-8.828467919786588],[64.69598999342841,-8.831788636587323],[64.66640501746465,-8.857085793562625],[64.66564361256862,-8.857705154014885],[64.01179641613214,-9.363423702387635],[64.01100553780489,-9.364004956425479],[63.923968949887644,-9.424739873325668],[63.921173379114705,-9.42687955514715],[63.91857676824355,-9.42925675228401],[63.71156286158295,-9.63624349521066],[63.710851967731365,-9.636920233503686],[63.508906421799274,-9.81992887399618],[63.50739006146178,-9.821173152271122],[63.44570454620739,-9.866915975072382],[63.4421233967948,-9.869910712940287],[63.43891554950899,-9.87330229101011],[59.15942200812178,-14.962581190839266],[59.15711692488756,-14.96560300355612],[59.155109042101785,-14.968829947548668],[59.09875174833167,-15.069802443208799],[59.09771286937776,-15.071466266401703],[59.0488901998698,-15.141731584778817],[59.04699504133943,-15.14473542849204],[58.91395773038983,-15.377939502382075],[58.912903335996226,-15.37959353671096],[58.75427340701368,-15.60339668173287],[58.753061966102344,-15.604939402711132],[58.57325933931403,-15.812116422408565],[58.571902518723164,-15.813532972789863],[58.37230213519383,-16.0024261635517],[58.37157290992035,-16.003083107449918],[57.97402804347606,-16.34392598209934],[57.9732674618768,-16.34454635329189],[57.75611343836454,-16.512965712908034],[57.75450633343069,-16.51409034210507],[57.65926778237102,-16.5739986140502],[57.655142529361626,-16.57697573154241],[57.34092665745063,-16.835657158995758],[57.340153825604666,-16.83626220091431],[57.12151296954058,-16.99894001254942],[57.1198837025846,-17.000032288286],[56.886771243234826,-17.140243113463203],[56.88504275990035,-17.14117043350574],[56.73864033382914,-17.210689821531098],[56.73546627650827,-17.212375769248812],[56.571870343843216,-17.308935737988456],[56.5690170471926,-17.310787811677184],[56.56633143026324,-17.31287561924342],[56.562050011791825,-17.316506349888698],[56.56049354097114,-17.31770007334216],[56.33596344927504,-17.473019230829898],[56.33514279659281,-17.47355763027287],[56.159219363988,-17.58289479574722],[56.158373281809084,-17.58339227914609],[55.91970042421962,-17.71595573493142],[55.9179409766564,-17.71682286892982],[55.802198832614025,-17.766965645717995],[55.80090931410574,-17.76755163191546],[55.37484709022113,-17.970340413035842],[55.37023006681222,-17.972925553938868],[55.337185601129065,-17.994415757244102],[55.33549073830302,-17.995403186786007],[55.09264040821828,-18.1213528183115],[55.090856921600015,-18.122169367502817],[54.83637479058307,-18.22389128271875],[54.83545473602353,-18.224233107809685],[54.203467356530346,-18.44153713423264],[54.19937893249068,-18.44320042275487],[54.14661486945104,-18.468142638583057],[54.144802502492944,-18.468892907273503],[53.88609060161087,-18.561401266278367],[53.88421342250356,-18.561970279193527],[53.61720353036663,-18.628794200678644],[53.61624583309367,-18.62900905113405],[53.23818059667766,-18.704129772993703],[53.2372135107807,-18.70429737267446],[53.1933928333811,-18.710788311382494],[53.19180639306249,-18.711056011622535],[53.077276316709494,-18.732759557491217],[53.076307783383704,-18.73291857944538],[52.72975846422216,-18.781116389438218],[52.72714105780013,-18.78156946643203],[52.668642828016495,-18.79370886507572],[52.66670497901806,-18.794012704438305],[52.39243261107792,-18.823316581303533],[52.391454399291234,-18.823396871313122],[51.843065036680215,-18.85488212226742],[51.83923089921854,-18.855288382335708],[51.65657716020639,-18.883600115101807],[51.654626375583085,-18.88380509425265],[51.37762591691174,-18.89922323368518],[51.37566443437937,-18.899236015475214],[51.097995965196574,-18.887408221459257],[51.097016673609566,-18.887342397660433],[50.54069538897172,-18.83620756023726],[50.536976573294176,-18.836039693821004],[50.31608562651464,-18.83635782332499],[50.314126328494424,-18.836264397597613],[50.03569099154797,-18.809245748619066],[50.03375028540587,-18.808960727973105],[49.75882223287866,-18.754685641002013],[49.75786427125679,-18.754471972295384],[48.995391707721375,-18.564649138113346],[48.991552280894716,-18.56389058766683],[48.980902813034696,-18.562323354350223],[48.97897854187709,-18.56194288410044],[48.70708784357668,-18.494168726838666],[48.70521013091647,-18.49360147710102],[48.44080915870704,-18.399338823407867],[48.43989302101333,-18.398986635231527],[47.676836815145094,-18.083942031027345],[47.6759390620342,-18.083545314331136],[47.42205060852889,-17.96382073388375],[47.42031964052497,-17.96289806012326],[47.17981026377782,-17.81911653171457],[47.17817806870139,-17.818028636346657],[47.12198652814197,-17.776453843290604],[47.119355801108874,-17.774664811607394],[46.53764612955953,-17.412038047681257],[46.53682620590281,-17.41149853866139],[46.306763864265335,-17.251891892238234],[46.30520900957833,-17.25069606449103],[46.09227275125084,-17.06962601598844],[46.090842595230335,-17.06828354406873],[46.04546022282736,-17.021286866863274],[46.0423999765469,-17.01843286153129],[45.57919517315427,-16.629696325302096],[45.57845905960181,-16.629047109141467],[45.37390038353296,-16.439511141802],[45.372528697941036,-16.43810898070714],[45.187858550830654,-16.22980286665304],[45.186630906100596,-16.22827300864797],[45.167275027443104,-16.201566340025305],[45.164477637940415,-16.198125460903693],[44.740918095286084,-15.732448321879803],[44.74027569900489,-15.731706249239712],[44.563574425389476,-15.517165773604107],[44.56240317730064,-15.51559232039128],[44.407854941034955,-15.285172971901138],[44.40684355821011,-15.283492292907225],[44.389635054130565,-15.25143321726769],[44.387363420474784,-15.247704971737997],[44.07173961313578,-14.788167594485936],[44.07120395528233,-14.787345149686042],[43.92576527344547,-14.551583152945044],[43.924818579625715,-14.549865204194237],[43.812547886689735,-14.320133537192472],[43.81183150578759,-14.31873773244533],[43.555571853609564,-13.842659956146218],[43.555128000479485,-13.841784548136422],[43.43639082860805,-13.592621595560855],[43.43563489539138,-13.590811583939152],[43.34205849392143,-13.331671997656981],[43.34148361289292,-13.329796607323743],[43.273757928566646,-13.062732757705176],[43.273369636144906,-13.060810049694636],[43.266355876947834,-13.014460350446905],[43.26542594755309,-13.01002832504383],[43.26400101786843,-13.005729814459164],[43.18224083122525,-12.799070130460697],[43.18190226068119,-12.798148873291604],[43.094853329334555,-12.54204288704691],[43.09431397326669,-12.540156972910347],[43.03289867629226,-12.277230094430049],[43.032546769281836,-12.27530039534605],[43.032082862727265,-12.271787382469174],[43.03138053668241,-12.267933848103473],[43.030304672087,-12.264167483230915],[40.902881901687984,-5.996443413067571],[40.90143716175056,-5.992787854705224],[40.89964060891027,-5.989291745679557],[40.833987828236346,-5.875640353797013],[40.83309118443896,-5.873895760148414],[40.72036329876114,-5.625257660169013],[40.71998007312478,-5.624354065737695],[40.62129629310876,-5.374803905725427],[40.61994601811296,-5.371765194912587],[40.61834801843499,-5.368849135414297],[40.517672121847156,-5.201989179295562],[40.51718584834291,-5.201136605038146],[40.23327922507711,-4.673697592807582],[40.2309552563818,-4.66990243579125],[40.025264595465536,-4.372516092790411],[40.02167603973798,-4.368049208290831],[39.69495686333117,-4.016266759514701],[39.6927752906934,-4.014092117906351],[39.69043284642854,-4.012091797890778],[39.35115953588799,-3.7442568950357455],[39.34851495260912,-3.7423391169338256],[39.34572269657801,-3.740643534490019],[39.20636737146815,-3.6636273376797854],[39.20361504082544,-3.6622418390858904],[39.20076422465902,-3.661072318882669],[39.14002402358273,-3.6388469672562964],[39.139110844216546,-3.638487178109536],[38.64963648928142,-3.4316194119985024],[38.64650506361032,-3.4304476719491537],[38.643286720773574,-3.4295415423436],[38.23654737654609,-3.333172276746773],[38.23209118315839,-3.3323796290181558],[38.22757397047688,-3.3320954820133584],[37.79664993342542,-3.3294179367952084],[37.79164641769923,-3.32970079324274],[37.35779083473062,-3.3816434764484313],[37.35334417880415,-3.38243260953671],[36.98899254344798,-3.4685581985959404],[36.984280612311096,-3.4699832685452696],[36.58720661266331,-3.6173005095563986],[36.58299169077763,-3.6191465723630953],[36.20571621591444,-3.81096321661731],[36.202730156879426,-3.812646158725326],[35.76564065127884,-4.084300213790633],[35.76121461753549,-4.087488987513995],[35.26762074441351,-4.497004169630172],[35.26685021890224,-4.497612145963072],[35.08478606415676,-4.63415403225708],[35.08242631509329,-4.636068006454677],[35.08021865300809,-4.638155574654566],[34.90588010410009,-4.816029135221442],[34.90517608272993,-4.816713020223366],[34.85524565676545,-4.862888493898841],[34.85163088178091,-4.866701426343887],[30.445473013723127,-10.17278147712664],[30.44209718259047,-10.17750663956767],[30.306828807975705,-10.399280039563426],[30.305726461296697,-10.400902509562615],[30.140523030126037,-10.620089749957303],[30.139266961678015,-10.621596358450835],[29.953042352756515,-10.82389666433439],[29.952360089884404,-10.824602257814004],[29.693132268295045,-11.079850659679266],[29.690309300641317,-11.082937215023827],[29.687824088576637,-11.086301689910435],[29.685569675461394,-11.08971358042247],[29.684409329453565,-11.091295090536509],[29.509001579658833,-11.307289750120034],[29.507691805935362,-11.308749911033168],[29.311957513540904,-11.506511531266899],[29.310510925938804,-11.50783628083126],[29.095957145166516,-11.685773777228372],[29.09518650345251,-11.686381606261724],[28.40606823088214,-12.202990943255646],[28.405268692682796,-12.203560226535647],[28.174307122454156,-12.359610957214171],[28.172629884808096,-12.360628036846],[27.927916677226982,-12.493055442212047],[27.926147824701587,-12.493903226289753],[27.88428250645693,-12.511497650627346],[27.88124360296789,-12.512927734613614],[27.878335382186588,-12.514607712741656],[27.550581717778442,-12.72276421188509],[27.547147399829264,-12.725208469316781],[27.532072217944755,-12.737182829225993],[27.530478257280773,-12.738326011845116],[27.298469504414495,-12.888048693445166],[27.296771167615628,-12.889030135861406],[27.050767507459206,-13.015515563271663],[27.04988387473225,-13.0159428079195],[26.602704808575794,-13.218772929044444],[26.600007787895688,-13.220121019780114],[26.597419975484197,-13.221668435724016],[26.59143647722505,-13.225559784145911],[26.589741617681796,-13.226547219322207],[26.343193274005596,-13.354415794247801],[26.34140979010204,-13.355232349368148],[26.083059363701256,-13.458501500545914],[26.08213931027824,-13.45884332869546],[25.227278198361233,-13.752783961205534],[25.2263424804705,-13.75308023272639],[24.95911393510455,-13.830529344716162],[24.957205418342696,-13.830982269509787],[24.68415507556771,-13.881775660157018],[24.68221135444272,-13.882039336638691],[24.620519389687082,-13.887342120244254],[24.61732153438857,-13.887747354620268],[24.235953758901246,-13.951780639089995],[24.23064978155599,-13.95304813723172],[24.19058148047962,-13.965565373886244],[24.18868274592595,-13.96605769917866],[23.915732056732953,-14.022700694601701],[23.91379420878791,-14.023004540682063],[23.636117600072332,-14.052673107879441],[23.635139388564127,-14.052753401280109],[22.81360529652694,-14.099923853065148],[22.813189648173523,-14.099949890152951],[22.654249745563348,-14.110737156711995],[22.652288563560983,-14.110773793474626],[22.372786550769067,-14.102271908507962],[22.37180653105105,-14.102217999905315],[21.585336990000094,-14.039564793693545],[21.582652048739448,-14.03944148839597],[21.518412317847787,-14.038652002961225],[21.516454487107723,-14.038531687159443],[21.238533585248533,-14.007705997608689],[21.23659697500946,-14.007394360189991],[20.96255538673273,-13.949374383160645],[20.961600448816277,-13.949147582894126],[20.24166748507468,-13.759381845401192],[20.237295934963555,-13.758486949211388],[20.231254865047916,-13.757597935508953],[20.229330592482594,-13.757217472378876],[19.957373476754885,-13.689427828003916],[19.955495761995905,-13.688860585213728],[19.691030209569604,-13.594576010647097],[19.690114070572964,-13.594223825860478],[18.927056358279692,-13.279181904232894],[18.926158603701,-13.278785190858347],[18.67220802957158,-13.15903246512432],[18.67047705815386,-13.15810979776835],[18.429908619563154,-13.01429416915491],[18.428276420461607,-13.01320627982607],[18.357280528618773,-12.96067850355824],[18.354466417781342,-12.958775854198683],[17.793409441097094,-12.61321417548051],[17.792586617721444,-12.612679099338445],[17.56181039206973,-12.454415244550686],[17.560249106300272,-12.453227825566035],[17.346472496211373,-12.273422106409853],[17.345035115872946,-12.272087372405863],[17.16615519524431,-12.088834075190563],[17.16355484272506,-12.086397400872043],[16.808933860128988,-11.78260345745584],[16.80820437078546,-11.781946806800551],[16.606687206666653,-11.591393182567227],[16.605329816651636,-11.589977177819392],[16.423782539116637,-11.380959713305055],[16.422570478041603,-11.379417479519494],[16.26238469442047,-11.153611746248462],[16.26132963509624,-11.151958135979722],[16.226629906478486,-11.091188986442026],[16.22414548330273,-11.08736270947121],[16.221241532507758,-11.083844212099605],[16.050248508221355,-10.899209881525547],[16.049599467667193,-10.898473613134346],[15.875305589121782,-10.69069051621426],[15.874120245142642,-10.689127654496177],[15.721309127348484,-10.4656666369517],[15.720282678360936,-10.463995116812837],[15.665874299620048,-10.364783968244609],[15.663782162128973,-10.361383441143087],[15.661361448316848,-10.35820841854639],[11.152154338448248,-5.019150780174321],[11.149961832202814,-5.016758750138139],[11.147582656602763,-5.014552301680918],[10.983717190904452,-4.874507523146181],[10.982290369971379,-4.873161507127058],[10.794493595850344,-4.677716500974927],[10.793831129014116,-4.67699228935116],[10.696662781765957,-4.565386966772504],[10.69456091567506,-4.563151998788554],[10.692293933646944,-4.56108470213893],[10.525151680311675,-4.420016901806526],[10.524417380825136,-4.419365634542471],[10.081896236555828,-4.007042670701939],[10.07832082811366,-4.004079659207827],[9.79573632741252,-3.7963365569561405],[9.792015511101592,-3.793907511321553],[9.391448413534807,-3.5630734072111454],[9.387541319065141,-3.561098382147206],[8.98320155497841,-3.383778562788192],[8.97899759000966,-3.38220976750659],[8.620210670963054,-3.2708122582674783],[8.616114656585124,-3.2697742084808006],[8.061414796230345,-3.1600079470184563],[8.060456931037816,-3.1597938464390944],[7.841218177705836,-3.1051078566143366],[7.835905770456627,-3.10415795630528],[7.662802013180786,-3.085139510595716],[7.661829306975105,-3.085008409784864],[7.394387990310054,-3.042256046852685],[7.392468584486555,-3.0418517469843525],[7.268024908370503,-3.009187642372356],[7.263772999704123,-3.0083150757090356],[7.259451578959169,-3.007908353894703],[6.99562625705872,-2.9974664924893104],[6.970667425920014,-3.1511274702169803],[6.930585740874685,-3.397893469746758],[6.890504055829357,-3.6446594692765237],[6.850422370784029,-3.891425468806297],[6.810340685738701,-4.138191468336067],[6.770259000693373,-4.384957467865841],[6.730177315648046,-4.631723467395612],[6.690095630602718,-4.878489466925381],[6.650013945557388,-5.1252554664551555],[6.609932260512061,-5.372021465984924],[6.569850575466733,-5.618787465514701],[6.529768890421406,-5.865553465044466],[6.489687205376078,-6.112319464574237],[6.44960552033075,-6.3590854641040115],[6.409523835285422,-6.605851463633781],[6.3694421502400935,-6.852617463163555],[6.329360465194766,-7.099383462693326],[6.289278780149438,-7.346149462223092],[6.249197095104109,-7.592915461752872],[6.169033725013454,-8.086447460812408],[6.128952039968125,-8.333213460342185],[6.088870354922799,-8.579979459871952],[6.048788669877471,-8.826745459401723],[6.008706984832142,-9.073511458931495],[5.968625299786813,-9.320277458461272],[5.928543614741487,-9.567043457991037],[5.848380244650831,-10.06057545705058],[5.8082985596055,-10.307341456580362],[5.7281351895148465,-10.800873455639893],[5.6880535044695195,-11.047639455169664],[5.647971819424191,-11.294405454699437],[5.607890134378861,-11.541171454229213],[5.527726764288207,-12.034703453288751],[5.4876450792428795,-12.281469452818522],[5.44756339419755,-12.5282354523483],[5.407481709152223,-12.775001451878065],[5.367400024106896,-13.021767451407836],[5.327318339061566,-13.268533450937614],[5.2872366540162385,-13.51529945046738],[5.2471549689709125,-13.762065449997145],[5.207073283925581,-14.008831449526934],[5.006664858698944,-15.242661447175777],[4.966583173653612,-15.489427446705559],[4.806256433472304,-16.476491444824635],[4.766174748426975,-16.723257444354406],[4.686011378336319,-17.21678944341395],[4.64592969329099,-17.463555442943733],[4.565766323200336,-17.957087442003264],[4.525684638155008,-18.203853441533035],[4.365357897973697,-19.19091743965212],[4.2851945278830375,-19.684449438711674],[4.124867787701728,-20.671513436830747],[4.0847861026564,-20.918279436360518],[3.9645410475204166,-21.658577434949834],[3.9244593624750865,-21.905343434479615],[3.88437767742976,-22.152109434009375],[3.683969252203121,-23.385939431658233],[3.6438875671577926,-23.632705431188004],[3.6038058821124612,-23.8794714307178],[3.443479141931151,-24.866535428836876],[3.4033974568858225,-25.113301428366647],[3.323234086795167,-25.606833427426192],[-8.482051330709098,-23.689325614857704],[-8.401887960618442,-23.195793615798163],[-8.361806275573114,-22.949027616268392],[-8.201479535391803,-21.961963618149305],[-8.161397850346471,-21.715197618619513],[-8.121316165301145,-21.46843161908975],[-7.920907740074505,-20.23460162144089],[-7.880826055029177,-19.98783562191112],[-7.840744369983847,-19.741069622381335],[-7.720499314847865,-19.000771623792033],[-7.6804176298025375,-18.754005624262263],[-7.520090889621226,-17.766941626143176],[-7.439927519530567,-17.273409627083623],[-7.279600779349257,-16.28634562896455],[-7.23951909430393,-16.03957962943478],[-7.159355724213274,-15.546047630375234],[-7.119274039167944,-15.299281630845453],[-7.03911066907729,-14.805749631785922],[-6.999028984031962,-14.558983632256151],[-6.83870224385065,-13.571919634137064],[-6.798620558805319,-13.325153634607283],[-6.5982121335786825,-12.091323636958435],[-6.558130448533353,-11.844557637428654],[-6.518048763488029,-11.597791637898899],[-6.477967078442699,-11.351025638369121],[-6.437885393397369,-11.104259638839345],[-6.397803708352043,-10.85749363930958],[-6.357722023306715,-10.610727639779807],[-6.317640338261386,-10.36396164025003],[-6.27755865321606,-10.117195640720265],[-6.197395283125402,-9.623663641660722],[-6.157313598080074,-9.376897642130945],[-6.117231913034747,-9.130131642601178],[-6.07715022798942,-8.883365643071407],[-5.996986857898763,-8.389833644011864],[-5.956905172853433,-8.143067644482082],[-5.876741802762779,-7.649535645422551],[-5.836660117717452,-7.40276964589278],[-5.796578432672122,-7.156003646363002],[-5.756496747626795,-6.909237646833237],[-5.7164150625814685,-6.662471647303466],[-5.676333377536139,-6.415705647773693],[-5.63625169249081,-6.168939648243917],[-5.556088322400155,-5.675407649184379],[-5.516006637354827,-5.428641649654603],[-5.4759249523095,-5.18187565012484],[-5.435843267264172,-4.935109650595063],[-5.395761582218842,-4.688343651065291],[-5.4102683912942355,-4.77765594513248],[-9.923379694318045,-4.046210191615247],[-9.9086181816193,-3.9553297949563326],[-9.868536496573974,-3.7085637954265662],[-9.828454811528644,-3.46179779589679],[-9.788373126483316,-3.2150317963670227],[-9.748291441437988,-2.968265796837251],[-9.708209756392659,-2.721499797307471],[-9.668128071347333,-2.4747337977777093],[-9.628046386302003,-2.227967798247933],[-9.587964701256677,-1.981201798718167],[-9.54788301621135,-1.7344357991883905],[-9.50780133116602,-1.4876697996586186],[-9.467719646120694,-1.2409038001288526],[-9.427637961075368,-0.9941378005990784],[-9.387556276030038,-0.7473718010693096],[-9.347474590984708,-0.5006058015395283],[-9.307392905939384,-0.2538398020097692],[-9.267311220894054,-0.007073802479991009],[-9.227229535848728,0.23969219704977385],[-9.187147850803397,0.48645819657955336],[-9.14706616575807,0.7332241961093271],[-9.106984480712741,0.9799901956390866],[-9.066902795667414,1.2267561951688686],[-9.026821110622087,1.47352219469863],[-8.983138498768904,1.7424575791225159],[-8.93831143025613,2.011204570737968],[-8.897179630544366,2.257797707407497],[-8.856047830832608,2.504390844076992],[-8.814916031120871,2.7509839807463754],[-8.773784231409143,2.997577117415725],[-8.73265243169738,3.2441702540852537],[-8.691520631985622,3.490763390754749],[-8.650388832273885,3.737356527424132],[-8.609257032562157,3.9839496640934815],[-8.568125232850393,4.23054280076301],[-8.526993433138635,4.4771359374325055],[-8.485861633426898,4.723729074101889],[-8.44472983371517,4.970322210771238],[-8.403598034003407,5.216915347440767],[-8.362466234291649,5.463508484110262],[-8.321334434579912,5.710101620779645],[-8.280202634868184,5.956694757448995],[-8.23907083515642,6.203287894118524],[-8.197939035444662,6.449881030788019],[-8.156807235732925,6.696474167457402],[-8.115675436021197,6.943067304126751],[-8.074543636309434,7.18966044079628],[-8.033411836597676,7.436253577465775],[-8.026850534521085,7.475589859151514],[-3.513691662031298,6.744136395989747],[-3.482584753475253,6.930628361006648],[-3.441452953763485,7.1772214976762045],[-3.4003211540517437,7.423814634345609],[-3.3591893543400086,7.670407771015],[-3.3180575546282522,7.917000907684487],[-3.2769257549164985,8.163594044353962],[-3.235793955204757,8.410187181023366],[-3.1946621554930132,8.6567803176928],[-3.153530355781264,8.903373454362244],[-3.11239855606952,9.149966591031678],[-3.0712667563577707,9.396559727701122],[-3.0301349566460267,9.643152864370556],[-2.9890031569342863,9.88974600103996],[-2.9478713572225352,10.136339137709435],[-2.906739557510786,10.382932274378879],[-2.865607757799042,10.629525411048313],[-2.8244759580872927,10.876118547717757],[-2.7833441583755487,11.122711684387191],[-2.7422123586637994,11.369304821056636],[-2.7010805589520555,11.61589795772607],[-2.659948759240306,11.862491094395514],[-2.618816959528562,12.109084231064948],[-2.577685159816813,12.355677367734392],[-2.536553360105069,12.602270504403826],[-2.4954215603933196,12.84886364107327],[-2.4542897606815757,13.095456777742704],[-2.4131579609698264,13.342049914412149],[-2.3720261612580824,13.588643051081583],[-2.330894361546333,13.835236187751027],[-2.289762561834589,14.081829324420461],[-2.24863076212284,14.328422461089906],[-2.207498962411096,14.57501559775934],[-2.1663671626993466,14.821608734428784],[-2.1252353629876026,15.068201871098218],[-2.084103563275862,15.314795007767621],[-2.0018399638523636,15.807981281106542],[-1.9607081641406143,16.05457441777599],[-1.9195763644288704,16.30116755444542],[-1.878444564717121,16.547760691114867],[-1.837312765005377,16.7943538277843],[-1.7961809652936278,17.040946964453745],[-1.7550491655818838,17.287540101123177],[-1.7139173658701345,17.534133237792624],[-1.6727855661583906,17.780726374462056],[-1.6316537664466413,18.027319511131502],[-1.5905219667348973,18.273912647800934],[-1.549390167023148,18.52050578447038],[-1.508258367311404,18.767098921139812],[-1.4671265675996548,19.01369205780926],[-1.4259947678879108,19.26028519447869],[-1.3848629681761615,19.506878331148137],[-1.3437311684644175,19.75347146781757],[-1.3025993687526682,20.000064604487015],[-1.2614675690409243,20.246657741156447],[-1.220335769329175,20.493250877825893],[-1.179203969617431,20.739844014495326],[-1.1380721699056817,20.986437151164772],[-1.0969403701939378,21.233030287834204],[-1.0558085704821973,21.479623424503608],[-1.0146767707704463,21.726216561173082],[-0.973544971058697,21.97280969784253],[-0.932413171346953,22.21940283451196],[-0.8912813716352037,22.465995971181407],[-0.8501495719234597,22.71258910785084],[-0.8090177722117105,22.959182244520285],[-0.7678859724999665,23.205775381189717],[-0.7267541727882172,23.452368517859163],[-0.6856223730764732,23.698961654528595],[-0.6444905733647239,23.94555479119804],[-0.60335877365298,24.192147927867474],[-0.5622269739412307,24.43874106453692],[-0.5210951742294867,24.685334201206352],[-0.4799633745177374,24.9319273378758],[-0.43883157480599344,25.17852047454523],[-0.39769977509424415,25.425113611214677],[-0.3565679753825002,25.67170674788411],[11.44044768288348,23.70396144967416],[11.399315883171733,23.457368313004714],[11.358184083459983,23.210775176335268],[11.31705228374824,22.964182039665836],[11.27592048403649,22.71758890299639],[11.234788684324746,22.470995766326958],[11.193656884612997,22.22440262965751],[11.152525084901253,21.97780949298808],[11.111393285189504,21.731216356318633],[11.07026148547776,21.4846232196492],[11.02912968576601,21.238030082979755],[10.987997886054266,20.991436946310323],[10.946866086342517,20.744843809640876],[10.905734286630773,20.498250672971444],[10.864602486919024,20.251657536301998],[10.82347068720728,20.005064399632566],[10.78233888749553,19.75847126296312],[10.741207087783787,19.511878126293688],[10.700075288072046,19.265284989624284],[10.658943488360295,19.01869185295481],[10.617811688648546,18.772098716285363],[10.576679888936802,18.52550557961593],[10.535548089225053,18.278912442946485],[10.494416289513309,18.032319306277053],[10.45328448980156,17.785726169607607],[10.412152690089815,17.539133032938174],[10.371020890378066,17.29253989626873],[10.329889090666322,17.045946759599296],[10.288757290954573,16.79935362292985],[10.247625491242829,16.552760486260418],[10.20649369153108,16.30616734959097],[10.165361891819336,16.05957421292154],[10.124230092107586,15.812981076252095],[10.083098292395842,15.566387939582661],[10.041966492684093,15.319794802913217],[10.000834692972349,15.073201666243783],[9.9597028932606,14.826608529574338],[9.918571093548856,14.580015392904905],[9.877439293837107,14.33342225623546],[9.836307494125363,14.086829119566026],[9.795175694413613,13.840235982896582],[9.712912094990122,13.347049709557702],[9.671780295278381,13.100456572888298],[9.63064849556663,12.853863436218823],[9.589516695854881,12.607270299549379],[9.548384896143137,12.360677162879945],[9.507253096431388,12.1140840262105],[9.466121296719644,11.867490889541067],[9.424989497007894,11.620897752871622],[9.38385769729615,11.374304616202188],[9.342725897584401,11.127711479532744],[9.301594097872657,10.88111834286331],[9.260462298160908,10.634525206193866],[9.219330498449164,10.387932069524432],[9.178198698737415,10.141338932854987],[9.13706689902567,9.894745796185553],[9.095935099313921,9.648152659516109],[9.054803299602177,9.401559522846675],[9.013671499890428,9.15496638617723],[8.972539700178684,8.908373249507797],[8.931407900466935,8.661780112838352],[8.890276100755191,8.415186976168918],[8.849144301043442,8.168593839499474],[8.808012501331698,7.922000702830041],[8.766880701619957,7.6754075661606365],[8.725748901908206,7.428814429491163],[8.684617102196457,7.182221292821717],[8.643485302484713,6.935628156152284],[8.602353502772964,6.689035019482839],[8.56122170306122,6.442441882813406],[8.52008990334947,6.195848746143961],[8.478958103637716,5.949255609474487],[8.437826303925975,5.702662472805082],[8.39669450421424,5.456069336135691],[8.355562704502484,5.209476199466204],[8.31443090479073,4.96288306279673],[8.273299105079007,4.716289926127408],[8.232167305367238,4.469696789457852],[8.191035505655497,4.223103652788447],[8.149903705943762,3.9765105161190557],[8.108771906232006,3.7299173794495686],[8.067640106520251,3.483324242780095],[8.02650830680851,3.2367311061106903],[7.985376507096776,2.990137969441299],[7.944244707385019,2.743544832771812],[7.903112907673266,2.496951696102338],[7.894271450812019,2.4439454431442487],[7.995599805626509,2.447780902501145],[7.997561205596822,2.447758828641602],[8.267905183579925,2.4314261630878313],[8.268883150930273,2.4313429486249643],[8.450160332844638,2.4114265106638433],[8.453341880115357,2.4112048697451947],[8.456530972375893,2.411237401059685],[8.603822582374494,2.4186194574759434],[8.605784105591967,2.418621398133785],[8.87985941304887,2.4054287427753485],[8.881811681213653,2.4052384111919247],[9.153759937401915,2.3651736333331175],[9.154727154221368,2.365006790864597],[9.84840581465982,2.227738839933735],[9.849363679852349,2.227524739354373],[9.869210753160925,2.222574169108425],[9.869222057346441,2.2226194881297694],[9.869440572178785,2.2225629329748524],[9.869434534926901,2.2225394809881567],[9.871932232744763,2.2218964978987703],[9.872223503985477,2.2218226812513193],[10.11607539590239,2.1609972939625886],[10.117953019931907,2.160429750922242],[10.135721685534277,2.154091843980644],[10.137299202586387,2.153565857570484],[10.704597272519218,1.9774290236117626],[10.705942254472893,1.9770371159161577],[10.90540535334969,1.9226873342283868],[10.907270296804255,1.9220794172849103],[11.16473312180668,1.823934048176481],[11.165641390437756,1.8235620362425917],[11.767363541569106,1.5596818230661276],[11.76875788605523,1.5591014786634851],[11.862422220645135,1.5221759317099968],[11.864209558722386,1.5213678477437944],[12.109758117528528,1.3954925934957334],[12.11062029129301,1.395023550656614],[12.732606088983696,1.0365928776146547],[12.733444209380856,1.0360820948966807],[12.965472452301459,0.8867449968568014],[12.967067797817528,0.8856037476363913],[13.015993085909079,0.8468385781933142],[13.01714137790799,0.8459620297239986],[13.570317484445457,0.4392924488429854],[13.571331306474203,0.4385711514741584],[13.613988740425208,0.40921039413526994],[13.615548005328176,0.4080203226831606],[13.826382252998155,0.23007654748538114],[13.827116552484709,0.2294252802213123],[14.377842750942921,-0.2837186934703156],[14.378544209763545,-0.2844052066224826],[14.570921692919805,-0.48215750394585694],[14.57221882556209,-0.4836289060007619],[14.743980585934356,-0.6989014233976272],[14.745127249906735,-0.7004928814816977],[14.88774555865062,-0.9204360627713774],[14.89113920013917,-0.9249391760825282],[14.982640988094968,-1.0300360193503226],[14.983267121580818,-1.0307918643364877],[15.151002642309642,-1.2437030521258898],[15.152139452579979,-1.24530156377995],[15.297933725203535,-1.4732148298966323],[15.298908379880562,-1.4749170711719153],[15.311775463528155,-1.5001900766240994],[15.314097936174166,-1.5041673568764276],[15.31686220946725,-1.5078512991341426],[19.823356844947813,-6.84369727373751],[19.825985594575663,-6.846521419556354],[19.828874205299275,-6.849079163151684],[19.93152684864845,-6.931493720785205],[19.93299431577122,-6.932795303414992],[20.12681522662096,-7.122494080378501],[20.127499612355173,-7.12319761499184],[20.29232567500786,-7.301173002385788],[20.294657431262348,-7.303491839543046],[20.29717178261537,-7.30561130416077],[20.50499233468467,-7.466658076994545],[20.505753165646784,-7.4672781423397865],[20.849702055513085,-7.761929600415313],[20.85215333888477,-7.76386875094862],[20.854748546235157,-7.765610587269174],[21.277413501698557,-8.025934970736333],[21.280211036891167,-8.0275068391902],[21.283125567497233,-8.028849405738434],[21.75120079087619,-8.22210257055658],[21.75627035459715,-8.223808704813928],[22.200371089034103,-8.340868358470555],[22.203853853410017,-8.341622227617025],[22.207389889942768,-8.342063149409611],[22.656683214520058,-8.377855593801923],[22.662152630038563,-8.377916146627106],[23.306825279438133,-8.340900640611734],[23.311155811719704,-8.34041422483652],[23.554588642955345,-8.299540808848858],[23.557813561979845,-8.298861663905202],[23.560971626902962,-8.297919344155616],[24.228637654205013,-8.068345005546908],[24.22957337209572,-8.068048734026057],[24.250792554380894,-8.061898916375084],[24.256180704772557,-8.059907875272955],[24.57045528469849,-7.917360166900208],[24.575377063841742,-7.91469799395841],[24.856626374249437,-7.7360764308808845],[24.86071641917256,-7.733099937299342],[24.979845596056492,-7.634301643434394],[24.980616237770544,-7.633693814401007],[25.669734510340902,-7.117084477407096],[25.670534048540205,-7.1165151941271265],[25.724868120242228,-7.079804014940707],[25.727810037003266,-7.07761332553401],[25.730538911603904,-7.075162358843199],[25.999607252792014,-6.810224499705549],[26.00032331567961,-6.809553233196662],[26.183917403147895,-6.645721872644412],[26.18606793277165,-6.643653693825615],[26.18805831930559,-6.641430969655894],[30.58214955523126,-1.3498820632291966],[30.58412865887207,-1.3472907150470304],[30.58589012454986,-1.3445467807751779],[30.586963932112333,-1.342904182127875],[30.746375288026126,-1.1233922951981574],[30.747604385606046,-1.1218636041770982],[30.928090158140662,-0.9186666396053897],[30.92875977483956,-0.9179490336817417],[31.098360520605805,-0.7449093433023094],[31.102048969930593,-0.7405663249863883],[31.25624356494518,-0.530320354785063],[31.25747982320268,-0.5287974488065039],[31.441862956281557,-0.323164523160374],[31.443242532506652,-0.32177012488946294],[31.647255435911983,-0.13486837945387337],[31.647995201306937,-0.13422332756014746],[32.257844979412,0.37174474972692284],[32.25861550492349,0.3723527260599962],[32.47996560504666,0.538357727123695],[32.481590706709135,0.5394561904528401],[32.71772645143505,0.6827110330812621],[32.71945139602317,0.6836449191915637],[32.72516348929701,0.6863839813387873],[32.72898287135922,0.688478493332734],[33.246339116995394,1.010018864903352],[33.24718519830494,1.0105163497804235],[33.4885392816187,1.1445695612446478],[33.49029872766683,1.1454366983171873],[33.597078938068165,1.1916971330673252],[33.59930631053475,1.1927446305009939],[34.17172864398869,1.4837790030350613],[34.17286583970202,1.4843803889651404],[34.23500382651599,1.5185307376613018],[34.236767129705136,1.5193900041869075],[34.49015549576376,1.6278233896894558],[34.49106705079239,1.6281872745818713],[35.04673705122338,1.8343447451006138],[35.051207905943876,1.8363220910098996],[35.087517210903265,1.8551124903380594],[35.08930141879348,1.8559274623027793],[35.34604733316724,1.9582910748526292],[35.347902830830215,1.958927239549428],[35.61391759067652,2.035768716014735],[35.614866940309646,2.036017874717375],[36.066677360471054,2.1428170072132673],[36.07173849480731,2.144373490056341],[36.11259055775065,2.159964922638179],[36.11445526020115,2.1605735784274014],[36.38263420756218,2.2337612349199447],[36.38454958966068,2.2341841870634327],[36.65909493989031,2.280815517715042],[36.66006632476281,2.2809560745173205],[37.14277142542796,2.3387471900633323],[37.14749437757094,2.339602671249114],[37.247746278937434,2.3640534951240815],[37.24967245354194,2.3644242086143428],[37.526841227968546,2.403779851616686],[37.52879446379201,2.4039599818936526],[37.808976717537924,2.415979872717959],[37.80995805394229,2.415997862899599],[38.36564921017365,2.412545077558785],[38.370327454088866,2.412790341103875],[38.49200071709459,2.426348161988246],[38.49395848664242,2.4264694694341356],[38.77598541651577,2.4300783605866383],[38.777945649077054,2.430007188931517],[39.05896827538781,2.4059552291245976],[39.06091209285142,2.4056922637904106],[39.33870681149165,2.354121458307299],[39.339667137584556,2.3539186811379427],[40.15625600358642,2.160443251657155],[40.15720522312032,2.1601935977738234],[40.42860746138338,2.081642475895064],[40.43046262694776,2.0810053433911193],[40.69240259792797,1.976412490518669],[40.6941863804571,1.9755965879583957],[40.79516069686606,1.9232746541665195],[40.797991938144925,1.921945318357434],[41.38438907000626,1.6741148375590098],[41.38528349539133,1.6737106742062453],[41.63891382102112,1.5515212279289028],[41.6406370618105,1.5505842016323423],[41.880650062933356,1.4043784711092806],[41.88227316120935,1.4032770497161593],[41.961140086638025,1.343904809561477],[41.96584940771633,1.3408523394618042],[42.21361117689488,1.2039241728340544],[42.216545689172555,1.202456149476417],[42.27409668301666,1.1765598656171055],[42.27584380934974,1.1756681668589295],[42.517940469740914,1.0367297130922026],[42.51959178142082,1.0356710597803276],[42.74730421636394,0.8733870231297951],[42.74808928663299,0.8727979480428163],[43.41313667115507,0.3477849390806204],[43.413891891228126,0.3471580519880582],[43.482002085623925,0.28773887825281347],[43.48330009983913,0.28665396702471124],[43.53522101555089,0.2450901986069688],[43.536690325893574,0.24379069708123569],[43.572213051090195,0.20912189561620564],[43.57385542954358,0.20760623659847827],[43.624601211363206,0.16333573564014456],[43.626014260536714,0.1619752691274163],[43.687635784115535,0.0965237736043571],[43.68882120814142,0.09531685887887276],[43.73676956913319,0.048521119008233304],[43.737454951278416,0.0478185550607],[44.296481343991225,-0.5540918547345827],[44.297131427384734,-0.5548272025210359],[44.47710746874474,-0.7687676994645273],[44.478295026530205,-0.7703288796608915],[44.63615684103985,-1.0004749902651215],[44.63718565799149,-1.0021450539700578],[44.67993122090041,-1.079828259255188],[44.682078450225795,-1.0832986765392083],[45.00492012256328,-1.5500612601054347],[45.005458471684506,-1.550881945799422],[45.02161224308815,-1.5768769093268848],[45.023528199148046,-1.5796862523900335],[45.02471912327899,-1.5812822597476766],[45.025813648689095,-1.5829100162484093],[45.04078605138099,-1.607725235589231],[45.04106046613502,-1.608173368596039],[45.152328672013404,-1.787228332375101],[45.15328098836254,-1.7889431707550738],[45.16659197233241,-1.8159558359049155],[45.16822333876693,-1.8189394477473095],[45.16950577011231,-1.8210649459575943],[45.16999204361652,-1.8219175202149438],[45.53506372595062,-2.5001442037234263],[45.53550757988101,-2.5010196113275236],[45.65516451929914,-2.7521120507857937],[45.655920454170456,-2.753922061716375],[45.750223071046186,-3.015071997011676],[45.75079795378914,-3.0169473868193917],[45.819049307934186,-3.286083086628422],[45.81943760211364,-3.288005794284085],[45.823795167839,-3.3168021368806593],[45.824724283696035,-3.3212311297949473],[45.82614772508616,-3.3255268310321715],[45.92176605238092,-3.5673251171602174],[45.922104479128016,-3.5682464271634324],[46.009918753687565,-3.8267365317209183],[46.010457815389195,-3.8286225300192056],[46.07240116041708,-4.093997045956669],[46.07275276622937,-4.095926799943943],[46.0901100298677,-4.227525945661792],[46.090812463491766,-4.231382629673384],[46.091889037384625,-4.235152034562049],[48.21913209835316,-10.50234665231061],[48.22057812703679,-10.506005053898928],[48.22237651450759,-10.509503725595469],[48.22324776123776,-10.511011395642681],[48.224144677326215,-10.512755849318962],[48.335877220668415,-10.759096327919439],[48.33626058733633,-10.759999862525115],[48.41860660282077,-10.968140306391966],[48.4199559585509,-10.971175992637695],[48.42155256224266,-10.974089239712761],[48.534607631271655,-11.161466789693767],[48.535093903996476,-11.162319364395692],[48.7819205152338,-11.62087248897294],[48.78417014076639,-11.62455979094726],[49.03548928683162,-11.990471799327544],[49.038870533346795,-11.994740111529175],[49.3431756403682,-12.329304481723849],[49.34705249516779,-12.333029804718493],[49.671358886606946,-12.605198276119651],[49.67591235598752,-12.60850311188081],[50.04940674343544,-12.841332421223528],[50.05229163570109,-12.842968775783033],[50.05530217521542,-12.844360505448392],[50.46572433343071,-13.013812356304436],[50.46849117224738,-13.014836981359476],[50.471326010812376,-13.015654871236727],[51.08054676136386,-13.167324603424827],[51.083528442140576,-13.167947394799663],[51.086548869253235,-13.168341487945932],[51.54673122742523,-13.210639618037172],[51.54970632062814,-13.210801641097516],[51.55268522066272,-13.21074176103332],[52.00846085368124,-13.184573838818133],[52.0116782005762,-13.18425826644928],[52.24226076535585,-13.152189022533866],[52.24454614663085,-13.151803381102082],[52.41599867238066,-13.117736145454916],[52.42120947312523,-13.116329514077579],[52.98689624892404,-12.92182244310746],[52.99108050558607,-12.920113697788157],[53.30043885657331,-12.772871348175148],[53.3043627743373,-12.770726903939954],[53.38223419182045,-12.722329485057141],[53.38308027399926,-12.721832001658337],[53.62175313158878,-12.589268545872978],[53.623512579152,-12.588401411874576],[53.72560671530796,-12.544171338870438],[53.73003760934416,-12.541914942068887],[53.87144165988103,-12.458453388489463],[53.87405672744937,-12.45676946508643],[53.87653304910057,-12.454887442904287],[54.0908998720228,-12.27840776536633],[54.0933905419992,-12.276176228374474],[54.095686107128905,-12.273744444047558],[54.10739526420824,-12.260252604077266],[54.10875208479911,-12.258836053695967],[54.308352468328444,-12.069942862934132],[54.30908169360192,-12.069285919035913],[54.66483097126697,-11.764277310728792],[54.66712670627976,-11.762147554152953],[54.66924880083342,-11.75984473478822],[54.72037434120359,-11.699810336657071],[54.72171785419235,-11.698381158589758],[54.91640933641778,-11.510650980017632],[54.917886463971406,-11.509360371134541],[54.98280502561506,-11.458031610943372],[54.98585086095862,-11.455361977658505],[54.988611116002375,-11.452398019678173],[59.26103647955304,-6.371524770652296],[59.263129379180576,-6.368807346444626],[59.2649817822604,-6.365920613688515],[59.266580068277385,-6.362885798210888],[59.27425401999182,-6.346663344524967],[59.275178789590434,-6.344933495315411],[59.41505154804348,-6.111604615788768],[59.4161414194965,-6.109973739547395],[59.578210881913954,-5.891478330144537],[59.5794553591634,-5.8899621331012435],[59.762490498497755,-5.688040604319575],[59.76316733007245,-5.6873297992794205],[59.958093004144594,-5.492429702760185],[59.96098496552146,-5.489206660849656],[59.963511574118435,-5.485689888357723],[59.96674661072558,-5.480629907870035],[59.96788301917371,-5.4790311105290845],[60.138737634962595,-5.262048600216393],[60.140025280836824,-5.260568889027906],[60.331325190113716,-5.061377889661493],[60.33275167268037,-5.060031515053133],[60.54302776537355,-4.880231222785539],[60.54378917026935,-4.879611862333479],[61.19763636670599,-4.373893313960592],[61.19842724503319,-4.373312059922795],[61.4253143113443,-4.214988216492305],[61.42697604910426,-4.21394600503783],[61.66786074347634,-4.078863535652527],[61.66961663410117,-4.077989221514283],[61.67535287497315,-4.075476239191328],[61.67814056224542,-4.074123977245772],[61.68081522046747,-4.072560002791848],[62.08841723502759,-3.812528283176129],[62.08925739856166,-3.812020868138148],[62.32803351486804,-3.6756953233346508],[62.32978262623978,-3.674807524648026],[62.34081529108467,-3.669872712377775],[62.34261137505889,-3.669015094459258],[62.87533774114604,-3.398165385047468],[62.87787457766464,-3.396757564956123],[62.87887575281803,-3.396153462956232],[63.12114194813394,-3.2657393688148906],[63.122912663801415,-3.2648954830857853],[63.377248209248236,-3.1586663556056456],[63.37816289709249,-3.158310418907924],[64.1625349350091,-2.87504531622514],[64.16346598605783,-2.87473468987399],[64.42698911163161,-2.793946327526908],[64.42889043743273,-2.7934641063152155],[64.69858194494209,-2.738991763600342],[64.70052138128395,-2.7386982269334497],[64.75054873888867,-2.7336219404050643],[64.75615549549794,-2.7326460927794898],[64.98900784137209,-2.6747936315541208],[64.99301789805533,-2.673570955122168],[65.03250597132914,-2.659229297076296],[65.03438029862987,-2.6586509595720975],[65.29991726753428,-2.590791214007469],[65.301839256425,-2.5903993775584984],[65.57323439318859,-2.5488192045644675],[65.57420792962073,-2.548694418345048],[65.89960960212703,-2.5150789308343895],[65.90369370994465,-2.5144423221026444],[65.9076903156862,-2.513387642108542],[65.99876195720863,-2.4842447322676344],[66.0006572438264,-2.4837392960841176],[66.272528063318,-2.4253576465167805],[66.27446376502195,-2.4250404147210207],[66.55074785454622,-2.3935878890192956],[66.55270532947081,-2.3934619167268947],[66.83123291203842,-2.3892339668556732],[66.83221437028782,-2.389243158690147],[67.28064553080289,-2.404454799299921],[67.28375534760978,-2.4044393306878655],[67.28685456405337,-2.4041823145672536],[67.32650254389121,-2.3993362884782337],[67.32845891012745,-2.3991941327587902],[67.60871776460854,-2.392621341168046],[67.61067864410373,-2.392671627391161],[67.89023222183367,-2.4136006570567283],[67.89217873024634,-2.4138429009385844],[68.16881850222994,-2.462156674012788],[68.16978093391987,-2.462349209794917],[68.88071095308894,-2.622812120508929],[68.88352267200915,-2.623341845395102],[68.9145921369513,-2.628051640339265],[68.91651474372205,-2.6284404337343568],[69.18853039679341,-2.6974973040363333],[69.19040563727032,-2.6980726737026175],[69.45480451681472,-2.7936261114520917],[69.45571912194221,-2.793982260642709],[70.23631498312365,-3.120229197215034],[70.23721101115666,-3.120629794954864],[70.4909708631117,-3.241638738863479],[70.4926978223152,-3.242568894231458],[70.73295442138183,-3.3876141749427817],[70.73458189363555,-3.388709122961051],[70.78813694323046,-3.428692997580022],[70.79230266843325,-3.4314166768526064],[71.25099435981126,-3.6921062403755824],[71.25183551845689,-3.692612004073322],[71.30127880913396,-3.724018115576216],[71.30259278353228,-3.7248177098276503],[71.39713962693524,-3.7798897683953006],[71.39878409082966,-3.7809590277645437],[71.45506809778915,-3.8216197675305006],[71.45704503439735,-3.822959981540597],[71.48774291859209,-3.8424591119730653],[71.48934505746455,-3.843590804569271],[71.53508523411675,-3.8793893312880994],[71.53631450742725,-3.8803138672876547],[71.6254061198233,-3.9446755050362308],[71.62618738249401,-3.945269620702058],[72.28243310662418,-4.4702253091660245],[72.28318427635585,-4.470857043935855],[72.49266803741067,-4.655998024838758],[72.49407230123794,-4.657367557679869],[72.68406605512952,-4.861790349219806],[72.68532931934982,-4.86329092931041],[72.70338882279133,-4.8870147034715785],[72.70590709447897,-4.890007146552203],[73.1468195530828,-5.3647464889023615],[73.14746963368032,-5.365481839159754],[73.32702654733976,-5.578925759281756],[73.32821409918985,-5.580486943992575],[73.48570747879262,-5.810097786173579],[73.4867362893951,-5.811767853789673],[73.54210705949424,-5.912396254124894],[73.54425427606462,-5.915866680206043],[73.78321597610503,-6.261358888338138],[73.78460132875813,-6.263241762707286],[73.84153229609164,-6.336060937208662],[73.8426631569507,-6.33766366326656],[73.99154758717643,-6.572324530169249],[73.99205291420533,-6.573165951216193],[74.38344387466182,-7.262663818512409],[74.38390730642821,-7.26352902125282],[74.5090740303071,-7.511653158032415],[74.50987048564912,-7.5134457081676675],[74.60993695428346,-7.772185555410135],[74.61055387383716,-7.774047540201608],[74.68119572262027,-8.028450439202048],[74.68300116799035,-8.033573784596667],[74.80021838591053,-8.305674170182844],[74.80058446568562,-8.306584845966396],[74.89626408849534,-8.562583787613777],[74.89685982828398,-8.564452656577183],[74.96686044235975,-8.828122530947644],[74.96727013230708,-8.830040793506944],[74.9947778857543,-8.99907056051233],[74.99544827464864,-9.002328828248134],[74.99638707820924,-9.005520125442445],[77.1744857708648,-15.412527923137045],[77.17601352486982,-15.416360737280126],[77.23860556790179,-15.552517279336431],[77.23899351778823,-15.553418855550442],[77.3245392073571,-15.766477769384576],[77.32585851100386,-15.769415656975236],[77.32740988492384,-15.772237887399573],[77.45200159155634,-15.978738025022126],[77.45248786107354,-15.979590601553788],[77.69810161993102,-16.435894609190555],[77.70054087782201,-16.43985559249955],[77.95148640753914,-16.79878743702187],[77.95467799055147,-16.802782087741658],[78.25995823689539,-17.13842112976783],[78.26383507762766,-17.14214646762125],[78.58260445294889,-17.40967016146405],[78.5871579107217,-17.41297501514502],[78.95969530996327,-17.64520970919063],[78.9625801969587,-17.646846075107508],[78.96559073219734,-17.648237816451026],[79.38949468376421,-17.82325777124213],[79.39492241860027,-17.825056589520145],[79.95624664116819,-17.967480145192276],[79.95934579327503,-17.968137057516618],[79.96248721218221,-17.968546648572325],[80.48486288916689,-18.01571005038419],[80.48780584993106,-18.01586674835279],[80.49075236018282,-18.015806336026518],[80.87617401251077,-17.993679069594346],[80.88032666633653,-17.993222137736463],[81.14982808978856,-17.94922173390856],[81.15080035507926,-17.949087402268027],[81.21856912720476,-17.941413883431878],[81.22287444548695,-17.940686555900193],[81.22707483847687,-17.939494301909],[81.79666735247157,-17.74364640535699],[81.8008516167434,-17.741937673148858],[82.22174792828007,-17.541609363686987],[82.22567185223323,-17.539464932931164],[82.87795576577545,-17.13407069575225],[82.87880184960657,-17.13357321516415],[82.91101476673981,-17.115681686814092],[82.91356102252153,-17.11414080539749],[82.91598566045425,-17.11241486653961],[83.10948233543664,-16.963528354126282],[83.11279395644158,-16.960679217721527],[83.70977048988932,-16.3874546905341],[83.7104949270798,-16.386792470372136],[83.91784506935163,-16.206388710478077],[83.91938628819834,-16.20517535910032],[84.05937842387526,-16.10568920810774],[84.0619541603274,-16.103696090411628],[84.06435921250439,-16.10150003475488],[84.14524308797131,-16.0213681513488],[84.14595709042113,-16.02069469363914],[84.24079206747098,-15.935544621495533],[84.24291566074676,-15.933491311554212],[84.24488193324545,-15.931286883606418],[88.20067233397138,-11.152235316872398],[88.2025357030087,-11.149799801433913],[88.20420701612488,-11.147228694262274],[88.33073805384949,-10.935210933830673],[88.3318247141956,-10.933577916258445],[88.49332218074065,-10.714955935403088],[88.49456367223262,-10.713437292596582],[88.67704125967396,-10.511333088229998],[88.67771669132094,-10.510620952797181],[88.86435095547924,-10.323275362902676],[88.86785853890439,-10.319249437663128],[89.03126282775973,-10.104260139360925],[89.03252496712075,-10.102758613027103],[89.22052385760679,-9.9001779627153],[89.22192709473917,-9.898807377932071],[89.42924479299506,-9.71530386140069],[89.42999548910622,-9.71467156389707],[90.07512014365511,-9.19781876340913],[90.07590096088826,-9.197224062447575],[90.30020685769186,-9.034924853427887],[90.30185051984319,-9.0338543620308],[90.54056029991568,-8.894569963757663],[90.54230097388995,-8.893665734133002],[90.57238186652782,-8.879869443647912],[90.57682080133189,-8.87748437177662],[91.02985847684286,-8.595922522034883],[91.03070456139996,-8.595425042680963],[91.27162740904949,-8.461613406605792],[91.27338686075814,-8.460746281018817],[91.36282514683596,-8.42199958874701],[91.36505252451164,-8.420952106681607],[91.7870460760003,-8.206403122618932],[91.79123851328679,-8.203940070162517],[91.79326968869066,-8.202574209702338],[91.79494916599954,-8.201560832641611],[92.03733584537765,-8.071082925833212],[92.0391065638658,-8.070239046023092],[92.29356826857891,-7.963958224169156],[92.29448295761283,-7.9636022905289785],[92.84608436830975,-7.7644011616876565],[92.84784081448389,-7.7637196784842395],[93.07965516572548,-7.667437280618165],[93.08150138969026,-7.666774684081229],[93.34643354357038,-7.586129592392485],[93.34737923838915,-7.585866902280085],[93.80604215359789,-7.470508112582998],[93.81054808300507,-7.469087097827697],[93.88440518131088,-7.440899681556986],[93.88626988796351,-7.440291038641788],[94.15452538270694,-7.367084481888914],[94.1564407677255,-7.3666615429693305],[94.43106414985823,-7.320018909365156],[94.43203553570105,-7.319878359269386],[94.92999981963521,-7.2602638490469635],[94.93348599139749,-7.259689339568979],[94.93690786651621,-7.25880943879716],[94.94738246239777,-7.255616645763727],[94.949284560726,-7.255137480814542],[95.224449219227,-7.200019781928663],[95.22638912480997,-7.199729362528431],[95.5056312694965,-7.171847923373913],[95.50759029998297,-7.171749046420225],[95.78871172229924,-7.171371721409101],[95.78969295942721,-7.171394491648417],[96.44928076066489,-7.202910576586994],[96.45256504501874,-7.202932513176412],[96.49409318756459,-7.201503928009698],[96.4960544997976,-7.201532762424743],[96.77662358845221,-7.219453994047941],[96.77857263016384,-7.2196749318337705],[97.05651873400718,-7.265089631503797],[97.05748321414403,-7.265271628346067],[97.85659644696975,-7.436474023234054],[97.85755083518652,-7.436703125650471],[98.12970713357875,-7.509142623392917],[98.13157562217657,-7.509739555096271],[98.39486124113208,-7.6083340118502],[98.39666222290815,-7.609111213073382],[98.49710924282758,-7.658438838130339],[98.49931616923264,-7.659440810348651],[99.14351378745388,-7.928683460465353],[99.1444098139957,-7.929084061540604],[99.39798812335512,-8.050007592901224],[99.39971507909605,-8.050937754697665],[99.63979938258271,-8.195880238294848],[99.64142685076062,-8.196975192371355],[99.64872563828628,-8.202424465103245],[99.65330734416031,-8.20538131354868],[100.0566809539473,-8.428313969880096],[100.05938116029559,-8.429675679806008],[100.06354936889726,-8.431583625441855],[100.06529071656247,-8.432486557005374],[100.0845452120473,-8.443702097702182],[100.08532980108826,-8.444147339835412],[100.13031692667468,-8.469010392757962],[100.131164053232,-8.469506095673953],[100.16813285299128,-8.492374722978143],[100.1690427722806,-8.492921036018393],[100.30667401777006,-8.573089786020473],[100.30831847760037,-8.574159051640065],[100.35466955739452,-8.607644305905666],[100.35705054097859,-8.609237813635197],[100.36902082759482,-8.616642544790476],[100.37063634010421,-8.617755062848898],[100.40479533426452,-8.643839131842793],[100.40564732400185,-8.644472001923104],[100.53515596829295,-8.73803249507537],[100.53593722870566,-8.738626613710764],[101.19218075515008,-9.26358463455202],[101.19293192248053,-9.264216372176852],[101.40261472235314,-9.449534682348236],[101.40401898097475,-9.4509042205265],[101.5941934353171,-9.655522995391113],[101.5954566938338,-9.657023580283065],[101.61661967906284,-9.684824446638737],[101.6188900571096,-9.687547536013323],[102.07526540364361,-10.188048485804876],[102.07590872465722,-10.188789756915494],[102.25373716737944,-10.404151037849035],[102.25491037637197,-10.405723029502678],[102.41049939287632,-10.637070054139606],[102.4115128704203,-10.638749470814128],[102.4711413755211,-10.749504494436271],[102.47364486256416,-10.753556341474813],[102.74549719454393,-11.14002514151602],[102.74604202178132,-11.140841540969195],[102.89415402411056,-11.375031433806685],[102.8951198820105,-11.376738681771968],[102.98693792920147,-11.559409229718598],[102.98775556431482,-11.560951122541539],[103.2859339979131,-12.094781061659962],[103.28639145275372,-12.095649439374316],[103.40908977809265,-12.343109043543587],[103.40987385417097,-12.34490704293257],[103.50755210808362,-12.602742401648184],[103.50815617386279,-12.604608596073406],[103.5329855214448,-12.696479305947843],[103.53493336953606,-12.702029087397477],[103.71347492729078,-13.111548173748782],[103.71384498409434,-13.112457240713665],[103.81069679132888,-13.368178467286983],[103.81130069417424,-13.370044714444427],[103.8824929958471,-13.633553660458816],[103.88291106652564,-13.635470113955883],[103.90290248770401,-13.75501525071096],[103.90362110057494,-13.758403337128211],[103.90463010688282,-13.761716559170226],[104.49947396348152,-15.449095446121287],[104.49977746927985,-15.450028842615257],[104.57671521218488,-15.708006988394025],[104.57718289675093,-15.709911942000915],[104.62837034414265,-15.973707015075998],[104.62864905857468,-15.975648636914405],[104.63069432812313,-15.997462708017402],[104.63138346219098,-16.001996593006503],[104.63258701762179,-16.006421801835792],[105.97566079373037,-20.020130230135162],[105.97695430776136,-20.023486258756254],[105.97854405161296,-20.026712529225424],[106.06859406302213,-20.190454936375474],[106.06945381740545,-20.192218001745726],[106.17570099032194,-20.440307795038375],[106.17606512741989,-20.44121924934879],[106.24083216308664,-20.61564216429083],[106.24246142296585,-20.61942163065528],[106.24386919582254,-20.62193869774613],[106.24385594579883,-20.621946149843367],[106.37953774201719,-20.863191930822133],[106.37999774352312,-20.864058962194232],[106.55160091305348,-21.207613271871285],[106.55438653589215,-21.212346418368448],[106.83373777056886,-21.620102983002432],[106.83714552805303,-21.62441001648992],[107.15784285324597,-21.97700198954377],[107.1617196799043,-21.980727342186924],[107.44717357751671,-22.22029323434178],[107.45191039761235,-22.223711734145454],[107.82741815643945,-22.454997291918392],[107.83021567678676,-22.45656919347824],[107.833130195359,-22.457911793977082],[108.24956454070703,-22.62984953436434],[108.25499227124268,-22.63164837340176],[108.7534841622325,-22.758131558046237],[108.75656750002673,-22.758785776136012],[108.75969277706402,-22.75919518632463],[109.17525934745244,-22.79705277381404],[109.17821822391953,-22.797212114979857],[109.18118077740482,-22.797151978456096],[109.78403802511225,-22.762543719287258],[109.78829829542232,-22.762069081748365],[110.16175899559907,-22.70005111293227],[110.16501966948502,-22.69936902074082],[110.16821227945209,-22.698417976290642],[110.66303792783461,-22.528279661878823],[110.66722219941327,-22.526570942876752],[111.22036013908311,-22.26330361385998],[111.22318304579291,-22.261819224521027],[111.4120149539714,-22.152700807968206],[111.41501361315328,-22.15078520962418],[111.41783016948297,-22.14861070178414],[112.0542402506365,-21.610439978554886],[112.05500503461089,-21.609824795445483],[112.22159265834479,-21.482428833504873],[112.22410658951344,-21.480338097203855],[112.22644136184455,-21.4780490217654],[112.40503820213068,-21.28802105442469],[112.40572773288764,-21.287322561675488],[112.60323857445302,-21.09683034527206],[112.60471555476468,-21.095539567887066],[112.74241153486443,-20.986642802812497],[112.74545533540136,-20.983974501189284],[112.74821387929224,-20.98101224008277],[117.04349603421733,-15.87302425137984],[117.04565738862657,-15.87020932134123],[117.04756072826052,-15.867213894453052],[117.10303832048906,-15.770695993177887],[117.10409808375773,-15.76904539361604],[117.26174022449914,-15.548160698042054],[117.26295667176682,-15.54662192153337],[117.44181326799261,-15.341882668211777],[117.44247694316594,-15.341159563759593],[117.61432199769986,-15.162912621028278],[117.61713911866434,-15.159656697042612],[117.6195899699021,-15.15611684680011],[117.6406770026457,-15.12185660147294],[117.64178589436553,-15.1202385976865],[117.80889478436208,-14.90037666768163],[117.81015692856928,-14.898875145421075],[117.9980113812314,-14.6964514462247],[117.99941462278754,-14.695080865969947],[118.20657319587811,-14.511719388595633],[118.20732389403,-14.511087093514766],[118.85245002169614,-13.994236531316114],[118.85323084084885,-13.993641832874408],[119.07736445644632,-13.831468382060736],[119.07900812205264,-13.830397895968359],[119.31753412324177,-13.691221762461062],[119.31927480013445,-13.690317538454211],[119.32272779629734,-13.688733870943489],[119.32716673801644,-13.686348813884813],[119.80503084935712,-13.389359545899353],[119.80587693553129,-13.388862069295559],[120.046930289498,-13.254978973574055],[120.0486897440253,-13.254111853706027],[120.1607450439429,-13.20556739110715],[120.16297242411339,-13.204519916744351],[120.58942506388746,-12.987705611502872],[120.5906922394714,-12.987032491828023],[120.78175482374527,-12.8811038581962],[120.78351493414087,-12.880238070408145],[121.03663820586412,-12.77080779906084],[121.03754840766925,-12.770440542394379],[121.574175896218,-12.569085019269558],[121.57850766528757,-12.567159620251632],[121.63422400285434,-12.538326620210496],[121.6360082190188,-12.537511666361018],[121.8930470971608,-12.435034274834276],[121.89490260128264,-12.43439812897649],[122.16122006786993,-12.357472141671785],[122.16216942003275,-12.357222992607943],[122.63145661493424,-12.24629772384331],[122.63651775810696,-12.244741295044921],[122.66038112268453,-12.23563398282093],[122.66224583142811,-12.235025346311755],[122.93050158553281,-12.161819708978467],[122.93241697200435,-12.161396776639007],[123.20704052241288,-12.114755085112169],[123.20801190873865,-12.114614538353486],[123.74395867396841,-12.05045476835356],[123.74760199203712,-12.04984685676567],[123.96156154316954,-12.003902677172459],[123.96349724711398,-12.003585459048045],[124.24203457635217,-11.971878414451904],[124.24399205216642,-11.971752455984628],[124.52478697174972,-11.967492072378004],[124.52576842993413,-11.967501271144254],[125.07205727754807,-11.986036293953529],[125.07425935172866,-11.986050356596213],[125.30845826072547,-11.981097725394601],[125.31041901913956,-11.9811525299595],[125.59120150652055,-12.002824313514843],[125.59314745156026,-12.003071042113412],[125.870937217094,-12.052245561151926],[125.87189920256652,-12.05244031416438],[126.67094516560316,-12.234727801070871],[126.67189643624475,-12.23496952188469],[126.94352862239646,-12.311135410603677],[126.9453890422862,-12.311757033425847],[127.20779014333343,-12.414002490985327],[127.20958067510126,-12.414803473561006],[127.34123923611702,-12.481636800163356],[127.34391994189625,-12.482875353978224],[127.84710505162565,-12.69318396069296],[127.84852785556235,-12.69374690898065],[127.94943826108305,-12.731457385886566],[127.9512397705724,-12.732233363114881],[128.20387677869377,-12.856085599398181],[128.204747206141,-12.856539141948993],[128.36493437377095,-12.945070632075284],[128.3680457674573,-12.946617775160323],[128.37127969557562,-12.947889046698036],[128.61477025953778,-13.031589678859707],[128.61659172215388,-13.032317587532912],[128.87806547699796,-13.152005142534987],[128.87980682124748,-13.152908080685986],[129.1282900766195,-13.29764821711778],[129.1299345324051,-13.298717488958468],[129.36343230011954,-13.467403838179962],[129.36421355828466,-13.46799795977078],[130.02045489774295,-13.992958302293156],[130.02120606268346,-13.993590042759552],[130.23704532126177,-14.184350904567703],[130.2384495747025,-14.185720448058232],[130.43421738073263,-14.396359004398507],[130.43548063357244,-14.397859594068999],[130.6096595751722,-14.626672468702907],[130.61076966159615,-14.62828965305513],[130.76168230034173,-14.8730732529176],[130.76262852961054,-14.874791457581875],[130.8194508189479,-14.99114267323919],[130.82126749659085,-14.994455870681039],[130.82338869812418,-14.997582865884441],[131.07991888373795,-15.339767763323],[131.08048817510408,-15.340567295763753],[131.2387880303436,-15.574852555675115],[131.2398051269391,-15.576529783033825],[131.37414504379058,-15.82477113094471],[131.3749928457588,-15.82653997489551],[131.48435397215786,-16.086753587346493],[131.4850243147021,-16.088597012954455],[131.56835344321902,-16.35827689061134],[131.56883987057398,-16.36017714467975],[131.57620334758283,-16.396222379464756],[131.57723655938787,-16.40021690804016],[131.57867576073494,-16.404083752316353],[131.58050563871498,-16.407781769589423],[134.03980537725235,-20.793112343913215],[134.04174466975957,-20.796226476702447],[134.04396111869562,-20.799149836511187],[134.17215979749454,-20.953033721446573],[134.17276933392796,-20.953803013408226],[134.38691612531593,-21.238142897184808],[134.38913220008632,-21.240832960198603],[134.39157403291122,-21.243319901866865],[134.3942230850503,-21.24558484097655],[134.4765243201137,-21.309963078638596],[134.477282327018,-21.310586593127596],[135.04685715390877,-21.80302847014346],[135.05059601119484,-21.80589430038485],[135.05464586566268,-21.808300690953207],[135.5833850968919,-22.08170130236171],[135.5842456148793,-22.082173376062958],[135.59789498583226,-22.090103183869815],[135.60181121295804,-22.092099071542414],[135.6059227870781,-22.0936532146368],[136.10790154930424,-22.252471603482938],[136.10882978415083,-22.25279054682374],[136.2222243377183,-22.294891944582584],[136.226196645445,-22.29613576733865],[136.23027670487903,-22.296960048078738],[136.90028928395702,-22.396365317712622],[136.90125633075277,-22.396533142860186],[137.17181576997922,-22.45035827493703],[137.1737184970028,-22.450834937262595],[137.43017149683808,-22.528636585389453],[137.4330667837042,-22.52939787550657],[137.43601089870887,-22.5299404946351],[139.18997946757952,-22.785760705117294],[139.1909469239473,-22.785926152878485],[139.24162861432885,-22.795879338916535],[139.24703323134173,-22.79656268483943],[139.67071770550714,-22.821003183175776],[139.68408049558542,-22.739231092816702],[139.71375338628238,-22.53972696091647],[139.75053211337817,-22.292447108859687],[139.78731084047396,-22.04516725680295],[139.82408956756976,-21.797887404746167],[139.86086829466555,-21.55060755268943],[139.8976470217612,-21.303327700633396],[139.9344257488571,-21.05604784857591],[139.9712044759529,-20.808767996519126],[140.0079832030487,-20.56148814446239],[140.0447619301445,-20.314208292405606],[140.11831938433608,-19.819648588292107],[140.15509811143187,-19.572368736235322],[140.19187683852766,-19.325088884178587],[140.22865556562346,-19.077809032121802],[140.26543429271925,-18.830529180065067],[140.3022130198149,-18.583249328009032],[140.3389917469108,-18.335969475951547],[140.3757704740066,-18.088689623894762],[140.4125492011024,-17.841409771838027],[140.4493279281982,-17.594129919781242],[140.52288538238977,-17.099570215667743],[140.55966410948557,-16.85229036361096],[140.59644283658136,-16.605010511554223],[140.63322156367715,-16.357730659497438],[140.67000029077295,-16.110450807440703],[140.7067790178686,-15.86317095538467],[140.7435577449645,-15.615891103327185],[140.7803364720603,-15.3686112512704],[140.8171151991561,-15.121331399213664],[140.85389392625189,-14.87405154715688],[140.89067265334768,-14.626771695100164],[140.92745138044347,-14.379491843043352],[140.96423010753927,-14.132211990986617],[141.00100883463506,-13.884932138929832],[141.07456628882665,-13.390372434816333],[141.1113450159223,-13.143092582760298],[141.1481237430182,-12.895812730702813],[141.184902470114,-12.648532878646028],[141.2216811972098,-12.401253026589293],[141.25845992430558,-12.153973174532508],[141.29523865140138,-11.906693322475773],[141.33201737849717,-11.659413470418988],[141.36879610559296,-11.412133618362253],[141.40557483268876,-11.164853766305468],[141.47913228688034,-10.670294062191969],[141.515911013976,-10.423014210135934],[141.5526897410719,-10.175734358078449],[141.5894684681677,-9.928454506021664],[141.6262471952635,-9.681174653964929],[141.66302592235928,-9.433894801908144],[141.69980464945507,-9.186614949851409],[141.73658337655087,-8.939335097794624],[141.77336210364666,-8.692055245737889],[141.81014083074245,-8.444775393681104],[141.84691955783825,-8.197495541624368],[141.8836982849339,-7.950215689568354],[141.9204770120298,-7.70293583751082],[141.9572557391256,-7.455655985454084],[141.9940344662214,-7.2083761333973],[142.0308131933172,-6.961096281340564],[142.06759192041298,-6.71381642928378],[142.10437064750877,-6.466536577227044],[142.14114937460457,-6.2192567251702595],[142.17792810170036,-5.971976873113523],[142.21470682879615,-5.724697021056739],[142.28826428298774,-5.23013731694324],[142.3250430100834,-4.982857464887205],[142.3618217371793,-4.73557761282972],[142.3986004642751,-4.4882977607729355],[142.43537919137088,-4.241017908716199],[142.47215791846668,-3.9937380566594154],[142.50893664556247,-3.7464582046026798],[142.54571537265826,-3.4991783525458953],[142.58249409975406,-3.2518985004891596],[142.61927282684985,-3.004618648432375],[142.65605155394564,-2.7573387963756395],[142.6928302810413,-2.5100589443196255],[142.7296090081372,-2.2627790922620914],[142.766387735233,-2.0154992402053558],[142.8031664623288,-1.7682193881485713],[142.83994518942458,-1.5209395360918356],[142.87672391652038,-1.2736596840350511],[142.91350264361617,-1.0263798319783155],[142.95028137071196,-0.7790999799215309],[142.98706009780776,-0.5318201278647953],[143.02383882490355,-0.2845402758080108],[143.06061755199934,-0.03726042375127514],[143.097396279095,0.2100194283047493],[143.24451118747828,1.1991388365325393],[143.28128991457407,1.4464186885892785],[143.35484736876566,1.9409783927028266],[156.68817699166618,-0.04213057230235007],[156.6146195374746,-0.5366902764158702],[156.5778408103788,-0.7839701284726095],[156.43072590199563,-1.7730895366996777],[156.39394717489998,-2.020369388755688],[156.35716844780407,-2.267649240813187],[156.32038972070828,-2.5149290928699717],[156.28361099361248,-2.7622089449267073],[156.2468322665167,-3.009488796983492],[156.2100535394209,-3.2567686490402274],[156.1732748123251,-3.504048501097012],[156.1364960852293,-3.7513283531537476],[156.09971735813352,-3.998608205210532],[156.06293863103772,-4.245888057267268],[156.02615990394193,-4.493167909324052],[155.98938117684628,-4.740447761380039],[155.95260244975037,-4.987727613437552],[155.91582372265458,-5.235007465494336],[155.8790449955588,-5.482287317551072],[155.842266268463,-5.729567169607856],[155.8054875413672,-5.976847021664592],[155.7687088142714,-6.224126873721376],[155.7319300871756,-6.471406725778112],[155.69515136007982,-6.718686577834896],[155.65837263298403,-6.965966429891632],[155.62159390588837,-7.213246281947667],[155.54803645169667,-7.707805986061916],[155.51125772460088,-7.9550858381187],[155.4744789975051,-8.202365690175435],[155.4377002704093,-8.44964554223222],[155.4009215433135,-8.696925394288956],[155.3641428162177,-8.94420524634574],[155.32736408912191,-9.191485098402476],[155.29058536202612,-9.43876495045926],[155.25380663493033,-9.686044802515996],[155.21702790783453,-9.93332465457278],[155.18024918073888,-10.180604506628766],[155.14347045364298,-10.42788435868628],[155.10669172654718,-10.675164210743064],[155.0699129994514,-10.9224440627998],[155.0331342723556,-11.169723914856585],[154.9963555452598,-11.41700376691332],[154.959576818164,-11.664283618970105],[154.92279809106822,-11.91156347102684],[154.88601936397242,-12.158843323083625],[154.84924063687663,-12.40612317514036],[154.81246190978098,-12.653403027196395],[154.73890445558928,-13.147962731310644],[154.70212572849348,-13.395242583367429],[154.6653470013977,-13.642522435424164],[154.6285682743019,-13.889802287480949],[154.5917895472061,-14.137082139537684],[154.5550108201103,-14.384361991594469],[154.51823209301452,-14.631641843651204],[154.48145336591872,-14.878921695707989],[154.44467463882293,-15.126201547764724],[154.40789591172728,-15.37348139982076],[154.33433845753558,-15.868041103935008],[154.2975597304398,-16.115320955991795],[154.260781003344,-16.36260080804853],[154.2240022762482,-16.609880660105315],[154.1872235491524,-16.85716051216203],[154.1504448220566,-17.104440364218842],[154.11366609496082,-17.351720216275577],[154.07688736786503,-17.599000068332362],[154.04010864076923,-17.846279920389097],[154.00332991367358,-18.093559772445133],[153.96655118657768,-18.340839624502618],[153.92977245948188,-18.588119476559402],[153.8929937323861,-18.835399328616138],[153.86043011058146,-19.054339140244338],[157.46851968607191,-19.657735323787776],[157.40046069862993,-20.115326373688706]]]}},{"type":"Feature","properties":{"layer":"pedestrian"},"geometry":{"type":"MultiPolygon","coordinates":[[[[48.80858718138689,-20.35343351695275],[48.57414270773134,-20.2496983082975],[48.417534543529264,-20.222766179490208],[48.084068320925,-20.165419518760118],[47.76757023542331,-20.02537785163707],[47.533125761767785,-19.921642642981826],[47.29868128811222,-19.81790743432656],[47.0642368144567,-19.714172225671312],[46.82979234080114,-19.61043701701605],[46.52226623788935,-19.474365204551997],[46.29841448398143,-19.309034182010173],[46.219105251428275,-19.273942035631507],[46.06249708722622,-19.247009906824218],[45.81745989382306,-19.204870512055532],[45.57242270041988,-19.162731117286835],[45.32738550701672,-19.12059172251815],[45.082348313613544,-19.078452327749453],[44.592273926807216,-18.994173538212078],[44.34723673340403,-18.95203414344338],[44.102199540000875,-18.909894748674695],[43.8571623465977,-18.867755353906],[43.61212515319454,-18.825615959137313],[43.367087959791355,-18.783476564368616],[43.1220507663882,-18.74133716959993],[42.87701357298502,-18.699197774831234],[42.631976379581864,-18.657058380062548],[42.38693918617868,-18.61491898529385],[42.14190199277552,-18.572779590525165],[41.896864799372345,-18.53064019575647],[41.65182760596919,-18.488500800987783],[41.406790412566004,-18.446361406219086],[41.16175321916285,-18.4042220114504],[40.91671602575967,-18.362082616681704],[40.67167883235651,-18.319943221913018],[40.42664163895333,-18.27780382714432],[40.18160444555017,-18.235664432375636],[39.93656725214699,-18.19352503760694],[39.69153005874384,-18.151385642838253],[39.44649286534065,-18.109246248069557],[39.201455671937495,-18.06710685330087],[38.956418478534324,-18.02496745853218],[38.71138128513115,-17.982828063763485],[38.46634409172799,-17.9406886689948],[38.221306898324805,-17.898549274226102],[37.97626970492165,-17.856409879457416],[37.73123251151847,-17.81427048468872],[37.486195318115314,-17.772131089920034],[37.24115812471213,-17.729991695151337],[36.99612093130897,-17.68785230038265],[36.751083737905795,-17.645712905613955],[36.50604654450264,-17.60357351084527],[36.26100935109945,-17.561434116076573],[36.0159721576963,-17.519294721307887],[35.77093496429312,-17.47715532653919],[35.52589777088996,-17.435015931770504],[35.28086057748678,-17.392876537001808],[35.03582338408362,-17.350737142233122],[34.79078619068044,-17.308597747464425],[34.300711803874115,-17.22431895792705],[34.05567461047093,-17.182179563158353],[33.81063741706777,-17.14004016838966],[33.32056303026144,-17.055761378852285],[32.830488643455084,-16.971482589314896],[32.58545145005193,-16.92934319454621],[32.340414256648764,-16.88720379977752],[32.09537706324558,-16.845064405008824],[31.850339869842422,-16.802925010240138],[31.605302676439244,-16.76078561547144],[31.360265483036084,-16.718646220702755],[31.115228289632906,-16.67650682593406],[30.870191096229743,-16.634367431165373],[30.625153902826572,-16.59222803639668],[30.135079516020234,-16.507949246859297],[29.890042322617063,-16.465809852090604],[29.645005129213896,-16.423670457321915],[29.154930742407558,-16.339391667784533],[28.909893549004387,-16.297252273015843],[28.41981916219805,-16.212973483478457],[28.174781968794882,-16.170834088709768],[27.92974477539171,-16.128694693941075],[27.68470758198854,-16.086555299172385],[27.439670388585373,-16.044415904403692],[27.194633195182206,-16.002276509635003],[26.949596001779035,-15.960137114866312],[26.704558808375864,-15.91799772009762],[26.459521614972694,-15.87585832532893],[26.214484421569534,-15.83371893056024],[25.969447228166356,-15.791579535791547],[25.724410034763196,-15.749440141022857],[25.479372841360014,-15.707300746254164],[25.234335647956854,-15.665161351485475],[24.98929845455368,-15.623021956716782],[24.91376258752487,-15.6100319461975],[24.735621605043793,-15.664267471789364],[24.479991691892998,-15.683723890907237],[24.213769058994576,-15.764776123911673],[23.87845353735661,-15.790297547618717],[23.111563797904225,-15.848666804972336],[22.855933884753433,-15.86812322409021],[22.510835632499195,-15.89438922774348],[22.17736940989493,-15.837042567013386],[22.02076124569286,-15.810110438206097],[21.76513133254207,-15.829566857323968],[21.520094139138898,-15.787427462555279],[21.26446422598811,-15.80688388167315],[20.930998003383838,-15.74953722094306],[20.597531780779562,-15.692190560212966],[20.363087307124022,-15.588455351557712],[20.206479142921943,-15.56152322275042],[19.87301292031768,-15.50417656202033],[19.638568446662138,-15.400441353365073],[19.393531253258974,-15.358301958596384],[19.077033167757282,-15.218260291473339],[18.924642305947888,-15.150831541285871],[18.679605112544724,-15.10869214651718],[18.363107027043036,-14.968650479394142],[18.128662553387482,-14.86491527073888],[17.82113645047569,-14.72884345827482],[17.533000986317873,-14.516034176738568],[17.37343294265985,-14.39818141319118],[17.212070098260572,-14.326782808344735],[17.059679236451178,-14.259354058157268],[16.90307107224911,-14.232421929349979],[16.65803387884593,-14.190282534581284],[16.167959492039593,-14.106003745043902],[15.922922298636431,-14.063864350275212],[15.67788510523325,-14.021724955506519],[15.43284791183009,-13.97958556073783],[15.18781071842692,-13.937446165969138],[14.942773525023753,-13.895306771200447],[14.697736331620577,-13.853167376431754],[14.452699138217417,-13.811027981663067],[14.207661944814244,-13.768888586894374],[13.962624751411074,-13.726749192125682],[13.717587558007898,-13.684609797356988],[13.472550364604738,-13.642470402588302],[13.22751317120157,-13.60033100781961],[12.982475977798396,-13.558191613050917],[12.73743878439523,-13.516052218282226],[12.492401590992063,-13.473912823513535],[12.247364397588893,-13.431773428744844],[12.002327204185722,-13.389634033976153],[11.757290010782551,-13.347494639207461],[11.51225281737938,-13.30535524443877],[11.267215623976222,-13.26321584967008],[11.022178430573044,-13.221076454901388],[10.777141237169884,-13.1789370601327],[10.532104043766703,-13.136797665364005],[10.287066850363543,-13.094658270595318],[10.042029656960361,-13.052518875826623],[9.995620000100933,-13.044537741108591],[9.960419993598006,-13.261249308457261],[9.92033830855268,-13.508015307987023],[9.880256623507353,-13.754781307516792],[9.840174938462022,-14.001547307046575],[9.800093253416696,-14.248313306576337],[9.760011568371374,-14.495079306106097],[9.719929883326037,-14.741845305635898],[9.519521458099401,-15.975675303284735],[9.479439773054072,-16.22244130281452],[9.31911303287276,-17.209505300933593],[9.279031347827436,-17.45627130046336],[9.198867977736777,-17.94980329952291],[9.158786292691445,-18.196569299052697],[9.078622922600793,-18.69010129811222],[9.038541237555469,-18.93686729764199],[8.878214497374154,-19.92393129576108],[8.798051127283493,-20.41746329482064],[8.637724387102185,-21.404527292939704],[8.597642702056861,-21.65129329246947],[8.477397646920874,-22.39159129105879],[8.437315961875543,-22.63835729058858],[8.397234276830222,-22.88512329011833],[8.196825851603577,-24.11895328776719],[8.156744166558253,-24.365719287296958],[8.11666248151292,-24.612485286826765],[7.956335741331609,-25.599549284945834],[7.9162540562862835,-25.8463152844756],[7.836090686195624,-26.33984728353515],[3.323234086795167,-25.606833427426192],[3.4033974568858225,-25.113301428366647],[3.443479141931151,-24.866535428836876],[3.6038058821124612,-23.8794714307178],[3.6438875671577926,-23.632705431188004],[3.683969252203121,-23.385939431658233],[3.88437767742976,-22.152109434009375],[3.9244593624750865,-21.905343434479615],[3.9645410475204166,-21.658577434949834],[4.0847861026564,-20.918279436360518],[4.124867787701728,-20.671513436830747],[4.2851945278830375,-19.684449438711674],[4.365357897973697,-19.19091743965212],[4.525684638155008,-18.203853441533035],[4.565766323200336,-17.957087442003264],[4.64592969329099,-17.463555442943733],[4.686011378336319,-17.21678944341395],[4.766174748426975,-16.723257444354406],[4.806256433472304,-16.476491444824635],[4.966583173653612,-15.489427446705559],[5.006664858698944,-15.242661447175777],[5.207073283925581,-14.008831449526934],[5.2471549689709125,-13.762065449997145],[5.2872366540162385,-13.51529945046738],[5.327318339061566,-13.268533450937614],[5.367400024106896,-13.021767451407836],[5.407481709152223,-12.775001451878065],[5.44756339419755,-12.5282354523483],[5.4876450792428795,-12.281469452818522],[5.527726764288207,-12.034703453288751],[5.607890134378861,-11.541171454229213],[5.647971819424191,-11.294405454699437],[5.6880535044695195,-11.047639455169664],[5.7281351895148465,-10.800873455639893],[5.8082985596055,-10.307341456580362],[5.848380244650831,-10.06057545705058],[5.928543614741487,-9.567043457991037],[5.968625299786813,-9.320277458461272],[6.008706984832142,-9.073511458931495],[6.048788669877471,-8.826745459401723],[6.088870354922799,-8.579979459871952],[6.128952039968125,-8.333213460342185],[6.169033725013454,-8.086447460812408],[6.249197095104109,-7.592915461752872],[6.289278780149438,-7.346149462223092],[6.329360465194766,-7.099383462693326],[6.3694421502400935,-6.852617463163555],[6.409523835285422,-6.605851463633781],[6.44960552033075,-6.3590854641040115],[6.489687205376078,-6.112319464574237],[6.529768890421406,-5.865553465044466],[6.569850575466733,-5.618787465514701],[6.609932260512061,-5.372021465984924],[6.650013945557388,-5.1252554664551555],[6.690095630602718,-4.878489466925381],[6.730177315648046,-4.631723467395612],[6.770259000693373,-4.384957467865841],[6.810340685738701,-4.138191468336067],[6.850422370784029,-3.891425468806297],[6.890504055829357,-3.6446594692765237],[6.930585740874685,-3.397893469746758],[6.955247072691533,-3.2460640696444982],[7.226693637727081,-3.256807569891759],[7.328998343206439,-3.2836606146295315],[7.340939794658788,-3.2864836823870833],[7.342859200482287,-3.286887982255416],[7.354924789302793,-3.2891217102533705],[7.400137105822207,-3.29634921492223],[7.44038491916109,-3.049608977284403],[7.661829306975105,-3.085008409784864],[7.662802013180786,-3.085139510595716],[7.835905770456627,-3.10415795630528],[7.841218177705836,-3.1051078566143366],[8.060456931037816,-3.1597938464390944],[8.061414796230345,-3.1600079470184563],[8.616114656585124,-3.2697742084808006],[8.620210670963054,-3.2708122582674783],[8.861258474771683,-3.345653685104311],[8.820616889016671,-3.594807954498662],[8.89360077871451,-3.617468266498123],[9.276596217920943,-3.785427710825354],[9.657069479739528,-4.004682375183338],[9.920403868411526,-4.1982736821960644],[10.353991796098763,-4.602273043005534],[10.358531897608252,-4.60640040793475],[10.35926619709479,-4.607051675198805],[10.363906221816402,-4.611066377374111],[10.518712111458452,-4.74172230604883],[10.605280369775018,-4.841152610958909],[10.609365853705375,-4.845730436209749],[10.610028320541604,-4.846454647833515],[10.614224919456433,-4.85093083153446],[10.802021693577467,-5.0463758376865915],[10.810738059453794,-5.055012558144308],[10.812164880386867,-5.056358574163431],[10.821294530805362,-5.064557199510903],[10.972177699965522,-5.193506883445872],[11.222671483291844,-5.490100212305431],[11.202952230003175,-5.611503323034338],[11.162870544957846,-5.858269322564114],[11.12278885991252,-6.1050353220938804],[11.08270717486719,-6.351801321623661],[11.042625489821864,-6.598567321153423],[11.002543804776536,-6.845333320683194],[10.962462119731207,-7.09209932021297],[10.922380434685879,-7.338865319742737],[10.88229874964055,-7.5856313192725136],[10.842217064595223,-7.832397318802284],[10.802135379549895,-8.079163318332046],[10.762053694504566,-8.325929317861833],[10.681890324413912,-8.819461316921366],[10.641808639368584,-9.066227316451144],[10.601726954323256,-9.31299331598091],[10.56164526927793,-9.559759315510679],[10.5215635842326,-9.806525315040453],[10.48148189918727,-10.053291314570233],[10.441400214141945,-10.300057314099993],[10.361236844051287,-10.793589313159538],[10.321155159005956,-11.040355312689327],[10.240991788915304,-11.53388731174885],[10.228103792302845,-11.61323326146163],[10.2877807551053,-11.623495993658336],[10.532817948508479,-11.66563538842703],[10.777855141911639,-11.707774783195717],[11.02289233531482,-11.749914177964412],[11.26792952871798,-11.7920535727331],[11.512966722121162,-11.834192967501794],[11.758003915524318,-11.876332362270484],[12.003041108927487,-11.918471757039175],[12.248078302330658,-11.960611151807866],[12.493115495733829,-12.002750546576557],[12.738152689137,-12.044889941345248],[12.98318988254017,-12.08702933611394],[13.228227075943337,-12.12916873088263],[13.473264269346513,-12.171308125651324],[13.718301462749666,-12.213447520420013],[13.963338656152834,-12.255586915188701],[14.208375849556015,-12.297726309957397],[14.45341304295918,-12.339865704726087],[14.698450236362351,-12.382005099494778],[14.943487429765513,-12.424144494263466],[15.188524623168695,-12.46628388903216],[15.43356181657186,-12.508423283800852],[15.678599009975027,-12.550562678569543],[15.923636203378186,-12.592702073338232],[16.168673396781365,-12.634841468106925],[16.41371059018453,-12.676980862875615],[16.90378497699087,-12.761259652412997],[17.148822170394045,-12.80339904718169],[17.48228839299831,-12.860745707911779],[17.798786478500006,-13.000787375034827],[18.1063125814118,-13.136859187498883],[18.394448045569618,-13.349668469035139],[18.55401608922763,-13.467521232582524],[18.71537893362692,-13.538919837428974],[18.949823407282462,-13.642655046084231],[19.102214269091856,-13.710083796271695],[19.347251462495027,-13.752223191040386],[19.663749547996716,-13.892264858163431],[19.816140409806113,-13.959693608350898],[20.061177603209277,-14.001833003119588],[20.29562207686482,-14.105568211774845],[20.452230241066882,-14.132500340582133],[20.785696463671155,-14.189847001312227],[21.0201409373267,-14.29358220996748],[21.176749101528774,-14.320514338774773],[21.33335726573083,-14.347446467582062],[21.588987178881624,-14.327990048464187],[21.8340243722848,-14.37012944323288],[22.0896542854356,-14.35067302411501],[22.423120508039865,-14.408019684845097],[22.579728672241934,-14.434951813652388],[22.745890246289303,-14.422304979069912],[23.001520159440094,-14.402848559952037],[23.768409898892482,-14.344479302598419],[23.944354203556113,-14.331087888069717],[24.210576836454536,-14.25003565506528],[24.46620674960533,-14.230579235947408],[24.820511032921097,-14.122710295530398],[25.235049552698616,-14.193999074548495],[25.480086746101794,-14.236138469317188],[25.725123939504954,-14.278277864085878],[25.97016113290813,-14.32041725885457],[26.21519832631129,-14.36255665362326],[26.46023551971447,-14.404696048391953],[26.70527271311763,-14.446835443160642],[26.950309906520804,-14.488974837929334],[27.195347099923975,-14.531114232698025],[27.440384293327146,-14.573253627466716],[27.685421486730313,-14.615393022235407],[27.93045868013348,-14.657532417004099],[28.17549587353665,-14.69967181177279],[28.42053306693982,-14.741811206541481],[28.66557026034299,-14.783950601310172],[29.155644647149327,-14.868229390847555],[29.400681840552497,-14.910368785616246],[29.890756227358835,-14.994647575153628],[30.135793420762003,-15.03678696992232],[30.380830614165173,-15.07892636469101],[30.87090500097151,-15.163205154228393],[31.11594219437468,-15.205344548997084],[31.360979387777842,-15.247483943765772],[31.60601658118102,-15.289623338534467],[31.851053774584184,-15.331762733303155],[32.09609096798736,-15.373902128071851],[32.34112816139052,-15.416041522840539],[32.5861653547937,-15.458180917609232],[32.831202548196856,-15.50032031237792],[33.07623974160003,-15.54245970714661],[33.566314128406376,-15.626738496683997],[34.0563885152127,-15.711017286221374],[34.30142570861588,-15.75315668099007],[34.54646290201905,-15.795296075758761],[35.03653728882538,-15.879574865296139],[35.281574482228564,-15.921714260064833],[35.52661167563172,-15.963853654833523],[35.7716488690349,-16.005993049602218],[36.016686062438055,-16.048132444370903],[36.26172325584123,-16.0902718391396],[36.50676044924439,-16.132411233908286],[36.751797642647574,-16.174550628676982],[36.99683483605073,-16.21669002344567],[37.241872029453916,-16.258829418214365],[37.48690922285707,-16.30096881298305],[37.73194641626025,-16.343108207751747],[37.97698360966341,-16.385247602520433],[38.222020803066584,-16.42738699728913],[38.46705799646974,-16.469526392057816],[38.712095189872926,-16.511665786826512],[38.95713238327608,-16.553805181595198],[39.20216957667927,-16.595944576363895],[39.447206770082424,-16.63808397113258],[39.69224396348559,-16.68022336590127],[39.93728115688877,-16.722362760669967],[40.18231835029193,-16.764502155438652],[40.427355543695114,-16.80664155020735],[40.67239273709827,-16.848780944976035],[40.91742993050145,-16.89092033974473],[41.162467123904605,-16.933059734513417],[41.40750431730778,-16.975199129282114],[41.65254151071094,-17.0173385240508],[41.897578704114125,-17.059477918819496],[42.14261589751728,-17.101617313588182],[42.387653090920466,-17.14375670835688],[42.63269028432362,-17.185896103125565],[42.8777274777268,-17.22803549789426],[43.12276467112996,-17.270174892662947],[43.367801864533135,-17.312314287431644],[43.61283905793629,-17.35445368220033],[43.857876251339476,-17.396593076969026],[44.10291344474263,-17.438732471737712],[44.34795063814582,-17.48087186650641],[44.592987831548974,-17.523011261275094],[44.83802502495215,-17.56515065604379],[45.32809941175848,-17.649429445581166],[45.573136605161665,-17.691568840349863],[45.81817379856482,-17.73370823511855],[46.063210991968,-17.775847629887245],[46.308248185371156,-17.81798702465593],[46.641714407975456,-17.875333685386032],[47.03129412273337,-18.047711956317876],[47.255145876641286,-18.213042978859693],[47.416508721040564,-18.284441583706133],[47.650953194696136,-18.388176792361403],[47.88539766835166,-18.49191200101665],[48.119842142007215,-18.595647209671913],[48.35428661566274,-18.699382418327158],[48.50667747747215,-18.766811168514636],[48.66328564167421,-18.79374329732192],[48.99675186427848,-18.851089958052018],[49.23119633793403,-18.95482516670727],[49.3878045021361,-18.981757295514562],[49.632841695539256,-19.023896690283248],[49.777979524580836,-19.048856249233925],[49.79449055844082,-18.952845914499783],[49.99743573846172,-18.992910459367963],[50.00650546643659,-18.994470754223254],[50.008446172578694,-18.994755774869216],[50.01758153570884,-18.99586915982251],[50.118034486106,-19.005616855770178],[50.129271938318155,-18.818326603009147],[50.314126328494424,-18.836264397597613],[50.31608562651464,-18.83635782332499],[50.536976573294176,-18.836039693821004],[50.54069538897172,-18.83620756023726],[51.097016673609566,-18.887342397660433],[51.097995965196574,-18.887408221459257],[51.37566443437937,-18.899236015475214],[51.37762591691174,-18.89922323368518],[51.654626375583085,-18.88380509425265],[51.65657716020639,-18.883600115101807],[51.83923089921854,-18.855288382335708],[51.843065036680215,-18.85488212226742],[52.391454399291234,-18.823396871313122],[52.39243261107792,-18.823316581303533],[52.66670497901806,-18.794012704438305],[52.668642828016495,-18.79370886507572],[52.72714105780013,-18.78156946643203],[52.72975846422216,-18.781116389438218],[53.076307783383704,-18.73291857944538],[53.077276316709494,-18.732759557491217],[53.19180639306249,-18.711056011622535],[53.1933928333811,-18.710788311382494],[53.2372135107807,-18.70429737267446],[53.23818059667766,-18.704129772993703],[53.376455493222586,-18.676654858500125],[57.11610318651173,-18.901034459809456],[61.98353070814402,-18.557670520695027],[61.994717188465195,-18.716246818269838],[62.22221270266951,-18.380994494867007],[62.801443443877176,-18.774048878432456],[62.731255161097636,-18.877482939362395],[63.26743489340557,-19.241323770260262],[63.47388366913352,-19.38141577593042],[63.64143083084392,-19.495109925220422],[63.64168479394575,-19.495237876117315],[63.69739354811033,-19.492145697737676],[63.946503318486606,-19.478318573838283],[64.19561308886287,-19.464491449938887],[65.44116194074428,-19.395355830441922],[65.69027171112054,-19.381528706542525],[66.49574925169959,-19.33681975058732],[66.80536982718604,-19.36940682532043],[67.304823937008,-19.427287655790106],[67.55265849000868,-19.456008752412725],[67.80049304300935,-19.484729849035343],[68.04832759601003,-19.513450945657954],[68.54399670201138,-19.570893138903195],[68.79183125501206,-19.599614235525806],[69.03966580801274,-19.628335332148428],[69.33752291504494,-19.662853451786013],[69.6726593023015,-19.749881407457444],[69.94867524484357,-19.862779438814425],[70.41052093517364,-20.051686893756177],[70.64144378033865,-20.146140621227044],[70.87236662550369,-20.24059434869793],[71.1032894706687,-20.335048076168796],[71.33421231583371,-20.429501803639663],[71.79605800616378,-20.618409258581416],[72.02698085132879,-20.712862986052283],[72.48882654165885,-20.901770440994035],[72.6970918798268,-20.9869566315543],[72.89135607466238,-21.051497606009804],[73.11292355972465,-21.111870064174248],[73.3536407646538,-21.177460416386634],[74.0686198041073,-21.372277097795145],[74.31859792035357,-21.694170807812682],[74.48455725176883,-21.78732377037273],[74.75178310590394,-22.026700256911603],[74.95243898665397,-22.20644446576733],[75.15317376613916,-22.37683546607058],[75.36755382120413,-22.538117841309248],[75.54389642060383,-22.661229880256116],[75.78851906464521,-22.770338791830955],[76.01258949296506,-22.936664707444933],[76.17469095240081,-23.008966737672086],[76.40958716519681,-23.113737374142218],[76.64448337799278,-23.218508010612343],[76.87937959078879,-23.32327864708247],[77.11427580358477,-23.42804928355261],[77.34917201638072,-23.53281992002272],[77.5023965168442,-23.601162564824396],[77.66004281678771,-23.62888796694084],[77.99384051138847,-23.68759327947697],[78.22873672418447,-23.792363915947107],[78.38638302412798,-23.820089318063552],[78.63210502140011,-23.863304675389838],[79.03547331861577,-23.934245434832576],[79.29202110036408,-23.915905513015023],[79.62581879496487,-23.974610825551164],[79.78346509490838,-24.002336227667612],[80.04001287665668,-23.983996305850063],[80.28573487392883,-24.027211663176352],[80.45308284959643,-24.01524839937749],[80.70963063134475,-23.99690847755995],[80.96530762637313,-23.97863080597997],[81.21714508481125,-23.960017907089195],[81.38876798448123,-23.94668233760845],[81.65746844871202,-23.867516891313183],[81.91837561980473,-23.853130364738163],[82.18731533084424,-23.777717788643066],[82.44413756986094,-23.763737280830455],[82.63608203715376,-23.709914709631118],[82.90477384915945,-23.634571646159053],[83.17346566116508,-23.559228582686995],[83.71084928517647,-23.40854245574286],[84.14463357540544,-23.28690630662488],[84.27421948127771,-23.311972560003078],[84.47009403418714,-23.29169377104326],[84.48298744997346,-23.2250382186857],[84.70294991461185,-23.26758632478725],[84.9257986017736,-23.244514917961805],[84.9327899644506,-23.31204508661737],[85.12612765006428,-23.349443068925133],[85.33326680457958,-23.327998061713433],[85.82842350712089,-23.27673474994717],[86.07600185839154,-23.251103094064035],[86.58790821747947,-23.198105699206256],[86.87564407307129,-23.181768553605245],[87.14736261485908,-23.1834585392399],[87.3962594315591,-23.185006582453905],[87.8940530649592,-23.18810266888192],[88.14294988165922,-23.189650712095926],[88.39184669835927,-23.191198755309934],[88.64074351505928,-23.192746798523938],[89.13853714845938,-23.195842884951954],[89.38976660285928,-23.197405436282253],[89.70436382488042,-23.201386720306616],[90.01132039885141,-23.259612062943457],[90.255861519976,-23.305998072475937],[90.50040264110054,-23.352384082008413],[90.7449437622251,-23.398770091540893],[90.98948488334966,-23.445156101073366],[91.23402600447423,-23.49154211060585],[91.47856712559879,-23.53792812013832],[91.72310824672336,-23.584314129670805],[91.96764936784791,-23.630700139203277],[92.21219048897247,-23.677086148735757],[92.45673161009705,-23.723472158268237],[92.71742811653031,-23.77292261705769],[92.97702725814702,-23.83447663479001],[93.22041187611941,-23.893232889725336],[93.46236285372537,-23.951643044978784],[93.70431383133129,-24.01005320023222],[93.94626480893724,-24.068463355485665],[94.19099784287629,-24.12767709958881],[94.43495445137816,-24.188504039727075],[94.6764622388502,-24.248720402881577],[94.91797002632225,-24.308936766036066],[95.88400117621052,-24.549802218654065],[96.12550896368256,-24.610018581808557],[96.6085245386267,-24.73045130811756],[96.85003232609874,-24.79066767127205],[97.09154011357083,-24.850884034426556],[97.33304790104287,-24.91110039758105],[97.81606347598701,-25.03153312389005],[98.05757126345905,-25.09174948704454],[99.0236024133473,-25.33261493966254],[99.26511020081935,-25.392831302817033],[99.74812577576348,-25.513264029126034],[99.98963356323553,-25.573480392280526],[100.23114135070762,-25.633696755435032],[100.47264913817966,-25.693913118589524],[101.19717250059585,-25.874562208053025],[101.4386802880679,-25.934778571207517],[102.16320365048409,-26.115427660671017],[102.40471143795615,-26.175644023825512],[102.73319017933892,-26.257545296603002],[103.10908984103942,-26.458224152704886],[103.38092486202319,-26.691762597380265],[103.59219160458547,-26.873265724869405],[103.74289006872623,-27.00273353517227],[103.96927733374339,-27.123593280494088],[104.18054407630564,-27.305096407983203],[104.63331860633994,-27.546815898626814],[104.84458534890221,-27.728319026115944],[105.00053129603056,-27.811572770324883],[105.22691856104773,-27.932432515646695],[105.37423474727039,-28.011079151301324],[105.61574253474244,-28.07129551445582],[105.8421297997596,-28.19215525977763],[106.08363758723169,-28.252371622932138],[106.31002485224886,-28.373231368253954],[106.4645616858102,-28.411762821785455],[106.70606947328223,-28.471979184939944],[106.9475772607543,-28.532195548094446],[107.18908504822637,-28.59241191124895],[107.43059283569843,-28.652628274403448],[107.67210062317048,-28.71284463755794],[107.82663745673183,-28.751376091089448],[107.99363229141187,-28.75109821851385],[108.33953999522406,-28.75052264224073],[108.61476613812941,-28.818864976127735],[108.88328110580429,-28.82651952878388],[109.13293288016915,-28.84408285624622],[109.39021944263521,-28.797684569909297],[109.63552389297418,-28.81216941081039],[109.8876768398028,-28.764449779558262],[110.13614567733876,-28.779121472532502],[110.30022827477988,-28.74806904525271],[110.55238122160854,-28.700349414000584],[110.89260451782468,-28.63596257877612],[111.14107335536065,-28.65063427175036],[111.30515595280177,-28.619581844470567],[111.47885048509538,-28.586710370486983],[111.73468754121669,-28.47659941500849],[111.98684048804533,-28.42887978375636],[112.1693313569828,-28.35033665067998],[112.49851460028793,-28.208657872799375],[112.82912596165161,-28.146090084278704],[113.16934925786775,-28.08170324905424],[115.99198421408498,-28.248375391390724],[116.24045305162093,-28.263047084364963],[116.4889218891569,-28.277718777339203],[116.73739072669288,-28.292390470313443],[116.98585956422883,-28.307062163287682],[118.22973673302364,-28.380511148275918],[118.51231088913082,-28.398398249401392],[118.79065092881329,-28.441462161385605],[119.52857607486067,-28.555631662750102],[119.77455112354313,-28.59368816320494],[120.75845131827293,-28.745914165024267],[121.0044263669554,-28.783970665479107],[121.9883265616852,-28.936196667298432],[122.23430161036767,-28.97425316775327],[122.72625170773256,-29.050366168662933],[122.97222675641501,-29.088422669117765],[123.2182018050975,-29.126479169572605],[124.20210199982729,-29.27870517139193],[124.44807704850976,-29.31676167184677],[125.1860021945571,-29.430931173211263],[125.43197724323957,-29.468987673666103],[125.92392734060446,-29.545100674575764],[126.16990238928692,-29.583157175030596],[126.41587743796939,-29.62121367548543],[126.66185248665185,-29.659270175940268],[127.64575268138165,-29.811496177759594],[127.89172773006412,-29.849552678214433],[128.87562792479392,-30.00177868003376],[129.12160297347637,-30.0398351804886],[129.85952811952373,-30.154004681853092],[130.10550316820618,-30.19206118230793],[131.089403362936,-30.344287184127257],[131.33537841161845,-30.382343684582096],[131.5813534603009,-30.420400185036925],[131.82732850898336,-30.458456685491758],[132.3192786063483,-30.534569686401422],[132.56525365503074,-30.57262618685626],[133.3031788010781,-30.686795688220755],[133.54915384976056,-30.724852188675595],[134.53305404449037,-30.87707819049492],[134.58758098762706,-30.88551443086726],[134.88797719405574,-29.40928948459977],[134.91290076010168,-29.256772526476496],[134.95321972060327,-29.010045184206806],[134.9935386811053,-28.76331784193475],[135.07417660210868,-28.269863157394134],[135.0955941234505,-28.138801045352505],[135.14588335656916,-28.141871645257414],[135.19622497650852,-27.894479855349307],[135.20171999520258,-27.894815374561535],[135.20368138059632,-27.894838707711145],[135.39528533186487,-27.887709346088354],[135.3989734880991,-27.8877422764895],[135.4026429323384,-27.888114781246557],[136.0708078507732,-27.9872459258712],[136.07178196750834,-27.987366098128785],[136.34631437460757,-28.014412584960635],[136.3482735334715,-28.014508884725533],[136.62364396489946,-28.01451624074167],[136.6256031289055,-28.014420045647586],[136.62767068096935,-28.01421646530979],[136.632523877118,-28.014034855083693],[136.63736331093122,-28.01444274661204],[136.6511217191242,-28.01644944099773],[136.6006428668151,-28.264515626398712],[136.6197309032181,-28.264516136300603],[138.35399798374004,-28.517462840959706],[138.36007992313267,-28.518273813339864],[138.3610543322935,-28.518391590977966],[138.3671543421778,-28.519053060843863],[138.63639277317102,-28.54490997637463],[138.6486322980735,-28.54578290507974],[138.65059168771225,-28.545874389187578],[138.66285930215162,-28.546145701389978],[138.7351719946561,-28.54596989705903],[138.7242152709706,-28.61301833484794],[138.68389631046867,-28.85974567711957],[138.6032583894652,-29.35320036166059],[138.56293942896326,-29.599927703932234],[138.52262046846158,-29.846655046202343],[138.48230150795965,-30.093382388474],[138.44198254745785,-30.340109730744874],[138.40166358695618,-30.586837073015012],[138.36134462645424,-30.833564415286656],[138.32102566595256,-31.080291757556797],[138.28070670545063,-31.32701909982843],[138.24038774494883,-31.573746442099285],[138.22892399946545,-31.643897542732464],[138.20006878444715,-31.82047378436945],[138.15974982394522,-32.06720112664105],[138.11943086344354,-32.313928468911215],[138.0791119029416,-32.560655811182855],[138.0387929424398,-32.807383153453706],[137.99847398193813,-33.054110495723876],[137.9581550214362,-33.30083783799547],[137.91783606093452,-33.547565180265636],[137.87751710043258,-33.79429252253724],[137.8371981399308,-34.041019864808156],[137.7968791794291,-34.28774720707826],[137.75656021892718,-34.53447454934992],[137.6759222979237,-35.027929233890916],[137.63560333742177,-35.27465657616258],[137.5952843769201,-35.52138391843268],[137.55496541641816,-35.768111260704345],[137.47432749541468,-36.26156594524534],[137.43400853491275,-36.50829328751696],[137.39368957441107,-36.755020629787126],[137.35337061390914,-37.001747972058766],[137.27273269290566,-37.49520265659976],[137.23241373240373,-37.741929998871385],[137.19209477190205,-37.98865734114155],[137.1517758114001,-38.23538468341319],[137.07113789039664,-38.72883936795418],[137.0308189298947,-38.975566710225806],[136.9904999693929,-39.22229405249672],[136.95018100889124,-39.469021394766855],[136.9098620483893,-39.71574873703846],[136.86954308788762,-39.962476079308594],[136.8292241273857,-40.209203421580256],[136.7485862063822,-40.70265810612125],[136.70826724588028,-40.94938544839291],[136.6679482853786,-41.196112790663015],[136.62762932487666,-41.44284013293468],[136.5469914038732,-41.9362948174757],[136.50667244337126,-42.183022159747274],[136.46635348286958,-42.42974950201746],[136.42603452236764,-42.6764768442891],[136.34539660136417,-43.16993152883009],[136.30507764086224,-43.41665887110175],[136.26475868036044,-43.663386213372604],[136.22443971985876,-43.910113555642766],[136.18412075935683,-44.15684089791441],[136.14380179885515,-44.40356824018451],[136.10348283835322,-44.65029558245614],[136.06316387785142,-44.897022924727054],[136.02284491734974,-45.14375026699719],[135.9825259568478,-45.39047760926879],[135.94220699634613,-45.63720495153896],[135.9018880358442,-45.88393229381056],[135.8615690753424,-46.130659636081475],[135.82125011484072,-46.37738697835161],[135.7809311543388,-46.62411432062325],[135.7406121938371,-46.870841662893326],[135.70029323333517,-47.11756900516501],[135.65997427283338,-47.3642963474359],[142.31174342045645,-48.45129552256422],[132.0502545644734,-46.77441382771047],[132.09057352497518,-46.52768648543958],[132.1308924854772,-46.28095914316746],[132.1712114459788,-46.03423180089782],[132.21153040648082,-45.78750445862578],[132.2518493669824,-45.54077711635605],[132.2921683274842,-45.29404977408512],[132.33248728798623,-45.04732243181313],[132.37280624848785,-44.80059508954335],[132.41312520898984,-44.55386774727136],[132.45344416949143,-44.307140405001626],[132.49376312999323,-44.060413062730696],[132.53408209049525,-43.813685720458665],[132.57440105099684,-43.56695837818898],[132.61472001149886,-43.32023103591694],[132.65503897200045,-43.07350369364716],[132.69535793250225,-42.826776351376324],[132.73567689300427,-42.58004900910424],[132.81631481400765,-42.08659432456367],[132.85663377450967,-41.83986698229163],[132.8969527350113,-41.59313964002181],[132.9372716955133,-41.34641229774987],[133.01790961651668,-40.85295761320925],[133.0582285770187,-40.60623027093717],[133.0985475375203,-40.35950292866748],[133.1388664980223,-40.1127755863954],[133.2195044190257,-39.61932090185483],[133.25982337952772,-39.37259355958275],[133.3001423400293,-39.12586621731302],[133.34046130053133,-38.87913887504103],[133.38078026103292,-38.63241153277129],[133.42109922153475,-38.38568419050036],[133.46141818203674,-38.13895684822833],[133.54205610304012,-37.64550216368776],[133.58237506354214,-37.39877482141572],[133.62269402404377,-37.15204747914594],[133.66301298454576,-36.90532013687391],[133.74365090554915,-36.41186545233334],[133.78396986605117,-36.1651381100613],[133.8242888265528,-35.91841076779152],[133.86460778705478,-35.67168342551949],[133.94524570805817,-35.178228740978916],[133.9855646685602,-34.931501398706835],[134.02588362906178,-34.68477405643715],[134.0662025895638,-34.43804671416507],[134.1468405105672,-33.944592029624495],[134.1871594710692,-33.697864687352414],[134.2274784315708,-33.45113734508273],[134.26779739207262,-33.2044100028118],[134.30811635257461,-32.95768266053981],[134.3484353130762,-32.71095531827003],[134.38875427357823,-32.46422797599804],[134.4114226040533,-32.32551167820098],[134.31135230035858,-32.3100291096296],[133.32745210562877,-32.157803107810274],[133.0814770569463,-32.11974660735544],[132.34355191089895,-32.00557710599094],[132.0975768622165,-31.9675206055361],[131.6056267648516,-31.89140760462644],[131.35965171616914,-31.853351104171608],[131.11367666748666,-31.815294603716776],[130.8677016188042,-31.777238103261936],[129.8838014240744,-31.62501210144261],[129.63782637539194,-31.58695560098777],[128.89990122934458,-31.472786099623278],[128.65392618066213,-31.43472959916844],[127.67002598593231,-31.282503597349113],[127.42405093724985,-31.244447096894273],[126.44015074252005,-31.092221095074947],[126.19417569383758,-31.054164594620108],[125.94820064515514,-31.01610809416528],[125.70222559647269,-30.978051593710447],[125.21027549910777,-30.901938592800782],[124.9643004504253,-30.863882092345943],[124.22637530437795,-30.74971259098145],[123.98040025569549,-30.71165609052661],[122.99650006096569,-30.559430088707284],[122.75052501228322,-30.521373588252445],[122.50454996360078,-30.483317087797616],[122.01259986623586,-30.40720408688795],[121.76662481755339,-30.36914758643311],[120.7827246228236,-30.216921584613786],[120.53674957414113,-30.178865084158947],[119.55284937941133,-30.02663908233962],[119.30687433072886,-29.98858258188478],[118.56894918468151,-29.874413080520288],[118.35533912699907,-29.841363991594836],[118.14119943520372,-29.827808830093556],[116.90038822863886,-29.754540885339395],[116.65191939110291,-29.739869192365155],[116.40345055356693,-29.725197499390916],[116.15498171603096,-29.710525806416676],[115.90651287849501,-29.695854113442437],[113.26283340892097,-29.53974901034565],[113.09875081147987,-29.570801437625438],[112.92505627918624,-29.60367291160902],[112.7425654102488,-29.682216044685397],[112.41338216694363,-29.823894822566015],[112.16122922011499,-29.871614453818143],[111.90539216399368,-29.981725409296637],[111.57478080263003,-30.044293197817304],[111.23455750641386,-30.108680033041768],[110.9860886688779,-30.09400834006753],[110.8220060714368,-30.125060767347318],[110.56985312460813,-30.172780398599446],[110.22962982839198,-30.23716723382391],[109.98116099085601,-30.22249554084967],[109.7290080440274,-30.2702151721018],[109.47737481929443,-30.255356627054415],[109.21193767744002,-30.303224764411336],[108.81171182858762,-30.275068354707567],[108.417112751759,-30.263819524008092],[108.16339394481527,-30.200817749414586],[107.99604502877348,-30.201096211167087],[107.64978324359963,-30.201672376617125],[107.32130450221685,-30.119771103839632],[107.0797967147448,-30.05955474068514],[106.83828892727273,-29.999338377530638],[106.59678113980065,-29.939122014376135],[106.3552733523286,-29.878905651221636],[106.11376556485656,-29.818689288067148],[105.78528682347377,-29.736788015289648],[105.5588995584566,-29.61592826996783],[105.31739177098457,-29.555711906813343],[105.0910045059674,-29.434852161491534],[104.84949671849533,-29.37463579833703],[104.54403837468368,-29.21156294334804],[104.3176511096665,-29.09070319802622],[104.02082252676054,-28.932237451591536],[103.80955578419827,-28.750734324102414],[103.3567812541639,-28.509014833458775],[103.14551451160163,-28.32751170596963],[102.9191272465845,-28.206651960647825],[102.64729222560074,-27.973113515972464],[102.43602548303845,-27.791610388483317],[102.28532701889769,-27.66214257818045],[102.20845215056386,-27.62110194363871],[102.05391531700252,-27.582570490107205],[101.81240752953046,-27.52235412695271],[101.08788416711427,-27.34170503748921],[100.84637637964222,-27.281488674334717],[100.12185301722603,-27.100839584871217],[99.88034522975398,-27.040623221716725],[99.6388374422819,-26.98040685856222],[99.39732965480985,-26.920190495407727],[98.91431407986572,-26.799757769098726],[98.67280629239367,-26.739541405944234],[97.70677514250542,-26.498675953326234],[97.46526735503338,-26.438459590171743],[96.98225178008924,-26.31802686386274],[96.7407439926172,-26.25781050070825],[96.49923620514511,-26.197594137553743],[96.25772841767306,-26.13737777439925],[95.77471284272893,-26.01694504809025],[95.53320505525689,-25.956728684935758],[94.56717390536863,-25.71586323231776],[94.32566611789659,-25.655646869163267],[94.08415833042451,-25.59543050600876],[93.84509936398227,-25.535824719838033],[93.60581126998817,-25.47792829721826],[93.3640399454004,-25.41956151257149],[93.12208896779447,-25.36115135731805],[92.88013799018852,-25.302741202064603],[92.63962065294902,-25.24467714649305],[92.41489125854919,-25.191391157018234],[92.18650552273336,-25.148069596742737],[91.94196440160877,-25.101683587210257],[91.69742328048423,-25.05529757767778],[91.45288215935966,-25.008911568145308],[91.20834103823509,-24.962525558612825],[90.96379991711053,-24.916139549080352],[90.71925879598597,-24.86975353954787],[90.47471767486141,-24.823367530015396],[90.23017655373684,-24.776981520482913],[89.9856354326123,-24.730595510950437],[89.74109431148771,-24.684209501417957],[89.55896864320961,-24.649662824989846],[89.37608305524756,-24.64734837521511],[89.1295188762474,-24.6458148401174],[88.63172524284731,-24.642718753689383],[88.3828284261473,-24.64117071047538],[88.13393160944725,-24.63962266726137],[87.88503479274722,-24.638074624047366],[87.38724115934713,-24.63497853761935],[87.1383443426471,-24.633430494405346],[86.91226925103483,-24.632024393611985],[86.70372854088355,-24.64386497544866],[86.22532149488887,-24.693394204123408],[85.97774314361823,-24.719025860006543],[85.48258644107692,-24.770289171772806],[85.23500808980629,-24.79592082765594],[85.08799062072758,-24.81114146854354],[85.10086300318424,-24.9354769090659],[84.86028910384549,-24.960383397741776],[84.84739568805917,-25.027038950099335],[84.62743322342078,-24.984490843997786],[84.40458453625904,-25.00756225082323],[84.39759317358202,-24.940032082167665],[84.1601350646733,-24.894099732622795],[84.18173585120948,-24.78242937452771],[84.10233956473387,-24.80469264859894],[83.56495594072251,-24.955378775543068],[83.29626412871687,-25.03072183901513],[83.02757231671116,-25.106064902487198],[82.68213315999262,-25.202928458231987],[82.42531092097592,-25.2169089660446],[82.15686700800406,-25.292182516893632],[81.90558644466157,-25.306038228437213],[81.65269834490002,-25.380544982036234],[81.32674848594124,-25.40587217904632],[81.07044200678466,-25.42481537602416],[80.8130234383165,-25.443217548079282],[80.55647565656815,-25.461557469896825],[80.2107280687391,-25.486274049733055],[79.96500607146697,-25.443058692406765],[79.70845828971868,-25.461398614224315],[79.37466059511789,-25.402693301688178],[79.21701429517438,-25.374967899571732],[78.9604665134261,-25.393307821389286],[78.38094682155314,-25.291387151526852],[78.13522482428101,-25.248171794200566],[77.8014271296802,-25.189466481664425],[77.56653091688423,-25.084695845194297],[77.40888461694074,-25.05697044307786],[77.07508692233996,-24.99826513054172],[76.75851899721143,-24.857066502403132],[76.52362278441545,-24.752295865933007],[76.28872657161945,-24.647525229462868],[76.05383035882348,-24.54275459299275],[75.81893414602749,-24.43798395652262],[75.5840379332315,-24.33321332005249],[75.2763469670753,-24.1959740773394],[75.05227653875548,-24.029648161725444],[74.82710675720492,-23.929215800360033],[74.51640759791442,-23.71230390766058],[74.2473588006213,-23.50989315135495],[73.99935790133888,-23.299380945083524],[73.78430295391068,-23.106738291195178],[73.63581797986755,-22.973727914990008],[73.35320469226451,-22.81509709396564],[73.22033377117256,-22.644000862079483],[72.97244399090943,-22.576456134638434],[72.73172678598027,-22.51086578242605],[72.47185986118421,-22.44005753616571],[72.19346249932464,-22.34756474800438],[71.93988214716256,-22.2438434836229],[71.47803645683251,-22.054936028681155],[71.2471136116675,-21.960482301210288],[70.78526792133744,-21.771574846268535],[70.55434507617242,-21.67712111879767],[70.32342223100738,-21.58266739132679],[70.09249938584236,-21.48821366385591],[69.86157654067736,-21.39375993638505],[69.3997308503473,-21.204852481443297],[69.21390110255933,-21.12884305785854],[69.07055707852645,-21.09161959349104],[68.87274507955728,-21.068695519883388],[68.6249105265566,-21.03997442326077],[68.37707597355593,-21.01125332663816],[67.88140686755457,-20.953811133392918],[67.6335723145539,-20.925090036770307],[67.38573776155322,-20.896368940147685],[67.13790320855253,-20.867647843525067],[66.6460191063718,-20.81064428750427],[66.45981301107558,-20.791046391164063],[65.77063192939694,-20.829300178605216],[65.52152215902068,-20.843127302504612],[64.27597330713927,-20.912262922001577],[64.026863536763,-20.926090045900974],[63.77775376638671,-20.939917169800367],[63.33524297979873,-20.964479239219514],[62.90504997863626,-20.74774074476801],[62.65969958889079,-20.581250882717725],[62.45325081316284,-20.441158877047567],[61.91707108085491,-20.077318046149706],[61.84688279807537,-20.180752107079645],[61.633515175158166,-20.035965110236745],[57.123730531188365,-20.354099774395433],[50.33385062843578,-19.946705637174478],[50.20091610247019,-20.719709220348754],[49.511042986940666,-20.601070759175343],[49.532228426435914,-20.477879131402215],[49.38709059739432,-20.452919572451535],[49.14205340399116,-20.41078017768285],[48.80858718138689,-20.35343351695275]]],[[[-12.393682654429638,-19.254821765802166],[-12.353600969384303,-19.00805576627237],[-12.233355914248323,-18.267757767683076],[-12.193274229202999,-18.02099176815331],[-12.032947489021684,-17.033927770034218],[-11.952784118931023,-16.54039577097466],[-11.792457378749715,-15.553331772855593],[-11.75237569370439,-15.306565773325824],[-11.672212323613731,-14.813033774266277],[-11.6321306385684,-14.566267774736488],[-11.551967268477748,-14.072735775676964],[-11.511885583432424,-13.825969776147195],[-11.351558843251109,-12.838905778028106],[-11.311477158205777,-12.59213977849832],[-11.11106873297914,-11.358309780849478],[-11.070987047933809,-11.11154378131969],[-11.03090536288849,-10.864777781789947],[-10.990823677843157,-10.618011782260163],[-10.950741992797827,-10.371245782730384],[-10.9106603077525,-10.124479783200623],[-10.870578622707171,-9.877713783670849],[-10.830496937661842,-9.63094778414107],[-10.790415252616517,-9.38418178461131],[-10.71025188252586,-8.890649785551764],[-10.670170197480532,-8.643883786021986],[-10.630088512435204,-8.39711778649222],[-10.590006827389878,-8.150351786962451],[-10.50984345729922,-7.656819787902907],[-10.46976177225389,-7.4100537883731175],[-10.389598402163237,-6.916521789313594],[-10.349516717117911,-6.669755789783824],[-10.309435032072578,-6.422989790254041],[-10.269353347027252,-6.17622379072428],[-10.229271661981926,-5.92945779119451],[-10.189189976936596,-5.682691791664737],[-10.149108291891269,-5.435925792134958],[-10.068944921800613,-4.942393793075422],[-10.028863236755283,-4.695627793545642],[-9.988781551709957,-4.448861794015885],[-9.94869986666463,-4.202095794486104],[-9.9086181816193,-3.9553297949563326],[-9.931395894941561,-4.095562551853002],[-9.931378881865731,-4.095566174014313],[-9.717688881981765,-4.130199187137544],[-9.709098945249968,-4.080938948218551],[-8.277673042994445,-4.312931985256631],[-8.28626297817514,-4.362192224427012],[-5.418284728787242,-4.827009148017851],[-5.435843267264172,-4.935109650595063],[-5.4759249523095,-5.18187565012484],[-5.516006637354827,-5.428641649654603],[-5.556088322400155,-5.675407649184379],[-5.63625169249081,-6.168939648243917],[-5.676333377536139,-6.415705647773693],[-5.7164150625814685,-6.662471647303466],[-5.756496747626795,-6.909237646833237],[-5.796578432672122,-7.156003646363002],[-5.836660117717452,-7.40276964589278],[-5.876741802762779,-7.649535645422551],[-5.956905172853433,-8.143067644482082],[-5.996986857898763,-8.389833644011864],[-6.07715022798942,-8.883365643071407],[-6.117231913034747,-9.130131642601178],[-6.157313598080074,-9.376897642130945],[-6.197395283125402,-9.623663641660722],[-6.27755865321606,-10.117195640720265],[-6.317640338261386,-10.36396164025003],[-6.357722023306715,-10.610727639779807],[-6.397803708352043,-10.85749363930958],[-6.437885393397369,-11.104259638839345],[-6.477967078442699,-11.351025638369121],[-6.518048763488029,-11.597791637898899],[-6.558130448533353,-11.844557637428654],[-6.5982121335786825,-12.091323636958435],[-6.798620558805319,-13.325153634607283],[-6.83870224385065,-13.571919634137064],[-6.999028984031962,-14.558983632256151],[-7.03911066907729,-14.805749631785922],[-7.119274039167944,-15.299281630845453],[-7.159355724213274,-15.546047630375234],[-7.23951909430393,-16.03957962943478],[-7.279600779349257,-16.28634562896455],[-7.439927519530567,-17.273409627083623],[-7.520090889621226,-17.766941626143176],[-7.6804176298025375,-18.754005624262263],[-7.720499314847865,-19.000771623792033],[-7.840744369983847,-19.741069622381335],[-7.880826055029177,-19.98783562191112],[-7.920907740074505,-20.23460162144089],[-8.121316165301145,-21.46843161908975],[-8.161397850346471,-21.715197618619513],[-8.201479535391803,-21.961963618149305],[-8.361806275573114,-22.949027616268392],[-8.401887960618442,-23.195793615798163],[-8.482051330709098,-23.689325614857704],[-12.994907930109555,-22.956311758748747],[-12.9147445600189,-22.462779759689205],[-12.874662874973575,-22.216013760159438],[-12.71433613479226,-21.228949762040347],[-12.67425444974693,-20.982183762510548],[-12.634172764701606,-20.735417762980795],[-12.433764339474962,-19.501587765331934],[-12.393682654429638,-19.254821765802166]]],[[[34.23500382651599,1.5185307376613018],[34.17286583970202,1.4843803889651404],[34.17172864398869,1.4837790030350613],[33.798151918039274,1.293842898736001],[30.24002594456752,1.812494787376545],[27.06756415461623,2.276859289401377],[27.0401448590471,2.1380391936491767],[26.35341239820138,2.2736803644668244],[26.37763403584739,2.3963111610464174],[26.237680713290203,2.4239542879026867],[25.99602093680017,2.4716861440352345],[25.754361160310147,2.5194180001677813],[25.27104160733009,2.614881712432876],[25.029381830840066,2.6626135685654226],[24.78772205435004,2.7103454246979704],[24.546062277860017,2.7580772808305163],[24.304402501369985,2.805809136963064],[24.06274272487996,2.853540993095611],[23.821082948389936,2.9012728492281585],[23.579423171899908,2.949004705360705],[23.33776339540988,2.996736561493252],[23.096103618919855,3.0444684176258],[22.85444384242983,3.092200273758346],[22.612784065939803,3.139932129890893],[22.371124289449778,3.1876639860234395],[22.12946451295975,3.2353958421559876],[21.88780473646972,3.2831276982885345],[21.646144959979697,3.330859554421082],[21.404485183489673,3.3785914105536285],[21.162825406999644,3.4263232666861754],[20.92116563050962,3.474055122818722],[20.67950585401959,3.521786978951269],[20.437846077529564,3.5695188350838167],[20.19618630103954,3.6172506912163636],[19.95452652454951,3.6649825473489113],[19.712866748059486,3.712714403481458],[19.229547195079434,3.8081781157465517],[18.98788741858941,3.8559099718790986],[18.746227642099377,3.9036418280116463],[18.504567865609353,3.951373684144193],[18.262908089119325,3.999105540276741],[18.0212483126293,4.046837396409288],[17.779588536139276,4.0945692525418345],[17.537928759649247,4.142301108674381],[17.296268983159223,4.190032964806928],[17.05460920666919,4.237764820939476],[16.571289653689142,4.3332285332045695],[16.329629877199114,4.380960389337117],[16.08797010070909,4.428692245469664],[15.846310324219061,4.476424101602211],[15.604650547729035,4.524155957734758],[15.362990771239007,4.571887813867306],[14.879671218258956,4.667351526132399],[14.63801144176893,4.715083382264946],[14.3963516652789,4.762815238397494],[14.154691888788877,4.81054709453004],[13.91303211229885,4.858278950662587],[13.671372335808824,4.906010806795134],[13.429712559318794,4.953742662927683],[12.963433736114784,5.045840545455293],[12.947521587336679,4.950444119676654],[12.906389787624951,4.703850983007305],[12.865257987913187,4.457257846337776],[12.82412618820143,4.210664709668281],[12.78299438848972,3.9640715729990434],[12.741862588777938,3.7174784363294027],[12.700730789066201,3.4708852996600195],[12.659598989354473,3.22429216299067],[12.61846718964271,2.977699026321141],[12.577335389930951,2.731105889651646],[12.536203590219214,2.484512752982263],[12.495071790507486,2.2379196163129134],[12.453939990795723,1.9913264796433843],[12.412808191083965,1.7447333429738894],[12.377000164792122,1.5300572630763831],[12.235444471312531,1.6116313161740445],[12.230091055929856,1.6146294166918527],[12.229228882165375,1.615098459530972],[12.223803502061365,1.617964277686683],[11.978254943255223,1.743839531934744],[11.967201402447925,1.7491674968348634],[11.965414064370673,1.7499755808010657],[11.954177296246403,1.7547291645436975],[11.863477250319592,1.7905153347450133],[11.266046230021868,2.052513708409643],[11.260397234654002,2.05490881055956],[11.259488966022927,2.0552808224934496],[11.25378289327769,2.0575365699971178],[10.996320068275264,2.155681939105547],[10.984750471462844,2.159770019822904],[10.98288552800828,2.1603779367663805],[10.971157704159307,2.1638856517246103],[10.77456678729076,2.217477712673076],[10.21482249339856,2.3913048339395786],[10.201942560037029,2.395898978535809],[10.190287463583013,2.3997365169395963],[10.188409839553497,2.400304059979943],[10.176581571067198,2.40356481604031],[9.934487749702377,2.463952831040619],[9.934036501409434,2.4640735247235974],[9.932080604060593,2.46458819282565],[9.931862089228249,2.464644747980567],[9.929703165234338,2.4650911474335415],[9.929715840347486,2.465141962569442],[9.90986876703891,2.47009253281539],[9.903897632386174,2.4715043451025553],[9.902939767193645,2.4717184456819172],[9.896935783327184,2.472983293777537],[9.647722752245826,2.522298580628346],[9.621134727241605,2.2727121658480836],[9.154727154221368,2.365006790864597],[9.153759937401915,2.3651736333331175],[8.881811681213653,2.4052384111919247],[8.87985941304887,2.4054287427753485],[8.605784105591967,2.418621398133785],[8.603822582374494,2.4186194574759434],[8.456530972375893,2.411237401059685],[8.453341880115357,2.4112048697451947],[8.450160332844638,2.4114265106638433],[8.268883150930273,2.4313429486249643],[8.267905183579925,2.4314261630878313],[8.180401130583284,2.436712666759398],[8.206911157662574,2.6855669014533015],[8.012637314132748,2.697303836508746],[8.000374561123715,2.697742998201755],[7.998413161153402,2.6977650720612982],[7.9861436305244595,2.6976019999938097],[7.936266522355348,2.6957140622929323],[7.944244707385019,2.743544832771812],[7.985376507096776,2.990137969441299],[8.02650830680851,3.2367311061106903],[8.067640106520251,3.483324242780095],[8.108771906232006,3.7299173794495686],[8.149903705943762,3.9765105161190557],[8.191035505655497,4.223103652788447],[8.232167305367238,4.469696789457852],[8.273299105079007,4.716289926127408],[8.31443090479073,4.96288306279673],[8.355562704502484,5.209476199466204],[8.39669450421424,5.456069336135691],[8.437826303925975,5.702662472805082],[8.478958103637716,5.949255609474487],[8.52008990334947,6.195848746143961],[8.56122170306122,6.442441882813406],[8.602353502772964,6.689035019482839],[8.643485302484713,6.935628156152284],[8.684617102196457,7.182221292821717],[8.725748901908206,7.428814429491163],[8.748013671754673,7.562296053736645],[8.766880701619957,7.6754075661606365],[8.808012501331698,7.922000702830041],[8.849144301043442,8.168593839499474],[8.890276100755191,8.415186976168918],[8.931407900466935,8.661780112838352],[8.972539700178684,8.908373249507797],[9.013671499890428,9.15496638617723],[9.054803299602177,9.401559522846675],[9.095935099313921,9.648152659516109],[9.13706689902567,9.894745796185553],[9.178198698737415,10.141338932854987],[9.219330498449164,10.387932069524432],[9.260462298160908,10.634525206193866],[9.301594097872657,10.88111834286331],[9.342725897584401,11.127711479532744],[9.38385769729615,11.374304616202188],[9.424989497007894,11.620897752871622],[9.466121296719644,11.867490889541067],[9.507253096431388,12.1140840262105],[9.548384896143137,12.360677162879945],[9.589516695854881,12.607270299549379],[9.63064849556663,12.853863436218823],[9.671780295278381,13.100456572888298],[9.712912094990122,13.347049709557702],[9.795175694413613,13.840235982896582],[9.836307494125363,14.086829119566026],[9.877439293837107,14.33342225623546],[9.918571093548856,14.580015392904905],[9.9597028932606,14.826608529574338],[10.000834692972349,15.073201666243783],[10.041966492684093,15.319794802913217],[10.083098292395842,15.566387939582661],[10.124230092107586,15.812981076252095],[10.165361891819336,16.05957421292154],[10.20649369153108,16.30616734959097],[10.247625491242829,16.552760486260418],[10.288757290954573,16.79935362292985],[10.329889090666322,17.045946759599296],[10.371020890378066,17.29253989626873],[10.412152690089815,17.539133032938174],[10.45328448980156,17.785726169607607],[10.494416289513309,18.032319306277053],[10.535548089225053,18.278912442946485],[10.576679888936802,18.52550557961593],[10.617811688648546,18.772098716285363],[10.658943488360295,19.01869185295481],[10.700075288072046,19.265284989624284],[10.741207087783787,19.511878126293688],[10.78233888749553,19.75847126296312],[10.82347068720728,20.005064399632566],[10.864602486919024,20.251657536301998],[10.905734286630773,20.498250672971444],[10.946866086342517,20.744843809640876],[10.987997886054266,20.991436946310323],[11.02912968576601,21.238030082979755],[11.07026148547776,21.4846232196492],[11.111393285189504,21.731216356318633],[11.152525084901253,21.97780949298808],[11.193656884612997,22.22440262965751],[11.234788684324746,22.470995766326958],[11.27592048403649,22.71758890299639],[11.31705228374824,22.964182039665836],[11.358184083459983,23.210775176335268],[11.399315883171733,23.457368313004714],[11.44044768288348,23.70396144967416],[15.950142966294186,22.951743096545744],[15.909011166582438,22.705149959876298],[15.867879366870687,22.45855682320684],[15.826747567158945,22.21196368653742],[15.785615767447194,21.965370549867963],[15.744483967735452,21.71877741319854],[15.7033521680237,21.472184276529084],[15.662220368311958,21.225591139859663],[15.621088568600207,20.978998003190206],[15.579956768888465,20.732404866520785],[15.538824969176714,20.485811729851328],[15.497693169464972,20.239218593181906],[15.45656136975322,19.99262545651245],[15.415429570041479,19.746032319843028],[15.374297770329727,19.49943918317357],[15.333165970617985,19.25284604650415],[15.292034170906234,19.006252909834693],[15.250902371194492,18.75965977316527],[15.209770571482757,18.51306663649589],[15.168638771771,18.266473499826393],[15.12750697205925,18.019880363156936],[15.086375172347507,17.773287226487515],[15.045243372635756,17.526694089818058],[15.004111572924014,17.280100953148636],[14.962979773212263,17.03350781647918],[14.92184797350052,16.786914679809758],[14.88071617378877,16.5403215431403],[14.839584374077027,16.29372840647088],[14.798452574365276,16.047135269801423],[14.757320774653534,15.800542133132002],[14.716188974941783,15.553948996462545],[14.675057175230041,15.307355859793123],[14.63392537551829,15.060762723123666],[14.592793575806548,14.814169586454245],[14.551661776094797,14.567576449784788],[14.510529976383054,14.320983313115367],[14.469398176671303,14.07439017644591],[14.428266376959561,13.827797039776488],[14.38713457724781,13.581203903107031],[14.346002777536068,13.33461076643761],[14.304870977824317,13.088017629768153],[14.222607378400827,12.594831356429285],[14.181475578689092,12.348238219759901],[14.140343778977336,12.101645083090407],[14.099211979265585,11.85505194642095],[14.058080179553842,11.608458809751529],[14.016948379842091,11.361865673082072],[13.975816580130349,11.11527253641265],[13.934684780418598,10.868679399743193],[13.893552980706856,10.622086263073772],[13.852421180995105,10.375493126404315],[13.811289381283363,10.128899989734894],[13.770157581571612,9.882306853065437],[13.72902578185987,9.635713716396015],[13.687893982148118,9.389120579726558],[13.646762182436376,9.142527443057137],[13.605630382724625,8.89593430638768],[13.564498583012883,8.649341169718259],[13.523366783301132,8.402748033048802],[13.48223498358939,8.15615489637938],[13.441103183877638,7.909561759709924],[13.399971384165896,7.662968623040502],[13.358839584454145,7.416375486371046],[13.317707784742403,7.169782349701624],[13.276575985030668,6.9231892130322406],[13.235444185318912,6.676596076362745],[13.202103629653305,6.476712962628342],[13.710683556012492,6.376259903250959],[13.95234333250252,6.328528047118411],[14.194003108992545,6.280796190985864],[14.435662885482571,6.233064334853317],[14.677322661972598,6.18533247872077],[14.918982438462628,6.137600622588222],[15.16064221495265,6.089868766455676],[15.643961767932705,5.994405054190582],[15.885621544422733,5.9466731980580345],[16.127281320912758,5.898941341925488],[16.368941097402782,5.851209485792941],[16.610600873892807,5.803477629660394],[16.85226065038284,5.755745773527846],[17.335580203362888,5.660282061262753],[17.577239979852916,5.612550205130205],[17.81889975634294,5.564818348997658],[18.06055953283297,5.517086492865111],[18.302219309322993,5.4693546367325645],[18.54387908581302,5.421622780600018],[18.78553886230305,5.37389092446747],[19.027198638793074,5.326159068334923],[19.268858415283102,5.278427212202375],[19.510518191773127,5.230695356069829],[19.99383774475318,5.135231643804735],[20.235497521243204,5.087499787672188],[20.477157297733235,5.03976793153964],[20.71881707422326,4.992036075407094],[20.960476850713288,4.944304219274546],[21.202136627203313,4.896572363141999],[21.443796403693337,4.848840507009452],[21.685456180183365,4.801108650876905],[21.92711595667339,4.753376794744359],[22.168775733163418,4.705644938611811],[22.410435509653446,4.657913082479264],[22.65209528614347,4.610181226346716],[22.893755062633495,4.56244937021417],[23.135414839123527,4.514717514081623],[23.37707461561355,4.466985657949076],[23.618734392103576,4.419253801816529],[23.8603941685936,4.371521945683982],[24.10205394508363,4.323790089551435],[24.343713721573657,4.276058233418887],[24.58537349806368,4.228326377286341],[24.82703327455371,4.180594521153793],[25.068693051043734,4.132862665021247],[25.310352827533762,4.0851308088886995],[25.552012604023787,4.037398952756153],[26.035332157003843,3.941935240491058],[26.276991933493868,3.8942033843585113],[26.518651709983896,3.846471528225964],[26.658605032541093,3.8188284013696925],[26.6828266701871,3.9414591979492863],[27.36955913103282,3.8058180271316386],[27.348882032044248,3.701132738837713],[30.449389170276763,3.247300379192887],[34.1800496621819,2.703498916167306],[33.95007327819108,3.449018968827296],[34.6189707286831,3.65535898124678],[34.64839807774804,3.559963626107137],[34.79981060984318,3.63873670296633],[35.20437941574638,3.7635371972322336],[35.45929935739417,3.78376942685621],[35.648131118300036,3.842019832597552],[35.99000443102368,3.9474801592012745],[36.24492437267145,3.96771238882525],[36.510276909486194,4.049567754997782],[36.845024680073664,4.07613567948757],[37.02011679278175,4.090032214245733],[37.3736915192228,4.199102167183062],[37.69946397155326,4.143949958092923],[37.86470444666475,4.1570645979834735],[38.11962438831253,4.177296827607449],[38.46422379649658,4.204646646964849],[38.708711142977386,4.163255740040269],[38.96363108462516,4.183487969664244],[39.29681776223534,4.1270805565200375],[39.55241521153854,4.083785862942728],[39.874001871867435,4.028258001537575],[40.19288095125151,3.9554535012368732],[40.45002542312199,3.8953175546448304],[40.691588112824505,3.8387819903633438],[41.020624472771566,3.761773989302943],[41.4750229050105,3.5270483114578233],[41.71646481114,3.47054100458682],[42.023591491416845,3.31189054917681],[42.25079070753632,3.1945277102542415],[42.47798992365578,3.077164871331691],[43.23073469390029,2.6883243430547266],[43.443691220009725,2.510105972080609],[43.67089043612919,2.392743133158049],[43.94525809027366,2.1631312153505045],[44.15821461638309,1.9849128443763941],[44.37117114249252,1.806694473402273],[44.58412766860194,1.628476102428173],[44.79708419471138,1.4502577314540428],[45.06035648034024,1.229931269877105],[45.30100917057793,0.9404004598535034],[45.499723006677314,0.7013265568278428],[45.69843684277671,0.4622526538021613],[45.80308456940778,0.33635029622329204],[45.819609567259285,0.3278140842848595],[45.973457019571235,0.29180747160325504],[46.21489892570074,0.2353001647322509],[46.456340831830246,0.17879285786124854],[46.697782737959756,0.12228555099024374],[46.93922464408925,0.06577824411924083],[47.18066655021876,0.009270937248238464],[47.42210845634826,-0.04723636962276567],[47.66355036247777,-0.10374367649376803],[47.90499226860727,-0.1602509833647725],[48.14643417473678,-0.2167582902357751],[48.387876080866285,-0.2732655971067791],[48.629317986995794,-0.3297729039777818],[48.8707598931253,-0.3862802108487865],[49.112201799254805,-0.4427875177197882],[49.38060132565808,-0.5056040131891654],[49.385118203562186,-0.44468170473453594],[49.51406392120707,-0.4542419475689612],[49.52422191817468,-0.4108393101734701],[49.800369094660276,-0.47546907347090855],[50.08320215699669,-0.49643877147194604],[50.079906305088244,-0.5408922437263839],[50.205803877152114,-0.5703574382859035],[50.191882610867225,-0.6298396053485372],[50.22049318962289,-0.6319608396596366],[50.96385620365702,-0.6870749687528459],[51.211643875001734,-0.7054463451172492],[51.955006889035865,-0.7605604742104586],[52.202794560380575,-0.7789318505748619],[52.4508822645221,-0.7974316433488864],[52.699024870138324,-0.81606400686413],[52.94679514685218,-0.8346685094669083],[53.19456542356603,-0.8532730120696865],[53.442335700279884,-0.8718775146724649],[53.69010597699374,-0.8904820172752428],[53.93787625370759,-0.9090865198780214],[54.08439933307513,-0.9200886023215444],[54.093758948347286,-0.7954395044429102],[54.19207189616284,-0.8028215985252993],[54.19891462322933,-0.7678602463815448],[54.492985053542185,-0.825416478322523],[54.79179389646764,-0.8478533499669779],[54.78912642878063,-0.8833780410080679],[54.885880362119394,-0.902314973301885],[54.86187058945505,-1.0249874266751107],[54.9984877967022,-1.051726502953811],[55.238537835048284,-1.0987097228232463],[56.19873798843265,-1.2866426023009851],[56.43878802677873,-1.3336258221704205],[56.52183525643392,-1.3498800426542823],[56.53340886714842,-1.2534433208236582],[56.59488810864165,-1.2608215974236772],[56.59941500669022,-1.237692445075893],[56.912087018780745,-1.2988894271396412],[57.2284216274797,-1.3368535298912452],[57.22561332522579,-1.3602536139235708],[57.28638074558029,-1.3721471719962328],[57.26772443617289,-1.4674673267469656],[57.355178751077624,-1.477962936477338],[57.599757843054725,-1.5073154812934169],[57.84552918358825,-1.5368111108225075],[58.09551804655949,-1.567653262955729],[58.3439333661418,-1.6013351693579918],[58.588033960757784,-1.6344320548255085],[58.70538783798453,-1.6503437237006013],[58.716848924950085,-1.5379346456972078],[58.744706339319606,-1.5407749523200842],[58.746203346901616,-1.5297340209529342],[59.079064359610406,-1.5748656718264435],[59.41323859529986,-1.6089376528880408],[59.41210843469204,-1.6200221435915074],[59.43985637623921,-1.6237844058047195],[59.424675052481575,-1.7357517436357628],[59.54836819274325,-1.748363339271644],[59.79636996326586,-1.7736492851227807],[60.54037527483368,-1.849507122676194],[60.78837704535629,-1.8747930685273315],[61.0363788158789,-1.9000790143784694],[61.284380586401504,-1.9253649602296063],[61.53238235692411,-1.9506509060807442],[61.78038412744672,-1.9759368519318816],[61.78741636895901,-1.976653850353776],[61.9031236760292,-1.906781084052321],[62.163804554978746,-1.8077117316267133],[62.43082498814176,-1.6464647300627324],[62.75269269486465,-1.5241418907342545],[63.013373573814185,-1.4250725383086502],[63.27405445276372,-1.3260031858830454],[63.53473533171327,-1.2269338334574367],[63.8699710882434,-1.0995305906757664],[64.20324379567843,-1.0511900473166191],[64.37865373771555,-1.0257471841012953],[64.6393346166651,-0.926677831675691],[64.97260732410015,-0.8783372883165426],[65.22694864883621,-0.8414455850293078],[65.48128997357227,-0.804553881742074],[65.65669991560938,-0.7791110185267526],[65.92482169068478,-0.6772138224801441],[66.37741817764602,-0.6215497501449493],[66.69383434451369,-0.6591312440717418],[67.07781459852278,-0.5984731569004924],[67.37518559552967,-0.6620271178245756],[67.54262085299428,-0.6561633449787674],[67.88891051678603,-0.6440358877270863],[68.13268786883563,-0.6961593936301083],[68.38953334154854,-0.6871643735174479],[68.72083146942673,-0.7580012243525721],[69.05212959730494,-0.8288380751876976],[69.28283882869123,-0.9420801071064022],[69.43909540491221,-0.9754902680773178],[70.01417088484003,-1.098450624815468],[70.3252225896903,-1.2511282046303998],[70.55593182107657,-1.364370236549088],[70.70629857899893,-1.4381767205715763],[70.95007593104849,-1.4903002264745924],[71.3327251187445,-1.6781209359726925],[71.5503662294675,-1.8524814939070722],[71.7094779780081,-1.9305803961426147],[72.01178469224007,-2.0789655577444726],[72.22942580296309,-2.2533261156788584],[72.46013503434939,-2.366568147597563],[72.73615787637544,-2.587700527313946],[72.95364202555373,-2.7571112892352945],[73.205473001773,-2.9464953037813277],[73.46189746109954,-3.1614298407450114],[73.72992136206557,-3.4031472052000455],[73.92030653843942,-3.6519615340191653],[74.07825513429327,-3.795482135284114],[74.33309256943399,-4.027041154333907],[74.52264714832211,-4.274769975552763],[74.55360430667163,-4.302899316973994],[74.62843213220391,-4.3238330983172615],[74.86850202091958,-4.390994886351685],[75.34864179835093,-4.525318462420546],[75.58871168706659,-4.592480250454972],[76.30257949720038,-4.7921914212532055],[76.53501937780446,-4.852688191891777],[76.77427091433249,-4.913197125704447],[77.49930507902356,-5.096564994182389],[77.74098313392058,-5.157687617008367],[77.9826611888176,-5.218810239834347],[78.22433924371462,-5.279932862660327],[78.70769535350867,-5.402178108312288],[78.94937340840569,-5.463300731138267],[79.66222220250134,-5.643586806313889],[79.87451477081144,-5.689511645578288],[80.10158432227907,-5.7261225721568865],[80.34769344006575,-5.765803290172034],[80.59380255785244,-5.805484008187178],[81.08602079342579,-5.8848454442174685],[81.33212991121248,-5.924526162232613],[81.57823902899915,-5.964206880247759],[81.82434814678584,-6.003887598262904],[82.31656638235918,-6.083249034293194],[82.56267550014587,-6.122929752308339],[82.80878461793255,-6.162610470323485],[83.05489373571922,-6.202291188338631],[83.30100285350589,-6.241971906353775],[83.54711197129258,-6.28165262436892],[83.79322108907925,-6.321333342384067],[84.03933020686594,-6.361014060399211],[84.26996801892302,-6.398200305533778],[84.485583299963,-6.423462723372295],[84.71798755106653,-6.440158917965032],[84.96663422407062,-6.458021987240231],[85.21528089707472,-6.475885056515429],[85.7125742430829,-6.511611195065825],[85.96122091608699,-6.529474264341022],[86.45851426209518,-6.565200402891419],[86.70716093509928,-6.583063472166617],[87.45310095411155,-6.636652679992212],[87.70174762711565,-6.65451574926741],[87.95039430011974,-6.672378818542607],[88.19904097312383,-6.690241887817805],[88.44768764612793,-6.708104957093004],[89.1936276651402,-6.761694164918598],[89.44227433814429,-6.7795572341937955],[89.93956768415248,-6.815283372744192],[90.18821435715658,-6.83314644201939],[90.51436216937587,-6.856577284239153],[90.61346505340686,-6.815484191426885],[90.87106878870598,-6.708668589570886],[91.06820796116864,-6.62692466869358],[91.33029022761531,-6.457769731271979],[91.64835852575096,-6.325882448437272],[91.97963707382091,-6.188517524543678],[92.23276227797251,-6.144041258253275],[92.41669120050088,-6.06777497843486],[92.74796974857082,-5.930410054541267],[93.00109495272244,-5.8859337882508616],[93.2663717870233,-5.775936529548876],[93.57766772389563,-5.728467892422915],[93.90861736586999,-5.625413859577194],[94.1926058499452,-5.6044870452229185],[94.44736602500753,-5.519781789357518],[94.78238108391392,-5.485541229208721],[95.03805210643647,-5.4594101082568285],[95.29372312895903,-5.433278987304934],[95.63842935054623,-5.398047931863876],[95.88514389651138,-5.43377173414107],[96.14081491903396,-5.4076406131891765],[96.3875294649991,-5.443364415466374],[96.64320048752165,-5.41723329451448],[96.9784903186375,-5.465782631504236],[97.5604946957185,-5.550055770771188],[97.79825276512625,-5.647634496277476],[97.95639202594073,-5.670532763842115],[98.29168185705657,-5.719082100831868],[98.52943992646433,-5.8166608263381585],[98.77615447242951,-5.852384628615359],[99.09670971153635,-5.983944292454847],[99.3344677809441,-6.081523017961129],[99.57222585035186,-6.1791017434674185],[99.8837689139428,-6.306962703817795],[100.11257050679316,-6.466396352553182],[100.35032857620092,-6.563975078059476],[100.57913016905127,-6.723408726794852],[100.81688823845903,-6.820987452301139],[101.11112721518631,-7.0260192139920585],[101.33992880803666,-7.185452862727426],[101.56873040088702,-7.344886511462806],[102.08003773133518,-7.701175959901292],[102.29988284762813,-7.922464531865751],[102.52453554312898,-8.079007143723187],[102.81478916937344,-8.363186858550447],[102.89437654294565,-8.454024654194772],[102.91909682579988,-8.460405423540964],[103.16047308871005,-8.52270917096802],[103.40184935162023,-8.585012918395073],[103.64322561453041,-8.647316665822126],[103.88460187744057,-8.709620413249182],[104.12597814035075,-8.771924160676239],[104.36735440326092,-8.834227908103289],[104.6087306661711,-8.896531655530348],[104.85010692908126,-8.958835402957398],[105.09148319199143,-9.021139150384453],[105.33285945490161,-9.083442897811507],[105.57423571781177,-9.145746645238562],[105.81561198072195,-9.208050392665616],[106.05698824363212,-9.270354140092671],[106.2983645065423,-9.332657887519723],[106.53974076945248,-9.394961634946782],[106.78111703236263,-9.45726538237383],[107.26386955818299,-9.58187287722794],[107.50524582109315,-9.644176624654996],[107.74662208400333,-9.70648037208205],[107.9879983469135,-9.768784119509105],[108.22937460982368,-9.831087866936157],[108.47075087273386,-9.893391614363216],[108.71212713564401,-9.955695361790267],[108.95350339855419,-10.017999109217321],[109.19487966146437,-10.080302856644375],[109.43625592437454,-10.14260660407143],[109.67763218728471,-10.204910351498484],[109.91900845019488,-10.267214098925539],[110.15312662584714,-10.32764439769667],[110.37672436932878,-10.38045310570115],[110.60937340678684,-10.427357855210234],[110.85374388081392,-10.47662578254358],[111.09811435484097,-10.525893709876922],[111.5868553028951,-10.624429564543608],[111.83122577692215,-10.673697491876947],[112.07559625094923,-10.722965419210292],[112.31996672497628,-10.772233346543635],[112.56433719900335,-10.821501273876976],[112.80033335114841,-10.869080840602962],[113.00915643421747,-10.906084269901102],[113.22896831254342,-10.927466416306405],[113.47708469013533,-10.951601875916811],[113.72520106772723,-10.975737335527217],[113.97331744531914,-10.999872795137623],[114.22143382291104,-11.02400825474803],[114.46955020050295,-11.048143714358435],[114.71766657809485,-11.072279173968841],[115.19503676428262,-11.118715241429477],[115.39722845687555,-11.127759496035411],[115.61896039851983,-11.120887117963257],[115.86812824696617,-11.1131643891347],[116.1172960954125,-11.105441660306143],[116.36646394385885,-11.097718931477587],[116.61563179230517,-11.08999620264903],[116.86479964075151,-11.082273473820473],[117.11274370902085,-11.074588674935573],[117.32488868834777,-11.067296136736996],[117.53654167170124,-11.038999320788436],[117.78363069339196,-11.005964905402877],[118.03071971508265,-10.972930490017319],[118.27780873677337,-10.93989607463176],[118.52489775846406,-10.906861659246202],[118.77198678015478,-10.873827243860642],[119.2681123990568,-10.8074980331734],[119.55688383551163,-10.77048301257665],[119.84608382200936,-10.76545811599421],[121.34158309122346,-10.739473574093225],[121.50293439032164,-10.736670069151094],[121.63750523488521,-10.701057053263744],[121.89951487683938,-10.604833152757722],[122.2740942449465,-10.498699718282484],[122.52566494042479,-10.481037672127922],[122.79295297586089,-10.401499232662166],[123.04932485187092,-10.383500109599716],[123.31661288730702,-10.303961670133955],[123.65254630008116,-10.28037676319559],[123.90891817609119,-10.262377640133137],[124.16529005210126,-10.24437851707068],[124.4216619281113,-10.226379394008227],[124.76731306928767,-10.202112233649077],[125.0127687858717,-10.24565242698992],[125.17986139671545,-10.233921341224157],[125.52551253789183,-10.209654180865012],[125.85909159557534,-10.268826144215987],[126.10454731215934,-10.312366337556826],[126.35000302874337,-10.355906530897673],[126.59545874532739,-10.399446724238514],[126.92903780301091,-10.458618687589487],[127.1635773601689,-10.56369819733363],[127.40903307675292,-10.607238390674473],[127.72524898484838,-10.748910921306855],[127.95978854200636,-10.853990431050994],[128.19432809916435,-10.959069940795132],[128.34719130538488,-11.02755642965105],[128.67347285331866,-11.085433923311797],[128.9707329431696,-11.30691847159155],[129.05080997685886,-11.342794958883474],[129.29626569344288,-11.386335152224323],[129.6852677740697,-11.56061768442072],[129.90889117180163,-11.727236510568162],[130.14343072895954,-11.832316020312268],[130.4834992663869,-12.08569657480922],[130.64082606523533,-12.25445148171602],[130.65983839868667,-12.262969476302377],[130.8171707741712,-12.290877899633088],[131.0626264907552,-12.334418092973934],[131.30808220733925,-12.377958286314778],[131.7989936405073,-12.465038672996467],[132.0444493570913,-12.508578866337308],[132.53536079025935,-12.595659253018997],[132.7808165068434,-12.639199446359838],[133.0262722234274,-12.682739639700687],[133.30572421294943,-12.732310266217779],[133.62800952800492,-12.821760051486963],[134.13219668909036,-13.043858836726248],[134.36033049093794,-13.144353740549843],[134.58846429278546,-13.244848644373416],[135.0447318964806,-13.445838452020578],[135.2728656983282,-13.546333355844176],[135.50099950017574,-13.646828259667746],[135.72913330202329,-13.747323163491329],[136.18540090571844,-13.948312971138492],[136.41353470756601,-14.04880787496209],[136.64166850941356,-14.14930277878566],[136.8698023112611,-14.249797682609247],[137.0979361131087,-14.35029258643282],[137.22559562165364,-14.406527699026807],[137.23609077872067,-14.335964058254577],[137.27286950581646,-14.088684206197891],[137.30964823291225,-13.84140435414105],[137.34642696000805,-13.594124502084329],[137.38320568710384,-13.34684465002753],[137.45676314129543,-12.852284945914045],[137.49354186839102,-12.605005093858402],[137.53032059548698,-12.357725241800525],[137.56709932258278,-12.110445389743726],[137.60387804967857,-11.863165537687005],[137.64065677677436,-11.615885685630206],[137.67743550387016,-11.368605833573485],[137.71421423096595,-11.121325981516685],[137.75099295806174,-10.874046129459964],[137.78777168515754,-10.626766277403165],[137.86132913934912,-10.13220657328968],[137.89810786644472,-9.884926721234038],[137.93488659354068,-9.63764686917616],[137.97166532063648,-9.390367017119361],[138.00844404773227,-9.14308716506264],[138.04522277482806,-8.895807313005841],[138.08200150192386,-8.64852746094912],[138.11878022901965,-8.401247608892321],[138.15555895611544,-8.1539677568356],[138.19233768321124,-7.906687904778801],[138.22911641030703,-7.65940805272208],[138.26589513740262,-7.412128200666474],[138.3026738644986,-7.164848348608517],[138.33945259159438,-6.917568496551796],[138.37623131869017,-6.670288644494997],[138.41301004578597,-6.423008792438276],[138.44978877288176,-6.175728940381477],[138.48656749997755,-5.928449088324756],[138.52334622707335,-5.681169236267957],[138.56012495416914,-5.433889384211236],[138.59690368126493,-5.186609532154437],[138.67046113545652,-4.692049828040952],[138.70723986255211,-4.444769975985309],[138.74401858964808,-4.197490123927432],[138.78079731674387,-3.950210271870633],[138.81757604383967,-3.7029304198139124],[138.85435477093546,-3.4556505677571128],[138.89113349803125,-3.2083707157003922],[138.92791222512705,-2.9610908636435926],[138.96469095222284,-2.713811011586872],[139.00146967931863,-2.4665311595300725],[139.03824840641443,-2.219251307473352],[139.07502713351002,-1.971971455417745],[139.11180586060598,-1.7246916033597888],[139.14858458770178,-1.4774117513030682],[139.18536331479757,-1.2301318992462686],[139.22214204189336,-0.9828520471895481],[139.25892076898916,-0.7355721951327485],[139.29569949608495,-0.488292343076028],[139.33247822318074,-0.2410124910192284],[139.36925695027654,0.006267361037492147],[139.40603567737233,0.25354721309429173],[139.44281440446812,0.5008270651510123],[139.47959313156372,0.7481069172066372],[139.62670803994706,1.7372263254348341],[139.66348676704285,1.9845061774915582],[139.73704422123444,2.4790658816051216],[150.43228434231602,0.8883284464057947],[143.35484736876566,1.9409783927028266],[143.28128991457407,1.4464186885892785],[143.24451118747828,1.1991388365325393],[143.097396279095,0.2100194283047493],[143.06061755199934,-0.03726042375127514],[143.02383882490355,-0.2845402758080108],[142.98706009780776,-0.5318201278647953],[142.95028137071196,-0.7790999799215309],[142.91350264361617,-1.0263798319783155],[142.87672391652038,-1.2736596840350511],[142.83994518942458,-1.5209395360918356],[142.8031664623288,-1.7682193881485713],[142.766387735233,-2.0154992402053558],[142.7296090081372,-2.2627790922620914],[142.6928302810413,-2.5100589443196255],[142.65605155394564,-2.7573387963756395],[142.61927282684985,-3.004618648432375],[142.58249409975406,-3.2518985004891596],[142.54571537265826,-3.4991783525458953],[142.50893664556247,-3.7464582046026798],[142.47215791846668,-3.9937380566594154],[142.43537919137088,-4.241017908716199],[142.3986004642751,-4.4882977607729355],[142.3618217371793,-4.73557761282972],[142.3250430100834,-4.982857464887205],[142.28826428298774,-5.23013731694324],[142.21470682879615,-5.724697021056739],[142.17792810170036,-5.971976873113523],[142.14114937460457,-6.2192567251702595],[142.10437064750877,-6.466536577227044],[142.06759192041298,-6.71381642928378],[142.0308131933172,-6.961096281340564],[141.9940344662214,-7.2083761333973],[141.9572557391256,-7.455655985454084],[141.9204770120298,-7.70293583751082],[141.8836982849339,-7.950215689568354],[141.84691955783825,-8.197495541624368],[141.81014083074245,-8.444775393681104],[141.77336210364666,-8.692055245737889],[141.73658337655087,-8.939335097794624],[141.69980464945507,-9.186614949851409],[141.66302592235928,-9.433894801908144],[141.6262471952635,-9.681174653964929],[141.5894684681677,-9.928454506021664],[141.5526897410719,-10.175734358078449],[141.515911013976,-10.423014210135934],[141.47913228688034,-10.670294062191969],[141.40557483268876,-11.164853766305468],[141.36879610559296,-11.412133618362253],[141.33201737849717,-11.659413470418988],[141.29523865140138,-11.906693322475773],[141.25845992430558,-12.153973174532508],[141.2216811972098,-12.401253026589293],[141.184902470114,-12.648532878646028],[141.1481237430182,-12.895812730702813],[141.1113450159223,-13.143092582760298],[141.07456628882665,-13.390372434816333],[141.00100883463506,-13.884932138929832],[140.96423010753927,-14.132211990986617],[140.92745138044347,-14.379491843043352],[140.89067265334768,-14.626771695100164],[140.85389392625189,-14.87405154715688],[140.8171151991561,-15.121331399213664],[140.7803364720603,-15.3686112512704],[140.7435577449645,-15.615891103327185],[140.7067790178686,-15.86317095538467],[140.67000029077295,-16.110450807440703],[140.63322156367715,-16.357730659497438],[140.59644283658136,-16.605010511554223],[140.55966410948557,-16.85229036361096],[140.52288538238977,-17.099570215667743],[140.4493279281982,-17.594129919781242],[140.4125492011024,-17.841409771838027],[140.3757704740066,-18.088689623894762],[140.3389917469108,-18.335969475951547],[140.3022130198149,-18.583249328009032],[140.26543429271925,-18.830529180065067],[140.22865556562346,-19.077809032121802],[140.19187683852766,-19.325088884178587],[140.15509811143187,-19.572368736235322],[140.11831938433608,-19.819648588292107],[140.0447619301445,-20.314208292405606],[140.0079832030487,-20.56148814446239],[139.9712044759529,-20.808767996519126],[139.9344257488571,-21.05604784857591],[139.8976470217612,-21.303327700633396],[139.86086829466555,-21.55060755268943],[139.82408956756976,-21.797887404746167],[139.78731084047396,-22.04516725680295],[139.75053211337817,-22.292447108859687],[139.71375338628238,-22.53972696091647],[139.70883633901025,-22.57278647161785],[139.2757402521393,-22.547803058639364],[139.23912324853808,-22.540611983395912],[139.23308842763657,-22.53950356124613],[139.23212097126878,-22.539338113484938],[139.22606076590137,-22.53837812709004],[137.80442301804,-22.331029104797413],[137.75478150499288,-22.57643389539633],[137.43601089870887,-22.5299404946351],[137.4330667837042,-22.52939787550657],[137.43017149683808,-22.528636585389453],[137.1737184970028,-22.450834937262595],[137.17181576997922,-22.45035827493703],[136.90125633075277,-22.396533142860186],[136.90028928395702,-22.396365317712622],[136.32898352561972,-22.31160451661086],[136.37861850138356,-22.066232043331354],[136.28867062956184,-22.05288708126551],[136.19584630351522,-22.01842304618062],[136.1900684293748,-22.01635814100302],[136.18914019452822,-22.01603919766222],[136.18331338526573,-22.01411671052515],[136.098104142621,-21.98715781176293],[136.13272896584695,-21.754359619957384],[136.16950769294274,-21.507079767900667],[136.20628642003854,-21.259799915843864],[136.24306514713433,-21.012520063787147],[136.27984387422993,-20.765240211731502],[136.3166226013259,-20.517960359673626],[136.35340132842168,-20.270680507616824],[136.39018005551748,-20.023400655560106],[136.42695878261327,-19.776120803503304],[136.50051623680486,-19.281561099389823],[136.53729496390065,-19.03428124733302],[136.57407369099644,-18.787001395276302],[136.61085241809224,-18.5397215432195],[136.64763114518803,-18.292441691162782],[136.68440987228362,-18.045161839107138],[136.7211885993796,-17.797881987049262],[136.75796732647538,-17.55060213499246],[136.79474605357117,-17.303322282935742],[136.83152478066697,-17.05604243087894],[136.90508223485855,-16.56148272676546],[136.94186096195435,-16.314202874708656],[136.97863968905014,-16.066923022651938],[137.00442576834234,-15.893551664369378],[136.74153354216463,-15.777745375376973],[136.51339974031706,-15.677250471553375],[136.2852659384695,-15.576755567729808],[136.05713213662196,-15.47626066390622],[135.82899833477438,-15.375765760082643],[135.6008645329268,-15.275270856259045],[135.14459692923168,-15.07428104861189],[134.91646312738413,-14.973786144788308],[134.68832932553656,-14.873291240964729],[134.46019552368898,-14.77279633714113],[134.00392791999386,-14.571806529493976],[133.7757941181463,-14.47131162567039],[133.54766031629873,-14.370816721846802],[133.1393122699939,-14.190935891791762],[132.9844767683894,-14.14796154042182],[132.7730173247434,-14.110451780257229],[132.52756160815937,-14.066911586916381],[132.28210589157533,-14.023371393575541],[131.7911944584073,-13.93629100689385],[131.54573874182327,-13.89275081355301],[131.05482730865523,-13.80567042687132],[130.8093715920712,-13.762130233530476],[130.56391587548717,-13.71859004018963],[130.23033681780365,-13.659418076838659],[129.78027003693904,-13.457777051936729],[129.51218235917565,-13.170215673742046],[129.40500410113904,-13.090358575944114],[129.17046454398096,-12.985279066199931],[128.94684114624903,-12.818660240052493],[128.86676411255985,-12.782783752760604],[128.6213083959759,-12.739243559419766],[128.23230631534912,-12.564961027223404],[128.08231960973612,-12.453207923208268],[127.91768972450186,-12.424005030187331],[127.60147381640641,-12.282332499554947],[127.36693425924844,-12.177252989810817],[127.13239470209044,-12.07217348006667],[126.97953149586992,-12.003686991210758],[126.7340757792859,-11.960146797869916],[126.49953622212792,-11.855067288125772],[126.34220384664337,-11.827158864795058],[126.09674813005935,-11.783618671454215],[125.85129241347532,-11.740078478113368],[125.6058366968913,-11.69653828477253],[125.44850432140676,-11.668629861441811],[125.28141171056299,-11.680360947207575],[124.93576056938666,-11.704628107566723],[124.69030485280263,-11.66108791422588],[124.52321224195886,-11.672818999991645],[124.26684036594881,-11.690818123054099],[124.01046848993875,-11.708817246116555],[123.7540966139287,-11.72681636917901],[123.57728627468266,-11.739229708365553],[123.3099982392466,-11.81876814783131],[123.0536263632365,-11.836767270893764],[122.78633832780041,-11.91630571035952],[122.52516527125857,-11.93464191032987],[122.34773725838436,-11.98491441859325],[122.07386954538707,-12.085493234589167],[121.7039217311388,-12.183396739832377],[121.36677327383232,-12.189254748857241],[119.87127400461823,-12.215239290758227],[119.6619742347113,-12.218875908142783],[119.45636447749757,-12.245231178911917],[118.96413400963681,-12.311039629766906],[118.7170449879461,-12.344074045152466],[118.4699559662554,-12.377108460538023],[118.22286694456469,-12.410142875923583],[117.97577792287399,-12.44317729130914],[117.72868890118328,-12.4762117066947],[117.44616384115535,-12.513983721517256],[117.16011111829992,-12.52381685739843],[116.90971948967662,-12.531577516170644],[116.66055164123027,-12.5393002449992],[116.41138379278395,-12.547022973827758],[116.1622159443376,-12.554745702656314],[115.91304809589127,-12.562468431484872],[115.66388024744494,-12.570191160313428],[115.38727649219655,-12.578764239898389],[115.0923761366334,-12.56557302583371],[114.57728081245352,-12.515467254852723],[114.32916443486162,-12.491331795242317],[114.08104805726971,-12.467196335631911],[113.83293167967781,-12.443060876021505],[113.5848153020859,-12.4189254164111],[113.336698924494,-12.394789956800693],[113.08858254690209,-12.370654497190287],[112.81216167004423,-12.343765724374778],[112.53051128890978,-12.293857305190787],[112.2777664930007,-12.242901017250086],[112.03339601897363,-12.193633089916744],[111.78902554494657,-12.1443651625834],[111.5446550709195,-12.095097235250057],[111.30028459689245,-12.045829307916717],[110.81154364883831,-11.94729345325003],[110.56717317481126,-11.898025525916688],[110.3228027007842,-11.848757598583344],[110.06671079018814,-11.797126493425747],[109.80524823957742,-11.735374978073615],[109.55661388940932,-11.671197781990637],[109.31523762649915,-11.608894034563582],[109.07386136358897,-11.546590287136528],[108.83248510067881,-11.484286539709473],[108.59110883776863,-11.42198279228242],[108.34973257485845,-11.359679044855366],[108.10835631194828,-11.29737529742831],[107.8669800490381,-11.235071550001253],[107.62560378612794,-11.172767802574203],[107.38422752321777,-11.110464055147148],[107.1428512603076,-11.048160307720094],[106.90147499739743,-10.985856560293039],[106.41872247157707,-10.86124906543893],[106.1773462086669,-10.798945318011878],[105.93596994575672,-10.736641570584819],[105.69459368284656,-10.674337823157769],[105.4532174199364,-10.612034075730714],[105.21184115702621,-10.54973032830366],[104.97046489411605,-10.487426580876605],[104.72908863120587,-10.425122833449551],[104.4877123682957,-10.362819086022496],[104.24633610538552,-10.300515338595444],[104.00495984247534,-10.238211591168385],[103.76358357956518,-10.175907843741335],[103.522207316655,-10.113604096314276],[103.28083105374485,-10.051300348887224],[103.03945479083467,-9.988996601460173],[102.79807852792449,-9.926692854033117],[102.55670226501432,-9.864389106606062],[102.0986700220482,-9.746162381098145],[101.76073701876483,-9.360459376765695],[101.59644512638154,-9.199605492767754],[101.36349463618166,-9.037280807154428],[101.1436495198887,-8.81599223518995],[100.73975047893546,-8.534547088686914],[100.51094888608512,-8.375113439951546],[100.28214729323476,-8.21567979121617],[100.11878308426134,-8.101844255436324],[99.88102501485358,-8.00426552993003],[99.65222342200323,-7.844831881194656],[99.41446535259547,-7.747253155688372],[99.18566375974514,-7.587819506953001],[99.02169068452056,-7.520523016290806],[98.7839326151128,-7.422944290784516],[98.54617454570504,-7.325365565278229],[98.39121364599637,-7.2617677781051375],[98.14449910003123,-7.226043975827941],[97.90674103062346,-7.128465250321656],[97.74860176980899,-7.105566982757017],[97.41331193869314,-7.057017645767258],[97.1755538692854,-6.959438920260972],[96.77070006250575,-6.900816850419138],[96.61256080169127,-6.877918582854496],[96.3568897791687,-6.904049703806391],[96.11017523320355,-6.868325901529195],[95.854504210681,-6.894457022481088],[95.60778966471582,-6.858733220203892],[95.4411538412579,-6.875764406666617],[95.18548281873534,-6.90189552761851],[94.92981179621279,-6.928026648570403],[94.75348481007403,-6.946048330325393],[94.47898998697643,-7.037315162821963],[94.18097999691818,-7.059275207286361],[93.90435377886023,-7.145413530904617],[93.65906681096982,-7.182816647011755],[93.40913617467234,-7.286450592021776],[93.15601097052073,-7.330926858312178],[92.97208204799234,-7.407193138130597],[92.64080349992244,-7.544558062024184],[92.38767829577081,-7.589034328314589],[92.20374937324243,-7.665300608133008],[92.00661020077982,-7.747044529010305],[91.74452793433312,-7.916199466431914],[91.42645963619745,-8.048086749266622],[91.16885590089832,-8.15490235112262],[90.75275131433098,-8.327440462022366],[90.08431243453391,-8.279419027141335],[89.83566576152981,-8.261555957866138],[89.33837241552163,-8.225829819315742],[89.08972574251754,-8.207966750040544],[88.34378572350526,-8.154377542214949],[88.09513905050116,-8.136514472939751],[87.84649237749707,-8.118651403664552],[87.59784570449298,-8.100788334389355],[87.34919903148888,-8.082925265114158],[86.60325901247661,-8.029336057288562],[86.35461233947251,-8.011472988013365],[85.85731899346433,-7.975746849462968],[85.60867232046024,-7.957883780187771],[85.11137897445205,-7.922157641637375],[84.86273230144795,-7.9042945723621765],[84.61408562844386,-7.886431503086978],[84.34919653353921,-7.867401559129321],[84.07010466813104,-7.834701950431522],[83.80852424461477,-7.792526759535798],[83.56241512682809,-7.7528460415206535],[83.31630600904141,-7.713165323505507],[83.07019689125474,-7.673484605490362],[82.82408777346807,-7.633803887475218],[82.57797865568138,-7.594123169460071],[82.3318695378947,-7.554442451444927],[82.08576042010802,-7.514761733429782],[81.59354218453467,-7.435400297399491],[81.34743306674798,-7.395719579384346],[81.10132394896131,-7.356038861369201],[80.85521483117462,-7.316358143354056],[80.36299659560127,-7.236996707323765],[80.11688747781459,-7.1973159893086205],[79.87077836002791,-7.157635271293474],[79.60562967592217,-7.114884761841783],[79.33106848540791,-7.0554894723929795],[78.59384895012143,-6.869039810612721],[78.3521708952244,-6.8079171877867415],[77.86881478543036,-6.68567194213478],[77.62713673053334,-6.624549319308802],[77.38545867563631,-6.563426696482821],[77.14378062073929,-6.502304073656842],[76.41874645604823,-6.3189362051789],[76.17464188278221,-6.257199893339613],[75.92461147989371,-6.1921248644895535],[75.1980599577335,-5.988865307081215],[74.95799006901784,-5.921703519046789],[74.4778502915865,-5.787379942977931],[74.23778040287084,-5.720218154943508],[73.83246845097177,-5.606828360217914],[73.4506395783267,-5.259878081324384],[73.26108499943858,-5.012149260105528],[73.10313640358471,-4.868628658840576],[72.84829896844398,-4.63706963979075],[72.6595749870416,-4.390426326172158],[72.5103086290242,-4.255810455976538],[72.30336545335753,-4.082351045136672],[72.07229970480944,-3.9085830689286136],[71.83729255010442,-3.725522642290797],[71.67803317068446,-3.5979339061384104],[71.44732393929816,-3.4846918742197093],[71.22968282857514,-3.3103313162853234],[71.07057108003453,-3.232232414049777],[70.76826436580252,-3.08384725244791],[70.55062325507951,-2.90948669451352],[70.4718539800029,-2.870823340174214],[70.2280766279533,-2.8186998342711864],[69.91702492310301,-2.666022254456258],[69.68631569171673,-2.5527802225375633],[69.53594893379439,-2.4789737385150743],[69.1359150055238,-2.3934400716411397],[68.80461687764559,-2.32260322080601],[68.5739076462593,-2.209361188887309],[68.41765107003832,-2.175951027916395],[68.2613944938173,-2.1425408669454735],[68.00454902110441,-2.1515358870581327],[67.76077166905482,-2.0994123811551115],[67.5933703874208,-2.1052749641287516],[67.24711469945962,-2.1174012315082646],[67.03809244450754,-2.0727291136581822],[66.72198057504697,-2.1226659037233073],[66.38045263998099,-2.082101825899556],[66.27594414017904,-2.094955148583689],[66.02270415735535,-2.1911966573882946],[65.68943144992029,-2.239537200747443],[65.43509012518425,-2.276428904034677],[65.18074880044817,-2.3133206073219124],[65.00533885841106,-2.3387634705372333],[64.74465797946151,-2.437832822962843],[64.41138527202645,-2.486173366321989],[64.23597532998937,-2.5116162295373097],[64.0498493286204,-2.582351691606855],[63.78916844967086,-2.6814210440324597],[63.52848757072133,-2.780490396458064],[63.26780669177179,-2.879559748883673],[63.06831264059557,-2.9553756144064107],[62.801292207432574,-3.116622615970388],[62.54061132848303,-3.2156919683959946],[62.12227776922722,-3.4683132052224965],[61.63330646969429,-3.4184583119421155],[61.38530469917168,-3.393172366090978],[61.13730292864907,-3.36788642023984],[60.889301158126464,-3.3426004743887034],[60.64129938760386,-3.3173145285375654],[60.393297617081245,-3.292028582686428],[59.64929230551343,-3.216170745133015],[59.401290534990814,-3.190884799281878],[59.25348182912049,-3.175814411175019],[59.24080272069355,-3.3001697094517635],[59.21294530632403,-3.297329402828887],[59.21144829874202,-3.308370334196037],[58.87858728603323,-3.2632386833225278],[58.54441305034378,-3.2291667022609305],[58.5455432109516,-3.218082211557464],[58.517795269404424,-3.214319949344252],[58.534589980985096,-3.0904533369625375],[58.39321530642194,-3.071284758453397],[58.14911471180596,-3.0381878729858802],[57.909328842156334,-3.005676008453113],[57.67036639626405,-2.976194230654138],[57.4269795528433,-2.9469847705510626],[57.1824004608662,-2.917632225734984],[57.04074865707763,-2.900632240636619],[57.025853976886985,-3.024741662124347],[56.964374735393754,-3.017363385524328],[56.95984783734518,-3.040492537872112],[56.647175825254656,-2.9792955558083642],[56.330841216555704,-2.94133145305676],[56.333649518809615,-2.9179313690244344],[56.27288209845511,-2.9060378109517724],[56.296891871119456,-2.7833653575785466],[56.16027466387231,-2.756626281299846],[55.920224625526224,-2.709643061430411],[54.96002447214186,-2.5217101819526717],[54.71997443379578,-2.4747269620832366],[54.67036476468992,-2.4650172281989633],[54.66450312876633,-2.5430810811163984],[54.56619018095078,-2.535698987034009],[54.559347453884286,-2.570660339177764],[54.26527702357143,-2.513104107236786],[53.966468180645975,-2.4906672355923307],[53.96913564833299,-2.4551425445512405],[53.87238171499422,-2.4362056122574236],[53.88741828881424,-2.3593796703122],[53.8293047165506,-2.355016055270174],[53.58153443983675,-2.336411552667396],[53.33376416312289,-2.317807050064618],[53.08599388640904,-2.2992025474618396],[52.83822360969519,-2.2805980448590613],[52.59045333298133,-2.261993542256283],[52.3428692171312,-2.243403018046392],[52.09542953799542,-2.22495148246125],[51.84779582222266,-2.206591520610491],[51.10443280818853,-2.151477391517282],[50.85664513684382,-2.1331060151528787],[50.113282122809686,-2.077991886059669],[49.96674875683752,-2.067127666699568],[49.95750642349155,-2.1917855155271573],[49.82856070584667,-2.182225272692732],[49.818402708879056,-2.225627910088223],[49.54225553239346,-2.1609981467907846],[49.259422470057046,-2.1400284487897467],[49.262718321965494,-2.095574976535309],[49.136820749901624,-2.0661097819757894],[49.1653061299217,-1.9443987178726763],[48.781771391021906,-1.854635861315884],[48.540329484892396,-1.798128554444882],[48.29888757876289,-1.7416212475738768],[48.057445672633385,-1.6851139407028746],[47.81600376650388,-1.6286066338318705],[47.574561860374374,-1.5720993269608678],[47.33311995424487,-1.5155920200898634],[47.09167804811536,-1.4590847132188611],[46.85023614198586,-1.402577406347857],[46.60879423585635,-1.3460700994768546],[46.36735232972685,-1.2895627926058504],[46.12591042359734,-1.2330554857348468],[45.88446851746784,-1.1765481788638446],[45.643026611338335,-1.1200408719928405],[45.31399025139127,-1.0430328709324392],[44.87611681700384,-0.8168434050257534],[44.58333687143614,-0.464597956553282],[44.38462303533675,-0.22552405352761024],[44.185909199237365,0.013549849498049937],[44.02913421727627,0.20216684552580047],[43.866493450686285,0.3382771258970857],[43.65353692457685,0.5164954968712079],[43.44058039846743,0.6947138678453075],[43.22762387235799,0.8729322388194374],[43.014667346248565,1.0511506097935468],[42.86312194817419,1.1779754339342372],[42.63592273205472,1.2953382728567964],[42.4229662059453,1.4735566438309082],[41.81251567947301,1.7888931490893012],[41.58531646335354,1.9062559880118568],[41.35811724723407,2.023618826934425],[41.21084549527198,2.0996940493695235],[40.96940358914248,2.1562013562405284],[40.51500515690355,2.3909270340856446],[40.3611577045916,2.4269336467672487],[40.11977618904026,2.4834268197665175],[39.86640933279331,2.5426793311062705],[39.589064043973096,2.6060010930804656],[39.30797509362106,2.6545362787803493],[39.054750444693006,2.697429055358511],[38.89899353901012,2.7237981892984853],[38.64407359736234,2.70356595967451],[38.39958625088154,2.7449568665990904],[38.23434577577004,2.73184222670854],[37.97942583412226,2.7116099970845644],[37.634826425938215,2.6842601777271633],[37.471624185307064,2.711889782486186],[37.294493838118626,2.6572490030784497],[36.959746067531164,2.630681078588661],[36.78465395482307,2.616784543830499],[36.519301418008325,2.5349291776579665],[36.26438147636054,2.5146969480339902],[36.07554971545468,2.4564465422926487],[35.733676402731035,2.3509862156889265],[35.47875646108327,2.330753986064951],[35.352620193357,2.291843747985791],[35.08287543584961,2.1515077782911396],[35.109325488692576,2.0657639969247223],[35.01986147395836,2.030095036958037],[35.01139911958136,2.0264779878882053],[35.009614911691145,2.0256630159234854],[35.00134023077655,2.021635095699132],[34.97305086541837,2.006995088890549],[34.62989541834294,1.879682009348865],[34.45118473692411,1.8245537319180998],[34.404739546957686,1.9751162369401662],[34.3450658510751,1.5657346615459018],[34.236767129705136,1.5193900041869075],[34.23500382651599,1.5185307376613018]]],[[[-3.3180575546282522,7.917000907684487],[-3.3591893543400086,7.670407771015],[-3.4003211540517437,7.423814634345609],[-3.441452953763485,7.1772214976762045],[-3.482584753475253,6.930628361006648],[-3.4994010724090074,6.829811259343959],[-3.50546708078424,6.793444359699531],[-3.505692474483612,6.793492378388813],[-3.858249967992433,6.850631824811269],[-4.345054406610489,6.878876425278954],[-6.277328431716129,7.192042561764048],[-6.277328431716129,7.1920425617640475],[-7.708740305105386,7.424033325125728],[-7.700192614593966,7.473300410943993],[-8.018624087373958,7.524909009295004],[-7.992280036885967,7.682846714135013],[-7.951148237174184,7.929439850804654],[-7.910016437462447,8.176032987474038],[-7.868884637750719,8.422626124143386],[-7.827752838038956,8.669219260812916],[-7.786621038327198,8.91581239748241],[-7.745489238615461,9.162405534151794],[-7.704357438903719,9.408998670821216],[-7.6632256391919675,9.655591807490673],[-7.622093839480225,9.902184944160094],[-7.580962039768474,10.148778080829551],[-7.539830240056732,10.395371217498973],[-7.498698440344997,10.641964354168357],[-7.457566640633241,10.88855749083785],[-7.4164348409214895,11.135150627507308],[-7.375303041209747,11.38174376417673],[-7.334171241497996,11.628336900846186],[-7.293039441786254,11.874930037515607],[-7.251907642074503,12.121523174185064],[-7.210775842362761,12.368116310854486],[-7.16964404265101,12.614709447523943],[-7.1285122429392676,12.861302584193364],[-7.0873804432275165,13.107895720862821],[-7.046248643515774,13.354488857532242],[-7.005116843804023,13.6010819942017],[-6.963985044092281,13.84767513087112],[-6.92285324438053,14.094268267540578],[-6.881721444668788,14.340861404209999],[-6.840589644957037,14.587454540879456],[-6.7994578452452945,14.834047677548877],[-6.758326045533543,15.080640814218334],[-6.717194245821801,15.327233950887756],[-6.67606244611005,15.573827087557213],[-6.634930646398308,15.820420224226634],[-6.593798846686573,16.067013360896016],[-6.511535247263069,16.56019963423496],[-6.470403447551318,16.806792770904416],[-6.429271647839576,17.053385907573837],[-6.388139848127825,17.299979044243294],[-6.3470080484160825,17.546572180912715],[-6.305876248704331,17.793165317582172],[-6.264744448992589,18.039758454251594],[-6.223612649280838,18.28635159092105],[-6.182480849569096,18.532944727590472],[-6.141349049857345,18.77953786425993],[-6.100217250145603,19.02613100092935],[-6.059085450433852,19.272724137598807],[-6.017953650722109,19.51931727426823],[-5.976821851010358,19.765910410937686],[-5.935690051298616,20.012503547607107],[-5.894558251586865,20.259096684276564],[-5.853426451875123,20.505689820945985],[-5.812294652163372,20.752282957615442],[-5.77116285245163,20.998876094284864],[-5.730031052739879,21.24546923095432],[-5.688899253028136,21.492062367623742],[-5.647767453316385,21.7386555042932],[-5.606635653604643,21.98524864096262],[-5.565503853892908,22.231841777632003],[-5.524372054181152,22.4784349143015],[-5.4832402544694006,22.725028050970955],[-5.442108454757658,22.971621187640377],[-5.400976655045907,23.218214324309834],[-5.359844855334165,23.464807460979255],[-5.318713055622414,23.711400597648712],[-5.277581255910672,23.957993734318134],[-5.236449456198921,24.20458687098759],[-5.195317656487179,24.451180007657012],[-5.1541858567754275,24.69777314432647],[-5.113054057063685,24.94436628099589],[-5.071922257351934,25.190959417665347],[-5.030790457640192,25.43755255433477],[-4.989658657928441,25.684145691004225],[-4.948526858216699,25.930738827673647],[-4.907395058504948,26.177331964343104],[-4.8662632587932055,26.423925101012525],[-0.3565679753825002,25.67170674788411],[-0.39769977509424415,25.425113611214677],[-0.43883157480599344,25.17852047454523],[-0.4799633745177374,24.9319273378758],[-0.5210951742294867,24.685334201206352],[-0.5622269739412307,24.43874106453692],[-0.60335877365298,24.192147927867474],[-0.6444905733647239,23.94555479119804],[-0.6856223730764732,23.698961654528595],[-0.7267541727882172,23.452368517859163],[-0.7678859724999665,23.205775381189717],[-0.8090177722117105,22.959182244520285],[-0.8501495719234597,22.71258910785084],[-0.8912813716352037,22.465995971181407],[-0.932413171346953,22.21940283451196],[-0.973544971058697,21.97280969784253],[-1.0146767707704463,21.726216561173082],[-1.0558085704821973,21.479623424503608],[-1.0969403701939378,21.233030287834204],[-1.1380721699056817,20.986437151164772],[-1.179203969617431,20.739844014495326],[-1.220335769329175,20.493250877825893],[-1.2614675690409243,20.246657741156447],[-1.3025993687526682,20.000064604487015],[-1.3437311684644175,19.75347146781757],[-1.3848629681761615,19.506878331148137],[-1.4259947678879108,19.26028519447869],[-1.4671265675996548,19.01369205780926],[-1.508258367311404,18.767098921139812],[-1.549390167023148,18.52050578447038],[-1.5905219667348973,18.273912647800934],[-1.6316537664466413,18.027319511131502],[-1.6727855661583906,17.780726374462056],[-1.7139173658701345,17.534133237792624],[-1.7550491655818838,17.287540101123177],[-1.7961809652936278,17.040946964453745],[-1.837312765005377,16.7943538277843],[-1.878444564717121,16.547760691114867],[-1.9195763644288704,16.30116755444542],[-1.9607081641406143,16.05457441777599],[-2.0018399638523636,15.807981281106542],[-2.084103563275862,15.314795007767621],[-2.1252353629876026,15.068201871098218],[-2.1663671626993466,14.821608734428784],[-2.207498962411096,14.57501559775934],[-2.24863076212284,14.328422461089906],[-2.289762561834589,14.081829324420461],[-2.330894361546333,13.835236187751027],[-2.3720261612580824,13.588643051081583],[-2.4131579609698264,13.342049914412149],[-2.4542897606815757,13.095456777742704],[-2.4954215603933196,12.84886364107327],[-2.536553360105069,12.602270504403826],[-2.577685159816813,12.355677367734392],[-2.618816959528562,12.109084231064948],[-2.659948759240306,11.862491094395514],[-2.7010805589520555,11.61589795772607],[-2.7422123586637994,11.369304821056636],[-2.7833441583755487,11.122711684387191],[-2.8244759580872927,10.876118547717757],[-2.865607757799042,10.629525411048313],[-2.906739557510786,10.382932274378879],[-2.9478713572225352,10.136339137709435],[-2.9890031569342863,9.88974600103996],[-3.0301349566460267,9.643152864370556],[-3.0712667563577707,9.396559727701122],[-3.11239855606952,9.149966591031678],[-3.153530355781264,8.903373454362244],[-3.1946621554930132,8.6567803176928],[-3.235793955204757,8.410187181023366],[-3.2769257549164985,8.163594044353962],[-3.3180575546282522,7.917000907684487]]],[[[155.35524055106399,-33.10399060072697],[155.3149215905622,-33.35071794299788],[155.27460263006017,-33.59744528526992],[155.23428366955858,-33.84417262753963],[155.19396470905656,-34.090899969811666],[155.15364574855496,-34.3376273120814],[155.11332678805314,-34.58435465435233],[155.07300782755115,-34.83108199662432],[155.03268886704956,-35.0778093388941],[154.99236990654754,-35.32453668116609],[154.95205094604594,-35.57126402343582],[154.91173198554412,-35.81799136570675],[154.87141302504213,-36.06471870797874],[154.83109406454054,-36.31144605024852],[154.79077510403852,-36.55817339252051],[154.7504561435369,-36.80490073479029],[154.71013718303513,-37.051628077061125],[154.6698182225331,-37.298355419333205],[154.58918030152972,-37.79181010387378],[154.5488613410277,-38.03853744614586],[154.5085423805261,-38.285264788415546],[154.4682234200241,-38.53199213068763],[154.3875854990207,-39.0254468152282],[154.34726653851868,-39.27217415750028],[154.30694757801706,-39.51890149977001],[154.26662861751507,-39.765628842042],[154.18599069651168,-40.25908352658262],[154.14567173600966,-40.5058108688547],[154.10535277550804,-40.75253821112443],[154.06503381500605,-40.99926555339642],[153.98439589400266,-41.49272023793704],[153.94407693350064,-41.739447580209124],[153.90375797299902,-41.98617492247885],[153.86343901249725,-42.23290226474969],[153.82312005199523,-42.47962960702173],[153.78280109149364,-42.72635694929151],[153.74248213099162,-42.97308429156354],[153.66184420998823,-43.46653897610411],[153.6215252494862,-43.71326631837619],[153.58120628898462,-43.95999366064588],[153.5408873284826,-44.20672100291796],[153.4602494074792,-44.70017568745853],[153.4199304469772,-44.94690302973057],[153.37961148647557,-45.19363037200039],[153.33929252597358,-45.44035771427233],[153.2586546049702,-45.933812398812954],[153.21833564446817,-46.180539741085035],[153.17801668396658,-46.42726708335472],[153.13769772346478,-46.67399442562565],[153.09737876296276,-46.92072176789764],[153.05705980246117,-47.167449110167375],[153.01674084195915,-47.414176452439456],[152.97642188145755,-47.660903794709185],[152.93610292095576,-47.90763113698002],[152.89578396045374,-48.15435847925206],[152.85546499995212,-48.40108582152184],[152.81514603945013,-48.64781316379383],[152.77482707894853,-48.894540506063606],[152.73450811844674,-49.141267848334444],[152.69418915794472,-49.38799519060648],[152.65387019744313,-49.63472253287622],[152.6135512369411,-49.88144987514834],[152.5732322764395,-50.12817721741798],[148.96351256807952,-49.53829469769255],[149.0038315285812,-49.29156735542247],[149.04415048908314,-49.04484001315079],[149.08446944958482,-48.798112670880656],[149.12478841008675,-48.551385328609015],[149.16510737058854,-48.304657986338164],[149.20542633109022,-48.057930644067994],[149.24574529159216,-47.8112033017964],[149.28606425209384,-47.564475959526234],[149.32638321259577,-47.317748617254594],[149.36670217309756,-47.07102127498374],[149.40702113359924,-46.82429393271361],[149.44734009410118,-46.57756659044195],[149.48765905460286,-46.33083924817181],[149.5279780151048,-46.08411190590021],[149.5682969756066,-45.83738456362929],[149.60861593610827,-45.59065722135919],[149.6489348966102,-45.343929879087526],[149.72957281761367,-44.850475194546505],[149.7698917781156,-44.60374785227493],[149.8102107386173,-44.357020510004745],[149.85052969911922,-44.110293167733104],[149.9311676201227,-43.61683848319211],[149.97148658062463,-43.37011114092045],[150.0118055411263,-43.123383798650345],[150.05212450162824,-42.87665645637868],[150.1327624226317,-42.38320177183769],[150.17308138313365,-42.136474429566064],[150.21340034363533,-41.8897470872959],[150.25371930413726,-41.64301974502426],[150.29403826463906,-41.39629240275341],[150.33435722514074,-41.149565060483276],[150.37467618564267,-40.902837718211615],[150.45531410664614,-40.40938303367059],[150.49563306714808,-40.16265569139899],[150.53595202764976,-39.915928349128855],[150.5762709881517,-39.66920100685719],[150.65690890915516,-39.17574632231617],[150.6972278696571,-38.92901898004457],[150.73754683015878,-38.68229163777443],[150.7778657906607,-38.43556429550277],[150.85850371166418,-37.94210961096178],[150.89882267216612,-37.69538226869012],[150.9391416326678,-37.44865492642001],[150.97946059316973,-37.20192758414835],[151.0600985141732,-36.70847289960736],[151.10041747467514,-36.461745557335696],[151.14073643517693,-36.215018215064845],[151.1810553956786,-35.96829087279468],[151.22137435618055,-35.72156353052308],[151.26169331668223,-35.47483618825291],[151.30201227718416,-35.22810884598131],[151.34233123768595,-34.981381503710395],[151.38265019818763,-34.73465416144026],[151.42296915868957,-34.487926819168656],[151.46328811919125,-34.24119947689849],[151.50360707969318,-33.99447213462689],[151.54392604019498,-33.747744792355974],[151.58424500069665,-33.50101745008584],[151.6245639611986,-33.2542901078142],[151.66488292170027,-33.00756276554408],[151.7052018822022,-32.76083542327245],[151.745520842704,-32.514108081001545],[151.78583980320568,-32.26738073873144],[151.8261587637076,-32.02065339645978],[151.8664777242093,-31.773926054189655],[151.90679668471122,-31.527198711918025],[151.9874346057147,-31.033744027377004],[152.02775356621663,-30.78701668510536],[152.03187268835825,-30.761810180625986],[155.6392161071919,-31.365081581214458],[155.6394009177889,-31.365103209083692],[155.63747327457662,-31.37689920483079],[155.5971543140746,-31.623626547102845],[155.5165163930712,-32.11708123164346],[155.4761974325692,-32.3638085739155],[155.4358784720676,-32.610535916185206],[155.39555951156558,-32.85726325845729],[155.35524055106399,-33.10399060072697]]],[[[159.82785668695212,-3.794856137942515],[159.79107795985632,-4.042135989999315],[159.75429923276053,-4.2894158420560355],[159.71752050566474,-4.536695694112835],[159.68074177856894,-4.783975546169556],[159.64396305147315,-5.031255398226355],[159.60718432437756,-5.2785352502819185],[159.5704055972816,-5.525815102339839],[159.5336268701858,-5.773094954396639],[159.49684814309,-6.0203748064533595],[159.4600694159942,-6.267654658510159],[159.42329068889842,-6.51493451056688],[159.38651196180263,-6.762214362623679],[159.34973323470683,-7.0094942146804],[159.31295450761104,-7.256774066737199],[159.27617578051525,-7.50405391879392],[159.23939705341965,-7.751333770849563],[159.1658395992279,-8.245893474964204],[159.1290608721321,-8.493173327021003],[159.0922821450363,-8.740453179077724],[159.0555034179405,-8.987733031134523],[159.01872469084472,-9.235012883191244],[158.98194596374893,-9.482292735248043],[158.94516723665313,-9.729572587304764],[158.90838850955734,-9.976852439361563],[158.87160978246155,-10.224132291418284],[158.83483105536575,-10.471412143475083],[158.79805232827016,-10.718691995530648],[158.7612736011742,-10.965971847588568],[158.7244948740784,-11.213251699645367],[158.6877161469826,-11.460531551702088],[158.65093741988682,-11.707811403758887],[158.61415869279102,-11.955091255815608],[158.57737996569523,-12.202371107872407],[158.54060123859944,-12.449650959929128],[158.50382251150364,-12.696930811985927],[158.46704378440785,-12.944210664042648],[158.43026505731225,-13.191490516098291],[158.3567076031205,-13.686050220212932],[158.3199288760247,-13.933330072269731],[158.2831501489289,-14.180609924326452],[158.24637142183312,-14.427889776383251],[158.20959269473732,-14.675169628439972],[158.17281396764153,-14.922449480496772],[158.13603524054574,-15.169729332553493],[158.09925651344994,-15.417009184610292],[158.06247778635415,-15.664289036667013],[158.02569905925856,-15.911568888722655],[157.9521416050668,-16.406128592837295],[157.915362877971,-16.653408444894097],[157.8785841508752,-16.900688296950815],[157.84180542377942,-17.147968149007617],[157.80502669668363,-17.3952480010643],[157.76824796958783,-17.642527853121145],[157.73146924249204,-17.889807705177862],[157.69469051539625,-18.137087557234665],[157.65791178830045,-18.384367409291382],[157.62113306120486,-18.631647261347027],[157.5843543341089,-18.878927113404902],[157.5475756070131,-19.126206965461705],[157.5107968799173,-19.373486817518422],[157.47587662992325,-19.60827129578026],[153.86867729304333,-19.005023990630445],[153.86778046082472,-19.004919444016604],[153.8929937323861,-18.835399328616138],[153.92977245948188,-18.588119476559402],[153.96655118657768,-18.340839624502618],[154.00332991367358,-18.093559772445133],[154.04010864076923,-17.846279920389097],[154.07688736786503,-17.599000068332362],[154.11366609496082,-17.351720216275577],[154.1504448220566,-17.104440364218842],[154.1872235491524,-16.85716051216203],[154.2240022762482,-16.609880660105315],[154.260781003344,-16.36260080804853],[154.2975597304398,-16.115320955991795],[154.33433845753558,-15.868041103935008],[154.40789591172728,-15.37348139982076],[154.44467463882293,-15.126201547764724],[154.48145336591872,-14.878921695707989],[154.51823209301452,-14.631641843651204],[154.5550108201103,-14.384361991594469],[154.5917895472061,-14.137082139537684],[154.6285682743019,-13.889802287480949],[154.6653470013977,-13.642522435424164],[154.70212572849348,-13.395242583367429],[154.73890445558928,-13.147962731310644],[154.81246190978098,-12.653403027196395],[154.84924063687663,-12.40612317514036],[154.88601936397242,-12.158843323083625],[154.92279809106822,-11.91156347102684],[154.959576818164,-11.664283618970105],[154.9963555452598,-11.41700376691332],[155.0331342723556,-11.169723914856585],[155.0699129994514,-10.9224440627998],[155.10669172654718,-10.675164210743064],[155.14347045364298,-10.42788435868628],[155.18024918073888,-10.180604506628766],[155.21702790783453,-9.93332465457278],[155.25380663493033,-9.686044802515996],[155.29058536202612,-9.43876495045926],[155.32736408912191,-9.191485098402476],[155.3641428162177,-8.94420524634574],[155.4009215433135,-8.696925394288956],[155.4377002704093,-8.44964554223222],[155.4744789975051,-8.202365690175435],[155.51125772460088,-7.9550858381187],[155.54803645169667,-7.707805986061916],[155.62159390588837,-7.213246281947667],[155.65837263298403,-6.965966429891632],[155.69515136007982,-6.718686577834896],[155.7319300871756,-6.471406725778112],[155.7687088142714,-6.224126873721376],[155.8054875413672,-5.976847021664592],[155.842266268463,-5.729567169607856],[155.8790449955588,-5.482287317551072],[155.91582372265458,-5.235007465494336],[155.95260244975037,-4.987727613437552],[155.98938117684628,-4.740447761380039],[156.02615990394193,-4.493167909324052],[156.06293863103772,-4.245888057267268],[156.09971735813352,-3.998608205210532],[156.1364960852293,-3.7513283531537476],[156.1732748123251,-3.504048501097012],[156.2100535394209,-3.2567686490402274],[156.2468322665167,-3.009488796983492],[156.28361099361248,-2.7622089449267073],[156.32038972070828,-2.5149290928699717],[156.35716844780407,-2.267649240813187],[156.39394717489998,-2.020369388755688],[156.43072590199563,-1.7730895366996777],[156.5778408103788,-0.7839701284726095],[156.6146195374746,-0.5366902764158702],[156.68817699166618,-0.04213057230235089],[160.3059801391974,-0.580218061204645],[160.23242268500582,-1.0747777653181652],[160.19564395791002,-1.3220576173748892],[160.04852904952685,-2.311177025601973],[160.01175032243125,-2.558456877657576],[159.9749715953353,-2.8057367297154747],[159.9381928682395,-3.0530165817722743],[159.9014141411437,-3.300296433828995],[159.8646354140479,-3.5475762858857944],[159.82785668695212,-3.794856137942515]]]]}},{"type":"Feature","properties":{"layer":"planting_beds"},"geometry":{"type":"MultiPolygon","coordinates":[[[[69.26876306570836,-10.165993805731034],[69.27108373111082,-10.169967635434281],[69.27158905814002,-10.170809056481742],[69.27400654726462,-10.17472473736229],[69.36730643385489,-10.321777268214586],[69.48515114167189,-10.595334267819664],[69.48702352320761,-10.599537956413753],[69.48743384676636,-10.600429572565304],[69.48940882805931,-10.604586044546137],[69.60972001152106,-10.849974038302397],[69.61397295366928,-10.858135347551768],[69.61492184473275,-10.859852083654792],[69.61817838372492,-10.865416733480288],[71.7834621104587,-17.234728541151597],[71.8238436083573,-17.40372789560871],[71.82620142168692,-17.41262369247501],[71.82675034749977,-17.4145068434382],[71.82954181680317,-17.423276232509984],[71.91788919080105,-17.678934146735298],[71.91944548529693,-17.6832648231103],[71.91978872963294,-17.68418434913563],[71.92145083552062,-17.68847552781304],[72.00080552719167,-17.886115227724115],[72.00391131515383,-17.9066400269264],[72.00551111668508,-17.915702869782116],[72.00589940187284,-17.917625579253677],[72.00794196899498,-17.92659900697847],[72.07568551858138,-18.19373752322128],[72.07816593057103,-18.202599918040573],[72.07874080454353,-18.204475310536637],[72.08165308587115,-18.21320532216577],[72.1752545851842,-18.47241746443058],[72.1785917199089,-18.480994061506575],[72.17934764631545,-18.48280407597211],[72.18310159498735,-18.49120659672139],[72.30187085391087,-18.7404392966783],[72.30390134599938,-18.74456893495497],[72.30434519583608,-18.74544434463523],[72.30647642277555,-18.74952290837275],[72.55618348024134,-19.21343149226824],[72.55662057199893,-19.214497078857008],[72.55740928887234,-19.216293047340297],[72.5613154182712,-19.224625912314558],[72.68481286117002,-19.472089329939415],[72.68912315976986,-19.480220492928],[72.6900841144508,-19.481930505559724],[72.69478819836503,-19.489840377879066],[72.84220790375285,-19.724423088917696],[72.84470411010723,-19.72828906412049],[72.84524659230202,-19.72910702368728],[72.84783692262553,-19.732910574558407],[73.16404618418561,-20.185190292928926],[73.16441886387092,-20.185814416916898],[73.16543024029659,-20.18749509976143],[73.17036744159684,-20.19526160018896],[73.32482091903199,-20.42554156594357],[73.33013325737087,-20.43305645429595],[73.3313044994688,-20.434629911968123],[73.33697917695767,-20.441875084220708],[73.51357248469189,-20.656286137464903],[73.51654146170578,-20.659802099057003],[73.51718385516162,-20.66054417414302],[73.52023822399163,-20.663986214449352],[73.93979658565523,-21.12526783443406],[73.94396536643586,-21.131019840842963],[73.79631535169253,-21.090788331532984],[73.7949774756329,-21.08796193628164],[73.7890060135651,-21.077979147132123],[73.78209604084647,-21.06862143825341],[73.77431248935743,-21.05997674250119],[73.76572849985483,-21.052126292663733],[73.75642473468028,-21.045143858130707],[73.74648861978933,-21.039095051694318],[73.73601352322412,-21.034036712996652],[71.9478869270996,-20.275118473185998],[71.94601999554709,-20.274344595798812],[71.93852673340245,-20.271312187061437],[71.93664703388265,-20.270569860079938],[70.9705518061345,-19.8984147003681],[70.96941868368953,-19.89798476211928],[70.9648776252335,-19.89628794074194],[70.96374021845045,-19.895869468302088],[69.99750694133914,-19.54590437697302],[69.9951702632487,-19.545085213543047],[69.98579074200424,-19.541905334449783],[69.98343765947246,-19.541134558333123],[69.01692837793124,-19.23554948921692],[69.01159998586026,-19.23399936208481],[68.99015448226528,-19.22829485028435],[68.97931133109097,-19.22594137573764],[68.9574306065321,-19.222242055245648],[68.95193903570048,-19.22144374077824],[67.89629222036324,-19.092831106983695],[67.88854390100653,-19.09214110588964],[67.85749377261114,-19.09038804048296],[67.84971702777014,-19.090201508873673],[66.54287284039992,-19.101227456051973],[66.53117429265123,-19.101898286451725],[66.51959694571153,-19.1037068966064],[66.50825119121826,-19.10663604116285],[66.49724521254223,-19.11065779031422],[66.48668395324381,-19.115733796114597],[66.47666811642137,-19.121815658132096],[66.46729320449292,-19.128845384953802],[66.46597197395327,-19.130054426583825],[66.4640213843512,-19.12835444958699],[66.45458127777238,-19.121612938223517],[66.44453435219921,-19.11581441477262],[66.4339744930727,-19.11101306465921],[66.42300037904072,-19.107253755028918],[66.4117145598363,-19.104571615478342],[66.40022249798184,-19.102991709779747],[66.38863158327405,-19.102528801667784],[64.22762443229635,-19.120761388940913],[62.762622908597336,-17.469278450503403],[62.75846655485134,-17.46482597307847],[62.741399995860995,-17.447449335357458],[62.73243684897116,-17.43920520160095],[62.71369700529668,-17.42364778429235],[62.7089133046001,-17.41987736795899],[62.09550438447779,-16.96115250087213],[62.089658159023124,-16.95704608670141],[62.06580523849411,-16.941330796346598],[62.05343231099152,-16.9341968137849],[62.02788123351874,-16.921426746882968],[62.021398387475095,-16.918424464987012],[61.23116307516877,-16.5806499009406],[61.22471134417754,-16.5781100496217],[61.19863257453248,-16.568704381424833],[61.192044920701186,-16.566541398645303],[60.31329293602018,-16.305884515636524],[60.308615497690504,-16.304599350226308],[60.2898095077466,-16.299838865182743],[60.28508395110432,-16.298743788071175],[59.02439092174845,-16.033326238447092],[64.64687378839564,-9.293596714865915],[65.11073056936384,-8.937695370817897],[65.74833573867727,-8.661165145730699],[66.3807977168723,-8.505921101665232],[67.07042893421274,-8.51020852262315],[67.67229133390055,-8.713482939823505],[68.23099730102646,-9.090707694380503],[68.72998590910345,-9.504689788709689],[68.78095808634451,-9.55564124231829],[68.78973434739966,-9.563588111171322],[68.79925100073541,-9.57063146207571],[68.80941540736048,-9.576702732176402],[68.82012862278842,-9.58174282125001],[68.83128636020369,-9.58570266701052],[68.84278000563216,-9.588543722701623],[68.85449767523384,-9.590238332326598],[68.86632530442596,-9.590769999863074],[68.8781477582341,-9.590133549842056],[68.88984995206326,-9.588335177728052],[68.90131797197807,-9.585392389609884],[68.91244018358783,-9.581333831789285],[68.92310831874107,-9.576199011926077],[68.93117705513978,-9.57128197578844],[69.26876306570836,-10.165993805731034]]],[[[84.10740336323899,-15.803321930058546],[84.02068998967236,-15.88117980744416],[84.01730385107733,-15.884296035264702],[84.0165898486275,-15.884969492974362],[84.0132812059318,-15.88816788224775],[83.94095021464302,-15.95982639919121],[83.8107718528579,-16.052338339907724],[83.80340332661882,-16.05785189653158],[83.80186210777211,-16.059065247909338],[83.79477299464695,-16.064933719658082],[83.58742285237511,-16.24533747955214],[83.58398844012683,-16.248400423061533],[83.58326400293636,-16.249062643223496],[83.57990579346699,-16.252208948925954],[82.9887477761043,-16.819846462311475],[82.81036018455148,-16.957107251761887],[82.78776144093138,-16.969658926622085],[82.78376620258757,-16.97194253801504],[82.78292011875645,-16.972440018603137],[82.77898212633184,-16.97482099027282],[82.1337116011281,-17.375856408912007],[81.7278078326838,-17.56904892095797],[81.18140266501203,-17.75692411265099],[81.12970436952828,-17.762777957006566],[81.12513846057271,-17.763351791330503],[81.12416619528202,-17.763486122971035],[81.11961574409186,-17.764171837481936],[80.85772672110075,-17.80692939557608],[80.49087739802677,-17.82799041449676],[79.99100948349606,-17.782859156774435],[79.45128025752955,-17.645914851911453],[79.04847984212033,-17.479608050018765],[78.6951730433327,-17.259361447965595],[78.39198009456337,-17.0049100988668],[78.09974128061276,-16.683609403089896],[77.85913129488048,-16.339460670547318],[77.61758954194369,-15.8907216813744],[77.61535886392524,-15.886696648951476],[77.61487259440804,-15.885844072419815],[77.6125438089881,-15.881874995841251],[77.494102064592,-15.68556789660397],[77.41299203631401,-15.483556379564865],[77.4112251202244,-15.479307283429298],[77.41083717033796,-15.478405707215288],[77.4089665083724,-15.474201253122327],[77.34955622185096,-15.34496598960484],[75.1778678105356,-8.956814418522297],[75.15233550930873,-8.799923419198448],[75.15063480044314,-8.790878969247233],[75.15022511049581,-8.788960706687933],[75.14808266008366,-8.780010601000642],[75.07808204600789,-8.516340726630181],[75.07550301539999,-8.507506526796188],[75.07490727561135,-8.505637657832782],[75.0718978779187,-8.49694064621432],[74.97621825510898,-8.24094170456694],[74.97455439416163,-8.236651206092231],[74.97418831438654,-8.235740530308679],[74.97241966045866,-8.231492157241714],[74.85917412928391,-7.9686113855828795],[74.79121817355761,-7.72388120879775],[74.78853901028509,-7.715076859320242],[74.78792209073139,-7.713214874528769],[74.78481414567514,-7.704552590585594],[74.6847476770408,-7.445812743343127],[74.6812184375134,-7.43731339313709],[74.68042198217138,-7.435520843001837],[74.67647995041933,-7.427204902210405],[74.55131322654044,-7.17908076543081],[74.54919034306266,-7.174997852725044],[74.54872691129627,-7.1741326499846325],[74.54650446749756,-7.1701030651443824],[74.15511350704107,-6.480605197848167],[74.15279284163759,-6.4766313681432335],[74.15228751460869,-6.475789947096289],[74.14987002548513,-6.471874266217434],[74.04937066394302,-6.313474443839202],[74.515282906339,-6.464744908933397],[74.51671688049314,-6.465200568070724],[74.52246397807095,-6.466987173715286],[74.5239035527057,-6.46742481740024],[76.54113029798444,-7.066890583565302],[78.47021198870965,-7.687911643588686],[78.47493360055519,-7.689325319323594],[78.49392818474476,-7.6945898623415],[78.49870386499401,-7.695808458115544],[80.25689863996536,-8.106176453150448],[80.25783661136727,-8.106391416488439],[80.26159188424353,-8.10723621281622],[80.26253154927974,-8.10744364764212],[81.84507229547592,-8.450147222910507],[81.8483174642593,-8.450803241700532],[81.86133186493679,-8.453247765426301],[81.86459389649215,-8.453814008499162],[83.09589583013556,-8.650093257187532],[83.09845161133741,-8.650472501673619],[83.10868988165086,-8.651879251191852],[83.11125323560574,-8.652203381464881],[84.43086503748802,-8.8046503983746],[84.4319990189252,-8.804775940886847],[84.43653722935282,-8.805256536991829],[84.43767235312944,-8.805371292532072],[85.19542296161225,-8.87833892948927],[84.59003014676486,-8.864483265850616],[84.58414026004057,-8.86449304674878],[84.56059586224823,-8.865110152865624],[84.54885298346218,-8.865995968679929],[84.52548244535741,-8.868917857804535],[84.51388293687535,-8.870950411571421],[84.49091132951573,-8.87614894431425],[84.47956690094526,-8.879308661429837],[84.45721545346721,-8.88673377307877],[84.446235357857,-8.89099022373995],[84.4247193269183,-8.900570406410827],[84.41420930859135,-8.905882598670939],[84.39373590533178,-8.91752558996758],[84.38379718151,-8.923842364511192],[84.36456357599485,-8.937436036062705],[84.35529186202166,-8.944696558897878],[84.3374832843862,-8.960109996216165],[84.32896787193557,-8.968244344539038],[84.31275582851761,-8.98532910779688],[84.30507872566658,-8.994258943386255],[84.29061934730659,-9.012850496973998],[84.28385448875216,-9.022489820631819],[84.27128702716809,-9.042409117725237],[84.26549956219627,-9.05266509749519],[84.25494504891324,-9.073720304374278],[84.25019071397551,-9.084494169564623],[84.24175079472612,-9.106482513077188],[84.23807537666683,-9.11767050547662],[84.23183133248716,-9.140380225854585],[84.22927022759146,-9.151874598980365],[84.22528219204032,-9.175086989202093],[84.22386006514837,-9.186777045957468],[84.22216644518821,-9.210268558015942],[84.2218969921594,-9.222041716763972],[84.22251409827625,-9.245586114556302],[84.22339991409056,-9.25732899334234],[84.22632180321517,-9.280699531447109],[84.22835435698205,-9.292299039929135],[84.23355288972488,-9.315270647288758],[84.23671260684046,-9.32661507585922],[84.24413771848938,-9.348966523337264],[84.24839416915059,-9.359946618947552],[84.25797435182147,-9.381462649886261],[84.26328654408155,-9.391972668213135],[84.27492953537819,-9.412446071472713],[84.2812463099218,-9.422384795294485],[84.2948399814733,-9.441618400809638],[84.30210050430851,-9.45089011478286],[84.3175139416268,-9.468698692418318],[84.32564828994963,-9.477214104868898],[84.34273305320747,-9.493426148286876],[84.35166288879694,-9.501103251137987],[84.37025444238469,-9.515562629497964],[84.37989376604243,-9.522327488052337],[84.39981306313584,-9.534894949636406],[84.4100690429058,-9.540682414608225],[84.4311242497849,-9.551236927891258],[84.44189811497525,-9.555991262829002],[84.4638864584878,-9.5644311820784],[84.47507445088726,-9.568106600137682],[84.49778417126522,-9.574350644317343],[84.50927854439098,-9.576911749213053],[84.53249093461271,-9.580899784764187],[84.54418099136808,-9.582321911656134],[84.56767250342655,-9.5840155316163],[84.57355577545027,-9.58429476554327],[85.2854058112254,-9.600586922329686],[85.04744272083086,-13.847259193247552],[85.04725763033107,-13.853143882725057],[85.04709498502461,-13.876686631796371],[85.04759112927302,-13.888447827004258],[85.04973596292601,-13.911893235423214],[85.05138207079773,-13.923549229619637],[85.05581374357585,-13.94667168112717],[85.05859397449801,-13.958110308136199],[85.06526984020736,-13.980687294302674],[85.0691574398881,-13.991798479682936],[85.0780132563615,-14.013612741117145],[85.08297081424776,-14.024289561413415],[85.09392136155013,-14.045131178459828],[85.09990117083095,-14.055270890132062],[85.11284107133467,-14.074939302937477],[85.11978558802647,-14.08444433106737],[85.1345903204653,-14.102750269577728],[85.14243271715995,-14.111529146836093],[85.15895981490293,-14.128296452151046],[85.16762462385107,-14.136264698992376],[85.18571504586552,-14.151332018550596],[85.19511888520645,-14.158412956163835],[85.21459854651734,-14.17163529644625],[85.22465092266631,-14.177760784638364],[85.24533236958399,-14.189010906447546],[85.2559365480564,-14.194121999359911],[85.27762076205232,-14.203291642248818],[85.28867469834388,-14.207339155595829],[85.31115301121505,-14.214340079663126],[85.32255033278119,-14.21728506403504],[85.34560643467414,-14.222049899061803],[85.35723746455764,-14.223864014736606],[85.38064948552818,-14.226346908493067],[85.38651772273423,-14.226824004744858],[85.41117059282458,-14.228220574823927],[84.10740336323899,-15.803321930058546]]],[[[29.207654542972016,-11.836405571302777],[29.211302442111386,-11.833600283029886],[29.21207308382539,-11.832992453996534],[29.215651039064845,-11.830098486697873],[29.430204819837133,-11.65216099030076],[29.437142321141533,-11.646114043862813],[29.438588908743633,-11.644789294298452],[29.44522134392554,-11.638409224617524],[29.640955636319998,-11.440647604383793],[29.647267027261865,-11.433949781606817],[29.648576800985335,-11.432489620693683],[29.65455194299375,-11.425490180462205],[29.82995969278848,-11.20949552087868],[29.83393543445285,-11.204346603234635],[30.083913164174717,-10.958206294597208],[30.08715235004638,-10.954937581500353],[30.087834612918492,-10.954231988020739],[30.090992604973206,-10.950884765798076],[30.277217213894705,-10.748584459914522],[30.2832820575806,-10.741662599135589],[30.28453812602862,-10.740155990642057],[30.290256024734017,-10.732944879773042],[30.455459455904677,-10.513757639378353],[30.46081663471113,-10.506274650616504],[30.461918981390138,-10.504652180617315],[30.466902534384516,-10.496915341138198],[30.59658079687392,-10.284306967157793],[34.98967836326494,-4.993954679248352],[35.03248134296439,-4.954370641576625],[35.035821288143595,-4.951204954191249],[35.036525309513756,-4.9505210691893256],[35.03978655890653,-4.947274368891744],[35.206265575540804,-4.777419706030931],[35.37934693394928,-4.647614609621591],[35.38299429678124,-4.644808624092261],[35.38376482229251,-4.6442006477593605],[35.38734222427561,-4.641305996575047],[35.873177434778185,-4.2382278678920215],[36.29633212649045,-3.9752343929844174],[36.66039382215621,-3.790135977060539],[36.715008331413486,-3.7698736107759285],[36.71514382420213,-3.7702969387854206],[36.71982915871437,-3.78113119500074],[36.72555626200379,-3.791452714033474],[36.73226971898993,-3.801161625534046],[36.73990457069788,-3.8101639867036763],[36.74838694279705,-3.8183726912788214],[36.75763476040446,-3.8257083123657374],[36.76755854223598,-3.8320998709699556],[36.77806226642143,-3.8374855227844393],[36.78904429960596,-3.841813156591091],[36.80039838034787,-3.8450408984855224],[36.81201464729735,-3.847137517046242],[36.823780702207856,-3.848082725527866],[36.835582697494225,-3.8478673781543535],[36.84730643781455,-3.84649355861294],[36.853770432788316,-3.8450815981186754],[37.33949093408567,-3.7869294285445383],[37.82707027798498,-3.7797182513663623],[38.222508007728884,-3.8220716456686166],[38.70418199323808,-3.9365226058213603],[39.09471685428065,-4.08696073423531],[39.410759786321876,-4.268805254438427],[39.68505423714788,-4.452755831079061],[39.69502066358567,-4.458760422446767],[39.705521774613764,-4.46377155411622],[39.71645884172263,-4.4677421128286925],[39.727729037665554,-4.470634768501427],[39.739226403211696,-4.472422325194643],[39.750842843345104,-4.473087976800149],[39.76246914354387,-4.472625465047684],[39.773995996584496,-4.471039138343413],[39.78531503021787,-4.46834391088744],[39.79631982605484,-4.464565122454657],[39.80690692008212,-4.459738300157276],[39.81697677540206,-4.453908824428845],[39.82643471805071,-4.447131502370111],[39.83349431085952,-4.440955181354263],[39.87708194274655,-4.4878865064457525],[40.0720729322891,-4.769803327753365],[40.3520845830772,-5.290006297327818],[40.354315279919014,-5.294031319318751],[40.35480155342326,-5.294883893576167],[40.357130357404884,-5.298852959263943],[40.45145530413694,-5.455186868432372],[40.54561827114924,-5.69330485987265],[40.54736292286014,-5.697563146011339],[40.5477461484965,-5.698466740442657],[40.54959477832345,-5.702680928167221],[40.66232266400127,-5.951319028146622],[40.6663273418626,-5.959604982576136],[40.66722398565998,-5.961349576224735],[40.6716304122245,-5.969429049629495],[40.730006602200675,-6.070483950510897],[42.84890068722817,-12.313081164210317],[42.85031354934986,-12.319878909412736],[42.911728846324294,-12.582805787893035],[42.914041456269864,-12.591713443072946],[42.914580812337725,-12.593599357209508],[42.91732771456702,-12.602382808337948],[43.00437664591366,-12.858488794582643],[43.00591092910748,-12.862827318007845],[43.00624949965154,-12.863748575176938],[43.00788979344226,-12.868048138724154],[43.0834770084835,-13.059104820662997],[43.087980196427225,-13.088863670515565],[43.089580032056645,-13.097926507352664],[43.089968324478384,-13.099849215363204],[43.092010925362054,-13.108822635402444],[43.15973660968833,-13.375886485021011],[43.16221705502193,-13.384748870508124],[43.16279193605043,-13.386624260841362],[43.1657042502238,-13.395354261513072],[43.25928065169375,-13.654493847795242],[43.26261781868687,-13.66307043231515],[43.263373751903536,-13.664880443936854],[43.26712773218922,-13.67328295056257],[43.38586490406066,-13.922445903138136],[43.38789541168667,-13.926575533775546],[43.38833926481675,-13.927450941785342],[43.390465464573396,-13.931520128886529],[43.645701016525834,-14.405759813966531],[43.756359197638595,-14.632191910799797],[43.76060169437005,-14.640358654769011],[43.76154838818981,-14.642076603519818],[43.76618649778148,-14.650025340840182],[43.91162517961834,-14.88578733758118],[43.91408913399203,-14.889673947836497],[43.91462479184548,-14.890496392636392],[43.91718338631152,-14.894321363848347],[44.22824318121285,-15.347213696409273],[44.2416390486244,-15.372169911349214],[44.24618924919295,-15.380169296347637],[44.247200632017794,-15.38184997534155],[44.2521378628888,-15.389616456971416],[44.406686099154484,-15.620035805461557],[44.41199846610572,-15.627550673587336],[44.41316971419456,-15.629124126800164],[44.41884441926904,-15.636369277446823],[44.59554569288446,-15.850909753082428],[44.59851468328481,-15.854425703369902],[44.599157079566005,-15.855167776009992],[44.602211461501696,-15.858609804687367],[45.0202611109804,-16.31822916190737],[45.03481150902234,-16.33830537057298],[45.040393414235425,-16.345622256506587],[45.04162105896548,-16.347152114511655],[45.047555263105394,-16.354186295828644],[45.232225410215776,-16.562492409882744],[45.2384976172651,-16.569226940624308],[45.239869302857024,-16.57062910171917],[45.24646440251907,-16.57704775781034],[45.451023078587916,-16.766583725149808],[45.45443677744615,-16.76966973722422],[45.455172890998604,-16.770318953384848],[45.45866129624294,-16.773320259647047],[45.91594815072806,-17.15709026067834],[45.95596381387938,-17.198529328420012],[45.96251713900779,-17.204990629785875],[45.96394729502829,-17.206333101705585],[45.97080976742031,-17.212465063727443],[46.1837460257478,-17.393535112230033],[46.19090111310725,-17.39932296247507],[46.19245596779426,-17.40051879022227],[46.19988643288794,-17.40594858525146],[46.42994877452542,-17.565555231674615],[46.433761704518034,-17.568131736146174],[46.434581628174755,-17.56867124516604],[46.438456640369644,-17.571153399656634],[46.58530750723708,-17.66269744170437],[46.34214488856356,-17.620880420218924],[46.09710769516041,-17.578741025450242],[45.852070501757225,-17.53660163068154],[45.60703330835407,-17.49446223591286],[45.361996114950884,-17.45232284114416],[44.871921728144564,-17.368044051606788],[44.62688453474138,-17.325904656838087],[44.38184734133822,-17.283765262069405],[44.13681014793504,-17.241625867300705],[43.89177295453188,-17.199486472532023],[43.646735761128696,-17.157347077763323],[43.401698567725546,-17.11520768299464],[43.15666137432236,-17.07306828822594],[42.91162418091921,-17.030928893457258],[42.66658698751603,-16.988789498688558],[42.42154979411287,-16.946650103919875],[42.176512600709685,-16.904510709151175],[41.93147540730653,-16.862371314382493],[41.686438213903344,-16.820231919613793],[41.441401020500194,-16.77809252484511],[41.19636382709701,-16.73595313007641],[40.95132663369386,-16.693813735307728],[40.706289440290675,-16.651674340539028],[40.46125224688752,-16.609534945770346],[40.21621505348433,-16.567395551001646],[39.97117786008118,-16.525256156232963],[39.72614066667799,-16.483116761464263],[39.48110347327483,-16.440977366695574],[39.23606627987167,-16.39883797192689],[38.99102908646849,-16.35669857715819],[38.74599189306533,-16.31455918238951],[38.500954699662145,-16.27241978762081],[38.255917506258996,-16.230280392852126],[38.01088031285581,-16.188140998083426],[37.76584311945266,-16.146001603314744],[37.520805926049476,-16.103862208546044],[37.27576873264632,-16.06172281377736],[37.030731539243135,-16.01958341900866],[36.78569434583998,-15.977444024239977],[36.54065715243679,-15.93530462947128],[36.295619959033644,-15.893165234702595],[36.05058276563046,-15.851025839933898],[35.8055455722273,-15.808886445165212],[35.560508378824125,-15.766747050396518],[35.31547118542097,-15.724607655627828],[35.07043399201778,-15.682468260859133],[34.580359605211456,-15.598189471321756],[34.33532241180829,-15.556050076553065],[34.09028521840511,-15.513910681784369],[33.60021083159878,-15.429631892246991],[33.11013644479243,-15.345353102709606],[32.86509925138926,-15.303213707940914],[32.620062057986104,-15.261074313172227],[32.375024864582926,-15.218934918403534],[32.12998767117977,-15.176795523634846],[31.884950477776588,-15.13465612886615],[31.639913284373428,-15.092516734097462],[31.394876090970246,-15.050377339328767],[31.149838897567083,-15.00823794456008],[30.904801704163916,-14.966098549791388],[30.414727317357578,-14.881819760254006],[30.169690123954407,-14.839680365485314],[29.92465293055124,-14.797540970716623],[29.4345785437449,-14.71326218117924],[29.18954135034173,-14.67112278641055],[28.699466963535393,-14.586843996873167],[28.454429770132226,-14.544704602104476],[27.964355383325884,-14.460425812567093],[27.47428099651955,-14.376147023029711],[26.98420660971321,-14.291868233492329],[26.739169416310034,-14.249728838723637],[26.494132222906874,-14.207589443954948],[26.249095029503696,-14.165450049186255],[26.004057836100536,-14.123310654417566],[25.82559240536312,-14.092619700387436],[26.211170731858648,-13.930225056125057],[26.215126613271256,-13.92847434256083],[26.230818792929234,-13.921188592924112],[26.234709001345617,-13.919296431669979],[27.11787345175544,-13.469871127361445],[27.122386965388518,-13.467451679541288],[27.14022634346317,-13.457393147370526],[27.144632518867418,-13.454783329105302],[27.940038900117777,-12.96043132135488],[27.94602846780472,-12.95645519707951],[27.96948903588953,-12.939847623911891],[27.975229752244992,-12.935519961603452],[28.53567559657242,-12.486076164701192],[28.544535557598895,-12.478222298573197],[28.552578431687234,-12.469533553039678],[28.559725922506807,-12.46009451190558],[28.565908450166365,-12.449997063005691],[28.571065828565217,-12.43933950368856],[28.575147851297054,-12.42822558390462],[28.5781147804028,-12.416763496213951],[28.579937733214425,-12.405064822545809],[28.58059896352399,-12.393243447963096],[28.580092034340634,-12.38141445200612],[28.578421880553872,-12.369692988408271],[28.575604760893064,-12.35819316408945],[28.57166809965081,-12.347026928340064],[28.566650219711054,-12.336302983009299],[28.56059996948078,-12.32612572430677],[28.55839530538921,-12.323133898812886],[29.207654542972016,-11.836405571302777]]],[[[17.18271887358645,-12.606292442744685],[16.937681680183275,-12.564153047975992],[16.447607293376933,-12.47987425843861],[16.20257009997377,-12.43773486366992],[15.957532906570592,-12.395595468901227],[15.712495713167433,-12.353456074132538],[15.467458519764266,-12.311316679363847],[15.2224213263611,-12.269177284595155],[14.977384132957917,-12.22703788982646],[14.732346939554755,-12.184898495057773],[14.487309746151585,-12.142759100289082],[14.242272552748423,-12.100619705520392],[13.997235359345236,-12.058480310751696],[13.752198165942072,-12.016340915983008],[13.50716097253892,-11.974201521214319],[13.262123779135743,-11.932062126445626],[13.017086585732574,-11.889922731676934],[12.036937812119893,-11.72136515260217],[11.791900618716724,-11.679225757833478],[11.546863425313568,-11.637086363064789],[11.301826231910384,-11.594946968296094],[11.056789038507226,-11.552807573527407],[10.811751845104043,-11.510668178758712],[10.566714651700885,-11.468528783990024],[10.457285621416313,-11.449710117965191],[10.518567958629774,-11.072420660725589],[10.558649643675105,-10.8256546611958],[10.638813013765763,-10.332122662136253],[10.678894698811085,-10.085356662606497],[10.718976383856418,-9.838590663076717],[10.759058068901748,-9.591824663546939],[10.799139753947074,-9.345058664017172],[10.839221438992402,-9.098292664487406],[10.87930312403773,-8.851526664957628],[10.959466494128383,-8.357994665898095],[10.999548179173713,-8.11122866636831],[11.039629864219041,-7.864462666838546],[11.079711549264367,-7.617696667308777],[11.11703943449413,-7.387884649709271],[11.34577122300947,-7.526750723115461],[11.48173894055521,-7.691613977710784],[11.485203805941817,-7.69563090147071],[11.499411559597656,-7.711384480688051],[11.506856617055346,-7.718939611393541],[11.522399994462452,-7.733377026012589],[11.526365637149627,-7.736900468465367],[17.276018373601907,-12.622337290501344],[17.18271887358645,-12.606292442744685]]],[[[49.78392690688074,-12.45488913580383],[49.475196989889646,-12.195792948367032],[49.18434824682148,-11.87602300595963],[49.10280081636522,-11.75729275988137],[49.11039906613182,-11.751731376266612],[49.119080010749165,-11.743980551419993],[49.12696934084961,-11.735425286618792],[49.133992856141106,-11.726146045367347],[49.14008449944527,-11.716230100273345],[49.1451869779747,-11.705770712236315],[49.149252302179946,-11.694866253315364],[49.15224223709815,-11.683619281525708],[49.154128661958445,-11.672135576265692],[49.15489383466185,-11.660523143446236],[49.154530558648275,-11.64889119967959],[49.15304225058124,-11.637349145081293],[49.150442908213634,-11.62600553434624],[49.14675697873684,-11.61496705577605],[47.371073028361536,-7.047476657564481],[47.3663462522404,-7.036869054594605],[47.36061625504263,-7.026768025667833],[47.35393670123735,-7.017268172288526],[47.346370148395984,-7.008458465632535],[47.33798746130732,-7.000421413284847],[47.32886714829116,-6.993232286512204],[47.31909462592613,-6.986958415307688],[47.308761419078046,-6.981658557809545],[47.2979643037209,-6.977382349999996],[47.28680440057843,-6.974169840837883],[47.2753862280748,-6.972051117178884],[47.263816723464,-6.971046021996117],[47.25220424130562,-6.971163968540154],[47.240657538666845,-6.972403852178924],[47.2292847565547,-6.974754060743181],[47.2206895735958,-6.9774184854880446],[46.27410302937004,-4.188624762732227],[46.25864283987235,-4.071408836712724],[46.2572158877027,-4.0623171760793895],[46.25686428189041,-4.0603874220921155],[46.254992941903915,-4.0513767299857095],[46.19304959687603,-3.786002214048246],[46.19073837729471,-3.7770941980159867],[46.19019931559308,-3.7752081997176994],[46.18745378434772,-3.7664243199516623],[46.09963950978817,-3.5079342153941764],[46.09810590378473,-3.5035954525473603],[46.09776747703763,-3.502674142544145],[46.09612785435646,-3.4983743230252564],[46.00667575028181,-3.2721690957666576],[46.00482701618526,-3.2599520039843433],[46.00322717227084,-3.2508891686099997],[46.00283887809139,-3.2489664609543367],[46.00079626900438,-3.2399930427821766],[45.932544914859335,-2.9708573429731464],[45.9300644614239,-2.961994959753478],[45.92948957868095,-2.9601195699457623],[45.92657725652686,-2.9513895719365566],[45.83227463965113,-2.6902396366412553],[45.82893746481737,-2.6816630551718212],[45.82818152994606,-2.67985304424124],[45.824427541979105,-2.6714505410476175],[45.70477060256098,-2.420358101589347],[45.702740091159534,-2.4162284728077466],[45.70229623722914,-2.4153530652036492],[45.70016499121633,-2.4112745114337555],[45.33509330888223,-1.7330478279252728],[45.33286261204022,-1.729022805934001],[45.332376338536015,-1.7281702316766514],[45.33228995969919,-1.728023013069972],[45.32146978296667,-1.7060650712980476],[45.31720055660474,-1.6979122685993226],[45.316248240255604,-1.6961974302193499],[45.31158573357807,-1.6882665299370545],[45.25109940797778,-1.5909272106984387],[49.32809126544543,-2.9350757183997356],[50.22431141659703,-8.033039456064754],[50.38768069561235,-9.444223654689184],[50.38319671716208,-10.165696121113482],[50.37892613626729,-10.852832800475413],[50.28972014977241,-11.517067944095762],[50.200482831202834,-12.171299424667707],[50.07789577326544,-12.63814374532097],[49.78392690688074,-12.45488913580383]]],[[[22.235417438782058,-8.156201904740398],[21.813618592750686,-8.045020762714596],[21.36564331723879,-7.860066218169381],[20.962913865673027,-7.612020349147714],[20.627737910821686,-7.324884420762555],[20.624206654435532,-7.321933651581541],[20.623445823473418,-7.3213135862362995],[20.619843215135088,-7.318450367141908],[20.421632134959992,-7.164850280508267],[20.26506662221579,-6.99579444470943],[20.261898559288298,-6.9924567527365085],[20.261214173554084,-6.991753218123169],[20.257965153725777,-6.988494279556259],[20.06414424287604,-6.798795502592751],[20.057411208458596,-6.792521689310205],[20.055943741335824,-6.791220106680418],[20.048910975726013,-6.7852842248205505],[19.957391442552016,-6.71180787199342],[18.375092508091257,-4.838311045083008],[18.37531548836071,-4.838139941420642],[18.38392204568267,-4.830076435212074],[18.391695501396413,-4.8212070300697745],[18.39856076987868,-4.811617397648347],[18.404451537898694,-4.801400166445805],[18.409310905153088,-4.790654027083285],[18.413091933879258,-4.779482779029301],[18.415758102238158,-4.767994327976449],[18.417283657087257,-4.756299643555135],[18.41765386273617,-4.744511687452006],[18.416865143282113,-4.732744322286662],[18.414925117150403,-4.721111211786023],[18.411852523506298,-4.70972472287987],[18.407677041249016,-4.69869484032243],[18.40243900233635,-4.68812810432397],[18.39618900220884,-4.678126581454032],[13.448993849617926,2.435144668348161],[13.326886550177347,2.669493134010907],[13.32828830817516,2.8952037349230095],[13.44874029515974,3.1343508258830424],[13.647226422028337,3.364910082317855],[13.840711127067946,3.479112505998663],[29.051207869413375,1.3033417687185278],[29.074065010120805,1.2207291238245481],[29.147206564876214,0.946729302707587],[29.14502562935083,0.5956696083460502],[29.14386773715484,0.40928665490992155],[29.112521539508897,0.3316849767403072],[26.522045707966218,-1.9252078220652091],[26.518689272909885,-1.9282452810715989],[26.505497433838507,-1.9406439808044436],[26.502257949359148,-1.9438058716644762],[25.88209151456914,-2.5723914356370687],[25.881019360359762,-2.573492152606269],[25.876759107820586,-2.5779222970371864],[25.875701135760377,-2.579036652283445],[25.255328030712175,-3.240907192868814],[25.251347152641753,-3.2453723902551617],[25.235878581645103,-3.2636188594351743],[25.2321251742172,-3.2682768966388327],[24.699579365398076,-3.9639792720172924],[24.69479147505608,-3.9707008782881315],[24.676586512804537,-3.998213659573159],[24.672271922020766,-4.005248443944834],[24.227394656078115,-4.789929689385088],[22.334181072787132,-8.11297346359428],[22.32874931761778,-8.123729664708208],[22.324423677210188,-8.134976382526629],[22.32124776838638,-8.146600212780289],[22.31925361485543,-8.158483948654078],[22.318965415950956,-8.162857659819156],[22.235417438782058,-8.156201904740398]]],[[[122.43417788079876,-18.627874850546156],[122.85489107481654,-18.366404485733412],[123.17655005664191,-18.202868697313626],[123.26250955754163,-18.17061462788826],[123.26584348408159,-18.178849864477503],[123.27121774330988,-18.189136998078187],[123.2775606699172,-18.198856826370154],[123.28481292768396,-18.207918423208202],[123.29290667386412,-18.216237020009483],[123.30176619383408,-18.223734798738747],[123.31130860938089,-18.23034161987326],[123.32144465400354,-18.23599567853749],[123.33207950797507,-18.240644082669597],[123.34311368535319,-18.244243347811175],[123.35444396464217,-18.246759803891617],[123.3659643543997,-18.248169910201756],[123.37756708475571,-18.248460475610308],[123.38914361556802,-18.24762878196302],[123.40058565178344,-18.245682609510233],[123.55697999073504,-18.21122571745035],[123.86474740422776,-18.184066070803716],[124.26978168538014,-18.196798351217602],[124.6742250455371,-18.240120672884096],[125.07285846023348,-18.33316536704554],[125.39156370723659,-18.445850518311822],[125.70890007406392,-18.588196093770367],[126.00871750573867,-18.77022515609849],[126.0804857806676,-18.837388351333175],[126.08953565004217,-18.845054752514923],[126.09929812374142,-18.8517903259907],[126.1096778319952,-18.857529271829662],[126.12057337525857,-18.862215526173156],[126.13187831478574,-18.86580330892349],[126.14348221243182,-18.86825757097049],[126.1552717095251,-18.869554336586837],[126.1671316342697,-18.86968093764737],[126.17894612686084,-18.86863613738419],[126.19059977132122,-18.86643014246868],[126.20197872300163,-18.863084503302368],[126.21297182073124,-18.858631903490668],[126.22347167275302,-18.853115840556214],[126.23337570583554,-18.84659020101081],[126.23442598758375,-18.845738311707542],[126.29519297631356,-18.926795228095017],[126.29799830148144,-18.930443098860476],[126.2986061383094,-18.931213734427022],[126.30150014179644,-18.934791660396673],[126.48200171116278,-19.1524326736193],[126.48804872776752,-19.15937011376327],[126.48937349196291,-19.160816687966566],[126.49575362872532,-19.16744905861901],[126.56548595884158,-19.23646514054115],[128.88034227504426,-23.364229649899976],[128.87176402261906,-23.369443533026708],[128.86242438317637,-23.376447665766793],[128.85380953051506,-23.384326184281317],[128.84600099867592,-23.393004523458664],[128.8390726903917,-23.402400548398965],[128.83309017764518,-23.412425331768084],[128.8281100810726,-23.42298399543768],[128.8241795340856,-23.433976608445658],[128.82133573678402,-23.445299132778487],[128.81960560388066,-23.45684440802409],[128.8190055099709,-23.468503165576223],[128.8195411345577,-23.4801650627916],[128.82120740829882,-23.491719727312027],[128.82398856098473,-23.50305780166783],[128.82785827079366,-23.51407197827595],[128.83277991341055,-23.524658015037243],[128.91215682946148,-23.67570340226041],[128.9181716104953,-23.685894562153877],[128.92516091867617,-23.695443745470364],[128.9330567842775,-23.704258088172132],[128.94178242146995,-23.712251872410206],[128.95125297504913,-23.719347360114575],[128.96137634563695,-23.725475548982512],[128.97205408533083,-23.730576843513177],[128.98318235509146,-23.734601634562825],[128.99465293455816,-23.737510781784515],[129.0063542744717,-23.739275994260755],[129.01817258147042,-23.7398801056274],[129.02999292470932,-23.73931724101339],[129.0417003535414,-23.737592874172762],[129.0531810153913,-23.734723774253425],[129.05635175426366,-23.733589501478782],[129.1587076885907,-23.975637739084917],[129.16249900984104,-23.984023463186354],[129.16335071425613,-23.985790431405537],[129.16754893667542,-23.99398002322301],[129.3001793276287,-24.23777521408662],[129.30477433732813,-24.245748944169335],[129.30579513372575,-24.24742392232269],[129.31077586092587,-24.25516258125922],[129.4195519216479,-24.415388602526974],[129.41414786913418,-24.419200650215743],[129.40514070491076,-24.427000318145595],[129.39695141751682,-24.435654762041253],[129.3896607418538,-24.44507866120984],[129.3833405537702,-24.45517910920742],[129.3780531614667,-24.465856529766363],[129.37385069122436,-24.477005658477864],[129.37077457351253,-24.48851658055155],[129.36885513454254,-24.500275814421325],[129.36811129729372,-24.51216743051464],[129.3685503949593,-24.52407419415568],[129.37016809865145,-24.535878721335028],[129.37294846007796,-24.547464635951556],[129.37686406877017,-24.55871771711775],[129.3818763223117,-24.569527025217663],[132.18903680423105,-29.911239239344567],[119.88751997690018,-27.88423151635273],[119.00902294810521,-27.734678544362254],[119.00073016409692,-27.73356273064726],[118.96744383382774,-27.73026069787232],[118.95909345270144,-27.729725495199844],[117.99086070145955,-27.70150907452701],[117.98879908576943,-27.701466718945518],[117.98055177616362,-27.701368159113755],[117.97848973705085,-27.701361234779366],[114.33248614131651,-27.72044456631503],[115.03616022825109,-27.18542526881933],[115.04126541921273,-27.181318999575428],[115.06122275005144,-27.164348911529142],[115.06609622450915,-27.159970136749905],[115.77457767763545,-26.487559098675263],[115.77594897294094,-26.486236772330905],[115.78139182619661,-26.48090426310647],[115.78274195751895,-26.47956033483861],[116.49149970145685,-25.762769447777103],[116.49505719494425,-25.759013013435418],[116.50895672416816,-25.74368757654612],[116.51234899529271,-25.739781292443155],[122.02992204954012,-19.10239061087155],[122.03698438381684,-19.092994377292104],[122.04309354972604,-19.08295227279107],[122.04819093076648,-19.07236064980664],[122.05222761835616,-19.061321133321798],[122.05516488110251,-19.049939645788324],[122.05697453642418,-19.038325390817274],[122.05763922095846,-19.02658980538724],[122.05715255716015,-19.01484549062378],[122.05551921449307,-19.003205131409064],[122.05275486462726,-18.991780415187854],[122.04888603107177,-18.98068096034378],[122.04394983468569,-18.970013264427894],[122.03799363750922,-18.959879682331188],[122.0312808241011,-18.95066067696385],[122.43417788079876,-18.627874850546156]]],[[[100.65851031913817,-21.78374823902144],[100.66707840685804,-21.861250839399652],[100.66831383386503,-21.8703704997935],[100.66862477665123,-21.872307221684306],[100.67030619605816,-21.88135527751619],[100.72601040442835,-22.144925456262094],[100.72813376554905,-22.15388010997558],[100.72863304300209,-22.155777028298438],[100.73119323047335,-22.164616707347044],[100.81261174212842,-22.42192592453243],[100.81405375905283,-22.42629598146727],[100.81437273458853,-22.427224205251896],[100.81592156377022,-22.431557557140245],[100.87762098517871,-22.59771913643007],[100.88054087145369,-22.62201009122669],[100.8818631107506,-22.63111756995648],[100.88219248746495,-22.6330512421313],[100.88396001686704,-22.64208287129713],[100.94345115189105,-22.910888845965168],[100.94565971326536,-22.919822867581964],[100.94617703695756,-22.921714944032534],[100.9488213096855,-22.93052983525673],[101.03437357157433,-23.19221028475483],[101.03744718537182,-23.20088480974374],[101.03814747393201,-23.202717068740153],[101.04164302419478,-23.211230329804447],[101.15263010307446,-23.463714660056297],[101.154533511959,-23.467904390960843],[101.15495041615975,-23.468792949159287],[101.15695607291563,-23.472934706200633],[101.33668694381944,-23.832760899679496],[101.39516002064575,-23.99039201499485],[101.39857151816196,-23.998939305225697],[101.39934313622557,-24.000742686123566],[101.40316992009616,-24.009112286517972],[101.5248033667284,-24.258749043236975],[101.52903621789689,-24.266920790697064],[101.52998088264724,-24.268639856027164],[101.5346096038046,-24.276594064097676],[101.68038335116363,-24.513524816205987],[101.68284271483567,-24.517414332980856],[101.6833774012418,-24.51823740966701],[101.68593147772069,-24.522065399188012],[102.00917288061338,-24.993886489019708],[102.01103928455645,-24.997167739529036],[102.01205065459824,-24.99884842621516],[102.01698782639858,-25.00661494539634],[102.17198155747474,-25.237702291162314],[102.17729386726957,-25.24521719969341],[102.17846510339096,-25.246790661814465],[102.18413975335952,-25.254035855621062],[102.33610938152806,-25.43855145625901],[102.33412506652446,-25.44019591091324],[102.32582309704841,-25.4485810837773],[102.31838479006637,-25.457741073426977],[102.31188206668278,-25.467587311781685],[102.3063778018299,-25.478024595411565],[102.3019252163291,-25.48895200606091],[102.29856736229799,-25.500263886428336],[102.29633670687875,-25.51185086176886],[102.29525481831288,-25.52360089743997],[102.29533215739757,-25.535400382166316],[102.29656797633999,-25.54713522654887],[102.2989503259878,-25.558691966197095],[102.3024561713657,-25.569958858817845],[102.30705161440088,-25.58082696465335],[102.50669917065362,-25.994950074939364],[102.45309710981182,-25.981585200890105],[102.21158932233976,-25.92136883773561],[101.48706595992357,-25.74071974827211],[101.24555817245152,-25.680503385117618],[100.52103481003533,-25.499854295654117],[100.27952702256329,-25.439637932499625],[100.0380192350912,-25.37942156934512],[99.79651144761915,-25.319205206190627],[99.31349587267502,-25.198772479881626],[99.07198808520297,-25.138556116727134],[98.75648329325752,-25.059889704651415],[98.7552912278136,-25.057484147147356],[98.74915278568842,-25.04762532897828],[98.74209006883154,-25.038406066642573],[98.73416922977206,-25.029912711827848],[98.72546445859105,-25.02222481705091],[98.71605728802449,-25.01541439053368],[98.70603582979156,-25.009545221742375],[98.6954939493014,-25.004672283907123],[98.6845303864681,-25.000841219118417],[96.89993546212341,-24.472639464664994],[97.30840588305266,-23.336916363900308],[97.31046363298684,-23.33066106561502],[97.31800216879036,-23.305432953929284],[97.31971368675794,-23.299074196371706],[97.40135169539592,-22.958828537152353],[97.5637073882039,-22.616549151563717],[97.72522609827355,-22.27603433780305],[97.96726321723287,-21.964851359139175],[97.96782299169135,-21.964125969048265],[97.97005097950054,-21.961215902691688],[97.97060519894664,-21.96048625960431],[98.23691516143815,-21.607089896513585],[98.2398362920689,-21.603040943277325],[98.25117891093257,-21.586609119830815],[98.25650355602599,-21.578164410792414],[98.26644108315158,-21.560846634402473],[98.26883538042203,-21.556465496758907],[98.43058411581984,-21.245280531936647],[98.65437355611736,-20.966812083190216],[98.9793721523375,-20.683668747377535],[99.32274077144763,-20.40593236402535],[99.6679861675405,-20.148222937332747],[100.01249620524283,-19.901818284454457],[100.02585737209127,-19.893096726855134],[100.65851031913817,-21.78374823902144]]],[[[92.24946305274678,-23.48058995032548],[92.0049219316222,-23.434203940793],[91.76038081049767,-23.38781793126053],[91.51583968937308,-23.341431921728045],[91.27129856824854,-23.295045912195572],[91.02675744712396,-23.24865990266309],[90.78221632599941,-23.202273893130617],[90.53767520487484,-23.155887883598137],[90.29313408375029,-23.10950187406566],[90.04859296262572,-23.06311586453318],[89.74163638865473,-23.00489052189634],[89.7243417818955,-23.002387018715122],[89.7068946579429,-23.001402733737667],[89.39229743592176,-22.997421449713304],[89.39101050247473,-22.997409304535296],[89.13978104807482,-22.995846753204997],[88.64198741467473,-22.99275066677698],[88.39309059797472,-22.991202623562977],[88.14419378127467,-22.98965458034897],[87.89529696457464,-22.988106537134964],[87.39750333117455,-22.985010450706948],[87.14860651447452,-22.983462407492944],[86.87688797268673,-22.981772421858288],[86.86430667791319,-22.982090153493893],[86.57657082232137,-22.998427299094903],[86.5673124055488,-22.99916899437048],[86.05540604646086,-23.05216638922826],[85.80782769519023,-23.077798045111393],[85.3126709926489,-23.129061356877656],[85.13501196667498,-23.147454301959186],[85.09598041710201,-23.139904293300805],[85.09153631349126,-23.132572919969125],[85.07976600658259,-23.11686681473899],[85.06651290939847,-23.102390030522443],[85.05190465650966,-23.089281986665302],[85.03608193337716,-23.0776689207955],[85.0191971214743,-23.067662673085707],[85.00141283076992,-23.059359609171345],[84.98290033370536,-23.05283969209682],[84.9638379157473,-23.04816571222771],[84.94440915840129,-23.045382682545217],[84.92480117122138,-23.044517405146536],[84.90520278984293,-23.045578213126028],[84.74128992291547,-23.06254802562514],[84.74188327405433,-22.967140937971987],[85.0597266940141,-22.825308712827514],[85.06456926414579,-22.82301683448108],[85.08372529607205,-22.813421593132944],[85.09307962437845,-22.808201239135528],[85.1113036141389,-22.796935875719313],[85.1201551128612,-22.790902093796625],[85.13730183100867,-22.778056383521985],[85.14151680376538,-22.774749240269028],[85.34790527536902,-22.605234974586317],[85.3565364561687,-22.597414416596774],[85.36436880883176,-22.58879393743224],[85.37132854693436,-22.579454748237893],[85.37735010471263,-22.56948483092692],[85.38237675473951,-22.558978109327303],[85.38636114233817,-22.548033564351456],[85.38926573169724,-22.53675430152449],[85.39106315948534,-22.525246579655622],[85.3917364926334,-22.513618809803393],[85.39127938785643,-22.50198053396513],[85.38969615141187,-22.490441393112135],[85.38700169853148,-22.479110094292494],[85.38322141290914,-22.46809338653209],[85.37839090756803,-22.457495055181628],[85.37359137692064,-22.449204053895702],[85.95625043520275,-22.08708164130249],[85.96012880960748,-22.084604743565155],[85.96094946407797,-22.08406634684841],[85.9647658842752,-22.081495015033962],[86.19131686782809,-21.92477901408977],[86.19875468882884,-21.91935929967644],[86.20031116361497,-21.91816558139329],[86.20747409265387,-21.912387438683893],[86.41719880285173,-21.734537782145484],[86.42406958380342,-21.728415131193444],[86.42550155888529,-21.72707459978281],[86.43206363943801,-21.72062219058932],[86.45470994734933,-21.697233877231717],[86.64221661791736,-21.552956389064796],[86.64906689559096,-21.549037213091616],[86.65694036341503,-21.544272447620614],[86.65859309010371,-21.543216004725554],[86.6662232780309,-21.538070645868],[86.88985736632219,-21.379143899252878],[86.89722589256087,-21.373630342629337],[86.89876711140738,-21.372416991251743],[86.90585622453294,-21.36654851950268],[87.11320636680486,-21.186144759608542],[87.11664077905314,-21.183081816099154],[87.11736521624361,-21.18241959593719],[87.12072342571298,-21.179273290234732],[87.73997805192857,-20.58465705252271],[87.74325803576058,-20.58142927984293],[87.74394910673111,-20.580732310906416],[87.74714888918825,-20.577425015536686],[87.93581792320131,-20.377566081063105],[87.94196922373746,-20.370720937727242],[87.94324411538503,-20.36923022367507],[87.9490521311463,-20.36209149560279],[88.11413124129903,-20.14869884966323],[88.17472699356031,-20.08866646710152],[88.17795614735135,-20.08538784296797],[88.1786362447504,-20.084680162027933],[88.18178396451776,-20.08132327795232],[88.36421048070927,-19.881926091404065],[88.37025408408876,-19.874985677599728],[88.37150552968343,-19.87347522699757],[88.37720130331304,-19.86624662766408],[88.53891068914558,-19.650321709366676],[88.54424491140854,-19.642822338832097],[88.54534228090225,-19.641196498343607],[88.55030210119031,-19.633444423247727],[88.61180158109873,-19.53191705470016],[92.54792454637516,-14.776626020925958],[92.5544931250063,-14.770938100065088],[92.75590170914856,-14.587693013978422],[92.75926729395147,-14.584554598875528],[92.75997685484087,-14.58387646310118],[92.76326440543025,-14.580656397644555],[92.95265179104237,-14.390547193227604],[93.08587792014113,-14.294149837288202],[93.08957276887662,-14.291406681578882],[93.09035358610977,-14.290811980617327],[93.09398000161465,-14.287978974968134],[93.55388206503643,-13.919520464270011],[93.5603801727874,-13.927081543645551],[93.56881034765735,-13.935151524048011],[93.57798454443282,-13.942364466967417],[93.5878159953242,-13.94865215377611],[93.59821171635875,-13.953955116740868],[93.60907338680519,-13.958223201457308],[93.62029827907227,-13.961416041200595],[93.63178023028657,-13.963503438706159],[93.64341064636056,-13.964465651769636],[93.65507952905463,-13.964293579964826],[93.66667651631923,-13.962988850713783],[93.67809192607798,-13.960563803894969],[93.68921779357967,-13.957041375135057],[94.0597629894426,-13.819569269182356],[94.36715608952044,-13.734464233474927],[94.77302528060484,-13.696091344280635],[95.27439613320617,-13.65710501868657],[95.65483881827225,-13.678657309142523],[96.01279652509723,-13.771256570092312],[96.27526593375913,-13.92227859520793],[96.47477460478939,-14.134441066071929],[96.62107386507607,-14.377525390753636],[96.77138139273023,-14.685416616710484],[96.83713667163924,-14.949138047303268],[96.83507209061874,-15.281027286789168],[96.8352368102775,-15.28810321329951],[96.83672945782097,-15.316362880495522],[96.83830752717037,-15.330424135553557],[96.84311617719749,-15.358311653758573],[96.84452403697462,-15.36524806489071],[96.92056288505012,-15.690379737032867],[96.91906118212133,-15.931783730340097],[96.7776975026438,-16.22112838771881],[96.6058616316774,-16.56228587542315],[92.4885129383624,-23.525934349753733],[92.24946305274678,-23.48058995032548]]],[[[131.74749639863325,-16.3029230151783],[131.6641672701163,-16.033243137521417],[131.66123539864788,-16.02451968549262],[131.66056505610365,-16.02267625988466],[131.65720867670092,-16.014107175753537],[131.54784755030187,-15.753893563302556],[131.5440747487753,-15.74549949073902],[131.54322694680707,-15.743730646788219],[131.5390468121657,-15.735531807848025],[131.40470689531423,-15.48729045993714],[131.4001294978691,-15.47930660634278],[131.3991124012736,-15.47762937898407],[131.3941487683769,-15.469879744539316],[131.23584891313737,-15.235594484627955],[131.233225959642,-15.231813357101988],[131.23265666827587,-15.231013824661234],[131.22994171124824,-15.2272982064384],[130.98179743855846,-14.89629925480562],[130.9311101657596,-14.792510303721897],[130.92686987738853,-14.784342412920966],[130.92592364811972,-14.78262420825669],[130.92128768795766,-14.774674217129807],[130.77037504921208,-14.529890617267338],[130.76535458569114,-14.522177678035609],[130.7642444992672,-14.520560493683385],[130.75885162712308,-14.513103187492325],[130.58467268552332,-14.284290312858417],[130.57892039665785,-14.277106605012833],[130.57765714381804,-14.27560601534234],[130.57155929600148,-14.26871321202647],[130.37579148997136,-14.058074655686195],[130.3693627734492,-14.051489362262481],[130.36795852000847,-14.050119818771952],[130.3612144221258,-14.043857899793037],[130.1453751635475,-13.853097037984886],[130.14188989520076,-13.850092089572273],[130.14113873026025,-13.849460349105877],[130.1375807664835,-13.846541838492888],[130.11051405645472,-13.824889820381085],[130.1485638132853,-13.8419370504607],[130.16376643213573,-13.848013897980126],[130.17941515194812,-13.852826928617727],[130.19540510764034,-13.856343889329217],[130.52898416532386,-13.915515852680187],[130.77443988190788,-13.959056046021034],[131.01989559849193,-14.002596239361877],[131.51080703165997,-14.089676626043568],[131.75626274824398,-14.133216819384407],[132.24717418141202,-14.2202972060661],[132.49262989799607,-14.263837399406938],[132.7380856145801,-14.307377592747788],[132.94016677603634,-14.343223785139623],[133.07190575164753,-14.379787731833796],[133.4670346097068,-14.553845395656534],[133.69516841155436,-14.65434029948012],[133.9233022134019,-14.75483520330371],[134.37956981709704,-14.95582501095086],[134.6077036189446,-15.056319914774464],[134.8358374207922,-15.156814818598038],[134.95728178563073,-15.2103121068803],[133.92435083482053,-20.203908735042848],[131.75530261534362,-16.336143726572676],[131.75254583226922,-16.322648893486484],[131.75048312638572,-16.313680073609536],[131.74999669903076,-16.311779819541126],[131.74749639863325,-16.3029230151783]]],[[[108.31135076882241,-22.452506842736845],[107.91564983619081,-22.289129530116412],[107.55943649585059,-22.06972793542212],[107.28986521791413,-21.843491459976043],[106.98268263115128,-21.505758320825805],[106.71480449494962,-21.114748527421618],[106.54773680712813,-20.78027437804586],[106.54563011063154,-20.77618308970318],[106.5451701091256,-20.775316058331082],[106.54296868987508,-20.771286679164394],[106.41245950130278,-20.53920809814959],[106.3518384892413,-20.375950763277825],[106.35018378075907,-20.371656726684986],[106.34981964366112,-20.37074527237457],[106.34806005261271,-20.36649313764402],[106.24181287969621,-20.11840334435137],[106.23798335208723,-20.110034999002202],[106.23712359770391,-20.10827193363195],[106.23288806768524,-20.100101574336435],[106.14924862734793,-19.948015826881225],[104.81578914337868,-15.963039227077251],[104.81533031658738,-15.958145554134656],[104.81424661527097,-15.949006622193954],[104.81396790083895,-15.947065000355547],[104.81243707875181,-15.937990251360356],[104.76124963136009,-15.674195178285272],[104.75927537638714,-15.66520647410338],[104.75880769182109,-15.663301520496491],[104.75639476011511,-15.654420515701865],[104.67945701721008,-15.396442369923097],[104.67808782321755,-15.39204895232032],[104.67778431741922,-15.39111555582635],[104.67630771593683,-15.386757063141163],[104.08572199760086,-13.711457131906876],[104.06784303388159,-13.60454411437856],[104.06610280835241,-13.595507184552844],[104.06568473767388,-13.593590731055777],[104.0635031871928,-13.584650075426671],[103.99231088551993,-13.321141129412283],[103.98969326563338,-13.312318286803395],[103.98908936278802,-13.31045203964595],[103.9860419795714,-13.30176826505725],[103.88919017233685,-13.046047038483932],[103.88750757369534,-13.041763853660333],[103.88713751689178,-13.04085478669545],[103.88535031039983,-13.036614184924503],[103.71115443632792,-12.637062752231708],[103.68916209489963,-12.555689207794282],[103.68654370472838,-12.546866593755526],[103.68593963894921,-12.545000399330304],[103.68289149759093,-12.536316890831904],[103.58521324367828,-12.27848153211629],[103.58174269437256,-12.269958048491295],[103.58095861829425,-12.268160049102312],[103.57707402189921,-12.25981712417119],[103.45437569656028,-12.01235752000192],[103.45228101681873,-12.008260066254243],[103.45182356197812,-12.007391688539888],[103.4496346334817,-12.00335703902673],[103.152630692762,-11.471552241317967],[103.06264750525847,-11.29253211760451],[103.05831389063253,-11.28441335724032],[103.05734803273259,-11.282706109275036],[103.05262126944596,-11.274809768704715],[102.90450926711672,-11.040619875867225],[102.90200197695788,-11.036761079876227],[102.90145714972049,-11.035944680423052],[102.8988559151185,-11.032148578613178],[102.63206494582515,-10.652875077393746],[102.57660668650918,-10.549865940904434],[102.57204651567903,-10.541872235407968],[102.57103303813506,-10.540192818733445],[102.56608612769188,-10.53243249898165],[102.41049711118752,-10.301085474344722],[102.40517537867252,-10.293577235628758],[102.40400216968,-10.292005243975115],[102.39831843561302,-10.284767174299692],[102.2204899928908,-10.06940589336615],[102.2175166210386,-10.065893647609936],[102.21687330002499,-10.065152376499318],[102.2138146288711,-10.061714158764037],[102.1192776849909,-9.958036713078647],[102.50671680835424,-10.058042028408144],[102.7480930712644,-10.1203457758352],[102.98946933417459,-10.182649523262256],[103.23084559708477,-10.244953270689306],[103.47222185999492,-10.307257018116358],[103.7135981229051,-10.369560765543419],[103.85632747343409,-10.406401891918362],[103.86112899745413,-10.414983744534497],[103.86794653455951,-10.424750545123471],[103.87569872086426,-10.43379337728073],[103.8843091816104,-10.44202315076895],[103.89369308629591,-10.449358785627728],[103.9037579844273,-10.455728010975651],[103.91440471634448,-10.461068077025045],[103.92552839014445,-10.46532637329466],[107.718846612911,-11.705383048655971],[108.94569584455353,-21.471399516750417],[108.94323472909025,-21.866938784388932],[108.87684055213975,-22.111796809291526],[108.73638923680531,-22.364714583315084],[108.63867333920358,-22.482262695102577],[108.63174586272451,-22.491460361671646],[108.62573182740213,-22.501279647787495],[108.62068660704931,-22.511630143054642],[108.61665665518233,-22.522416546006205],[108.6147625784775,-22.52949203073603],[108.31135076882241,-22.452506842736845]]],[[[120.97167828577298,-12.594891754186168],[120.9673899416933,-12.59656115991359],[120.96647973988817,-12.59692841658005],[120.96223365664608,-12.59870256074527],[120.70911038492282,-12.708132832092575],[120.70075520467715,-12.711990998578965],[120.69899509428156,-12.71285678636702],[120.69085848166141,-12.717109635749877],[120.50146095551273,-12.822086153031043],[120.08204405907071,-13.035323390949861],[119.974154939852,-13.082062985744484],[119.96580268246636,-13.08592747563801],[119.96404322793906,-13.086794595506039],[119.9558906527447,-13.091064256297571],[119.714837298778,-13.224947352019075],[119.71084204967975,-13.227230944597418],[119.70999596350559,-13.227728421201212],[119.70605795986857,-13.230109374325544],[119.23496723496949,-13.52288902908973],[119.232840993597,-13.523928094415696],[119.23110031670431,-13.524832318422547],[119.2230400869583,-13.529273847664792],[118.98451408576918,-13.668449981172088],[118.97668150043313,-13.673281657126104],[118.97503783482681,-13.674352143218481],[118.96745176328474,-13.679562325953784],[118.74331814768728,-13.841735776767456],[118.73962329009834,-13.844478920552115],[118.73884247094563,-13.84507361899382],[118.73521604629767,-13.84790661293894],[118.09008991863152,-14.364757175137592],[118.0865341113461,-14.367678312754398],[118.0857834131942,-14.368310607835266],[118.08230036515796,-14.371318129538597],[117.8751417920674,-14.554679606912911],[117.86840232087941,-14.560946505164326],[117.86699907932326,-14.562317085419078],[117.86057522824694,-14.568907125093439],[117.67272077558484,-14.771330824289814],[117.6666280202383,-14.778228129406095],[117.6653658760311,-14.779729651666651],[117.6596188943968,-14.78691760601146],[117.49251000440024,-15.00677953601633],[117.48712264145986,-15.014240823178556],[117.48601374974004,-15.015858826964996],[117.48099898412246,-15.023575472050794],[117.46827022072794,-15.044255980394945],[117.3074925443407,-15.211023242642897],[117.30433949392173,-15.214375120248958],[117.3036758187484,-15.215098224701142],[117.30060597716465,-15.218526472514],[117.12174938093885,-15.423265725835593],[117.11586666966797,-15.430343027134775],[117.11465022240029,-15.431881803643458],[117.10912186382816,-15.439239230983883],[116.95147972308676,-15.660123926557869],[116.9463190355129,-15.667743755253401],[116.94525927224423,-15.669394354815248],[116.94047868821802,-15.677258228029602],[116.89154206632297,-15.76239638653779],[113.67776170684631,-19.58425275881667],[113.67469600086362,-19.581588346968985],[113.66487169327003,-19.574645788187944],[113.65440164628068,-19.568721747492383],[112.94314640614775,-19.212109981528858],[112.72769665965393,-19.047072840139336],[112.531118041948,-18.846390772915136],[112.38782828846597,-18.50647736777422],[112.23517386682478,-18.084775101987866],[111.86612596069253,-12.594219602221921],[114.93616896535487,-13.097466544150047],[114.94439464831913,-13.098524499936032],[114.97740423799593,-13.10161496217205],[114.98568334987007,-13.102102237504075],[116.21801954039924,-13.131961786870013],[116.22448567042777,-13.131944197184144],[116.25032952085915,-13.131177292605873],[116.25678531604632,-13.130811430002607],[117.48995004920567,-13.02753143846155],[117.49252008401436,-13.027288328312004],[117.50278857462183,-13.026205430546774],[117.50535278511688,-13.025907091813705],[121.01249519404435,-12.579576269808829],[120.97167828577298,-12.594891754186168]]]]}},{"type":"Feature","properties":{"layer":"hedge"},"geometry":{"type":"Polygon","coordinates":[[[53.258821869103016,-3.5018163501459565],[53.26355178266572,-3.478931839894307],[53.2704848411009,-3.4566158009872145],[53.27955531601848,-3.435079799117366],[53.29067721539644,-3.414528004889244],[53.30374509882236,-3.3951552581935633],[53.3186350771141,-3.3771452210409083],[53.33520598684277,-3.3606686363665004],[53.35330072862303,-3.3458817093133892],[53.3727477564832,-3.3329246263401906],[53.39336270419515,-3.321920226192877],[53.414950133145844,-3.3129728353403833],[53.43730538517985,-3.3061672789145953],[53.46021652284709,-3.3015680765314417],[53.483466338661465,-3.2992188306170545],[55.0070056856535,-3.2199250706116698],[55.030558069508544,-3.2198564986946345],[55.05400376342101,-3.2220967942835372],[55.077116972541816,-3.226624382107187],[55.09967510403216,-3.2333956590198105],[55.12146091075425,-3.242345413923183],[55.142264583480035,-3.253387455785151],[55.16188577146871,-3.26641544370639],[55.180135511953914,-3.281303911041396],[55.19683804995846,-3.297909473710868],[55.21183253091081,-3.3160722110687755],[55.2249745497626,-3.3356172060255997],[55.23613754168811,-3.356356229595525],[55.24521400097279,-3.3780895536444704],[55.25211651635203,-3.4006078743812003],[55.256778612829436,-3.4236943280672536],[55.25915539186736,-3.4471265795332946],[55.2592239637844,-3.470678963388334],[55.256983668195495,-3.4941246573008047],[55.25245608037184,-3.5172378664216093],[55.24568480345922,-3.5397959979119498],[55.23673504855585,-3.561581804634045],[55.22569300669388,-3.582385477359827],[55.21266501877264,-3.6020066653485032],[55.197776551437634,-3.62025640583371],[55.181170988768166,-3.6369589438382515],[55.163008251410254,-3.6519534247906082],[55.14346325645343,-3.6650954436423917],[55.122724232883506,-3.676258435567901],[55.10099090883456,-3.685334894852582],[55.07847258809783,-3.6922374102318245],[55.055386134411776,-3.696899506709229],[55.031953882945736,-3.6992762857471564],[53.745160090970884,-3.7662484439121044],[53.93367679403475,-8.51243654224223],[53.93345567123079,-8.535987987889333],[53.93092716784061,-8.559404353063476],[53.926115634734074,-8.58246012536734],[53.91906740960527,-8.604933265110077],[53.90985037071512,-8.626607343670893],[53.898553283186686,-8.64727362782499],[53.885284944148495,-8.666733089958628],[53.870173134958684,-8.684798324813832],[53.85336339060071,-8.701295354303488],[53.835017598101885,-8.716065303015412],[53.8153124374728,-8.728965928269439],[53.79443768018225,-8.739872989992168],[53.77259436155424,-8.748681447216807],[53.74999284468794,-8.755306469685088],[53.72685079454601,-8.759684254809036],[53.70339108172206,-8.761772642124768],[53.67983963607495,-8.761551519320802],[53.65642327090081,-8.759023015930621],[53.63336749859695,-8.754211482824092],[53.61089435885421,-8.74716325769528],[53.5892202802934,-8.737946218805133],[53.56855399613929,-8.726649131276703],[53.54909453400566,-8.71338079223851],[53.531029299150454,-8.6982689830487],[53.5145322696608,-8.681459238690728],[53.499762320948875,-8.6631134461919],[53.48686169569485,-8.643408285562815],[53.475954633972115,-8.622533528272262],[53.46714617674748,-8.600690209644254],[53.4605211542792,-8.578088692777953],[53.45614336915525,-8.554946642636027],[53.45405498183952,-8.531486929812072],[53.256129531209965,-3.548419631969719],[53.25633994203738,-3.5250523766954633],[53.258821869103016,-3.5018163501459565]]]}},{"type":"Feature","properties":{"layer":"hedge"},"geometry":{"type":"Polygon","coordinates":[[[60.55940004114416,-3.442845781472307],[60.557678357361695,-3.4663352534186087],[60.55366259308919,-3.4895428626162546],[60.54739142233185,-3.5122451071021006],[60.53892523989222,-3.5342233518514394],[60.52834557973529,-3.555265934352804],[60.515754329771795,-3.5751702030336605],[60.501272750621965,-3.593744468905832],[60.48504030780945,-3.6108098516352434],[60.467213328632084,-3.6262020022573234],[60.44796349664457,-3.639772685947375],[60.42747619825197,-3.651391209602974],[60.40594873733732,-3.660945680489985],[60.38358843511731,-3.6683440838307613],[60.36061063352572,-3.6735151689567522],[60.3372366213528,-3.676409135491392],[60.31369150311334,-3.6769981129549496],[60.29020203116704,-3.675276429172482],[58.999323088241994,-3.516672278787768],[58.68618528590017,-5.547943003503528],[58.68145900638639,-5.571016403108279],[58.67449389655336,-5.5935154415849935],[58.66535703421627,-5.615223440893914],[58.65413641235416,-5.635931341134897],[58.64094009168937,-5.65543971390853],[58.62589516000376,-5.673560682920645],[58.60914650821383,-5.690119733333723],[58.59085543499209,-5.704957392440189],[58.571198093372566,-5.717930765471759],[58.55036379430086,-5.728914911754172],[58.52855318346621,-5.7378040479541825],[58.50597630897385,-5.744512566830888],[58.48285059846691,-5.7489758616802575],[58.45939876517939,-5.751150948533005],[58.435846663085904,-5.751016880113717],[58.41242111180451,-5.748574947574559],[58.38934771219976,-5.743848668060779],[58.36684867372305,-5.736883558227743],[58.345140674414125,-5.727746695890659],[58.32443277417314,-5.7165260740285495],[58.30492440139951,-5.7033297533637635],[58.286803432387394,-5.688284821678145],[58.270244381974315,-5.671536169888223],[58.25540672286785,-5.653245096666479],[58.24243334983628,-5.633587755046956],[58.231449203553865,-5.612753455975246],[58.222560067353854,-5.590942845140595],[58.215851548477154,-5.568365970648234],[58.21138825362778,-5.5452402601413],[58.20921316677504,-5.5217884268537745],[58.20934723519432,-5.49823632476029],[58.21178916773348,-5.474810773478898],[58.539457417008094,-3.3492835544948503],[58.86443596319248,-3.38241795472225],[59.19532537562457,-3.427282282082483],[59.20705842098907,-3.428290011369194],[59.218833743276086,-3.428142848609964],[59.23053793969494,-3.426842211062611],[59.242058292435956,-3.4244006245777174],[59.25328385420458,-3.4208416029678395],[59.25811866420214,-3.418767800417166],[59.26380939654983,-3.417943615161153],[59.275242474560294,-3.4151214530383576],[59.28634387891434,-3.411192242785808],[59.29700669701939,-3.406193824846162],[59.3071282401082,-3.400174336716591],[59.31661103218783,-3.393191749358369],[59.325363748786735,-3.385313308904827],[59.33330209645934,-3.376614889044326],[59.34034962457802,-3.3671802603151626],[59.34643846159442,-3.3571002833494914],[59.35150996867957,-3.346472033835768],[59.355515304447884,-3.335397867626801],[59.35841589532636,-3.3239844349969387],[59.36018380703923,-3.312341653541623],[59.36069097137631,-3.3073674416105505],[59.38911859090096,-3.310265885627553],[59.63712036142357,-3.335551831478689],[60.38112567299139,-3.4114096690321025],[60.559067509099734,-3.429552392864299],[60.55940004114416,-3.442845781472307]]]}},{"type":"Feature","properties":{"layer":"hedge"},"geometry":{"type":"Polygon","coordinates":[[[84.55280999194423,-9.462632562300994],[84.5295976017225,-9.458644526749861],[84.50688788134454,-9.4524004825702],[84.48489953783198,-9.443960563320802],[84.46384433095288,-9.43340605003777],[84.44392503385947,-9.4208385884537],[84.42533348027172,-9.406379210093723],[84.40824871701388,-9.390167166675745],[84.39283527969559,-9.372358589040287],[84.37924160814408,-9.353124983525134],[84.36759861684745,-9.332651580265557],[84.35801843417656,-9.311135549326847],[84.35059332252763,-9.288784101848803],[84.3453947897848,-9.26581249448918],[84.3424729006602,-9.242441956384411],[84.34185579454335,-9.218897558592081],[84.34354941450351,-9.195406046533607],[84.34753745005465,-9.17219365631188],[84.35378149423431,-9.149483935933914],[84.36222141348371,-9.127495592421349],[84.37277592676674,-9.10644038554226],[84.3853433883508,-9.086521088448842],[84.39980276671079,-9.067929534861099],[84.41601481012876,-9.050844771603256],[84.43382338776422,-9.035431334284969],[84.45305699327938,-9.021837662733455],[84.47353039653895,-9.010194671436814],[84.49504642747766,-9.000614488765937],[84.5173978749557,-8.993189377117004],[84.54036948231533,-8.987990844374174],[84.5637400204201,-8.985068955249568],[84.58728441821243,-8.984451849132725],[89.89007473968363,-9.105817146570446],[89.31276104144199,-9.568342023882547],[89.30920524358494,-9.57126317297482],[89.30845454747379,-9.57189547047844],[89.30762441961976,-9.572612269041311],[84.5763015040027,-9.46432618226116],[84.55280999194423,-9.462632562300994]]]}},{"type":"Feature","properties":{"layer":"hedge"},"geometry":{"type":"Polygon","coordinates":[[[78.64468573166036,-7.113754692496095],[80.39140078297093,-7.521443285197829],[81.96558703703121,-7.862337672088981],[83.18524405047664,-8.05676062856742],[84.497454749457,-8.208352639438523],[85.72696820370165,-8.326748705847422],[85.7496840325835,-8.33003877450078],[85.77198168531069,-8.335483782893002],[85.79365721832512,-8.343033928724312],[85.81451237823302,-8.352620155236865],[85.83435641511248,-8.364154782836422],[85.8530078271912,-8.377532311046195],[85.8702960209368,-8.39263038345787],[85.88606287137584,-8.409310906853943],[85.90016416837024,-8.427421314265418],[85.91247093562289,-8.44679596041245],[85.92287061034827,-8.467257636764602],[85.93126807281818,-8.488619192363393],[85.9375865163662,-8.510685245582403],[85.94176814989322,-8.533253971168476],[85.94377472644874,-8.55611894621899],[85.9435878930533,-8.57907103821114],[85.65992211378085,-13.641350222127155],[85.88632767132849,-13.654175959100067],[85.50620200852536,-14.113411651679156],[85.39330476805225,-14.107016091751387],[85.3698927470817,-14.104533197994925],[85.34683664518876,-14.099768362968163],[85.32435833231759,-14.092767438900866],[85.30267411832166,-14.08359779601196],[85.28199267140398,-14.072347674202778],[85.2625130100931,-14.059125333920361],[85.24442258807865,-14.044058014362141],[85.22789549033567,-14.027290709047188],[85.21309075789684,-14.00898477053683],[85.20015085739311,-13.989316357731417],[85.18920031009074,-13.968474740685004],[85.18034449361734,-13.946660479250795],[85.17366862790799,-13.92408349308432],[85.16923695512986,-13.900961041576787],[85.16709212147687,-13.87751563315783],[85.16725476678333,-13.853972884086517],[85.45143924971975,-8.78243695172706],[84.4491745544061,-8.685923817189177],[84.44463634397847,-8.685443221084196],[83.1250245420962,-8.532996204174477],[83.11478627178275,-8.531589454656244],[81.88348433813934,-8.335310205967874],[81.87046993746185,-8.332865682242105],[80.28792919126568,-7.990162106973717],[80.28417391838941,-7.989317310645935],[78.52597914341807,-7.578949315611032],[78.5069845592285,-7.5736847725931264],[76.5766127680301,-6.952248396014073],[74.55808687122837,-6.3523965568084275],[74.55233977365056,-6.350609951163865],[73.93408960799078,-6.14987903749873],[73.70274810445068,-5.815404153543873],[73.6510094325066,-5.7213765685223965],[73.64637626816413,-5.713424947697654],[73.64534745756166,-5.7117548800815605],[73.64032970652701,-5.704040175930587],[73.50425553751029,-5.505656570055755],[73.56405251663786,-5.525071206591894],[73.75176896980969,-5.695640486305346],[73.76036130546206,-5.702747907581531],[73.76957628465925,-5.70902706576998],[73.77933433626761,-5.714423740484002],[73.78955119973567,-5.718891331561427],[73.80013865268214,-5.7223912614559485],[74.2054506045812,-5.835781056181542],[74.44552049329687,-5.902942844215965],[74.9256602707282,-6.037266420284823],[75.16573015944387,-6.104428208319249],[75.89228168160408,-6.307687765727588],[75.89438621575947,-6.308255968884607],[76.14441661864797,-6.373330997734667],[76.14521916899317,-6.3735369206064645],[76.38932374225918,-6.435273232445752],[77.07869008692535,-6.6096203782464285],[78.64468573166036,-7.113754692496095]]]}},{"type":"Feature","properties":{"layer":"hedge"},"geometry":{"type":"Polygon","coordinates":[[[12.753498131421676,2.4714802570327676],[12.74373023942458,2.4926840118601223],[12.736068666736118,2.51473647740901],[12.730585907121533,2.5374289933526897],[12.727333838426869,2.5605468432105516],[12.726343231711029,2.5838712859944644],[12.728350675448164,2.9071092007504435],[12.73683189524404,2.957955762459502],[12.760968124995857,3.102657152711941],[12.932745520003058,3.4437064399596795],[12.947490618777005,3.4690094690513322],[12.965207775222845,3.492328208008233],[13.23123922895804,3.801347357754979],[13.249340766377264,3.8201934490034968],[13.269383929300508,3.8369598568572756],[13.29113110853244,3.8514478176434332],[13.64457647933044,4.060065434088259],[13.665051559623723,4.070854844561701],[13.686470682208748,4.07962191243349],[13.708634664011509,4.086285110016308],[13.731337395280777,4.09078247416615],[13.754367756266683,4.093072182496841],[13.777511580488865,4.093132942299397],[13.800553646337077,4.090964188549542],[26.049118245877533,2.3388801586327053],[26.214427941150035,2.3062287231862775],[26.236655698990813,2.3018383684701758],[26.235686833484973,2.296933136606992],[26.23397454402684,2.285282044956323],[26.233412506395776,2.2735192227804166],[26.23400613332142,2.261757952487039],[26.235749707851955,2.25011150153848],[26.23862643841153,2.2386920316239722],[26.242608620512264,2.2276095184813096],[26.247657903563656,2.2169706927703734],[26.253725660209696,2.2068780121985343],[26.26075345463691,2.1974286747969187],[26.268673605343178,2.1887136828502385],[26.27740983694761,2.1808169664950383],[26.286878014764138,2.173814575426604],[26.29698695506456,2.16777394649882],[26.30763930322768,2.1627532542704055],[26.318732471317514,2.158800850752109],[26.330159626061214,2.155954799750415],[27.016892086906932,2.0203136289327674],[27.0285431785576,2.018601339474633],[27.04030600073351,2.018039301843572],[27.052067271026885,2.018632928769212],[27.063713721975443,2.0203765032997505],[27.07513319188995,2.0232532338593234],[27.086215705032615,2.027235415960061],[27.09685453074355,2.032284699011451],[27.10694721131539,2.0383524556574897],[27.116396548717006,2.0453802500847025],[27.125111540663685,2.053300400790972],[27.133008257018886,2.0620366323954027],[27.14001064808732,2.071504810211933],[27.146051277015104,2.081613750512358],[27.151071969243517,2.092266098675475],[27.155024372761815,2.103359266765308],[27.15787042376351,2.114786421509009],[27.163164045192143,2.141587293608226],[29.501325800761997,1.7993422678042907],[29.510514762279694,1.7904363332180526],[29.52551831875793,1.7727843118580504],[29.53875004140783,1.7537679483569584],[29.550086640767184,1.7335644318300016],[29.559422485598454,1.7123620129496944],[29.566670587130865,1.6903582498791327],[29.652774658946363,1.3791519970993211],[29.65334549726831,1.3770518081367744],[29.73938063770911,1.0547505777434243],[29.743965512678052,1.0338899307264346],[29.746677598933797,1.0127042690518577],[29.747495416956966,0.9913613815684541],[29.74501405138058,0.5919422191460355],[29.74342873418532,0.33675775377950756],[29.74221914513112,0.3141374802204122],[29.738882290334832,0.29173200585281994],[29.733447896763035,0.2697409338444994],[29.725964377680896,0.24836017558583104],[29.636551835620878,0.027007544825310342],[29.627127666913754,0.006508248019688648],[29.61582018081166,-0.013015503755937796],[29.60272930646239,-0.03139117065858196],[29.587970733587404,-0.04845635896809172],[29.5716748900817,-0.06406025623072853],[26.923010778845185,-2.371648262386508],[26.31136477089563,-2.9915977296432144],[25.701282936433977,-3.642488605296298],[25.186066390948614,-4.315552534431815],[24.74915802073692,-5.086178121141787],[24.748909744231543,-5.086614968505407],[22.991555026236313,-8.171193859261043],[22.66149643317412,-8.190145005782146],[22.438446780347274,-8.17237600753798],[24.331722547088887,-4.8492230864632155],[24.776661767833595,-4.064432564206724],[24.794866730085136,-4.0369197829216965],[25.32741253890426,-3.341217407543237],[25.342881109900908,-3.322970938363224],[25.96325421494911,-2.6611003977778553],[25.967514467488286,-2.6566702533469377],[26.587680902278294,-2.0280846893743454],[26.600872741349672,-2.0156859896415007],[29.213021300777527,0.2600886774674911],[29.263722946561494,0.3856073398340767],[29.26502331375609,0.5949241303946153],[29.267304392632383,0.9621036475359722],[29.18986497598183,1.2522039384117787],[29.145925524905056,1.4110144526009873],[13.815997087612457,3.6038691807179495],[13.569192160653387,3.4581950261158028],[13.348190924829256,3.2014824719103454],[13.208465260418052,2.9240691472079883],[13.206703901293062,2.6404556938560964],[13.346109073681156,2.3729091310849006],[18.297672798810762,-4.7466434236757],[15.471122226679803,-1.3999094958077298],[15.465999255195094,-1.3898471623520312],[15.461623804336982,-1.3817508721297374],[15.460649149659956,-1.3800486308544544],[15.455881703092228,-1.372176786166198],[15.310087430468672,-1.144263520049516],[15.304939473387563,-1.136635084858426],[15.303802663117226,-1.1350365732043657],[15.298286597402276,-1.1276699250790383],[15.130551076673452,-0.9147587372896361],[15.127659122012648,-0.9111791550983204],[15.127032988526798,-0.9104233101121553],[15.12405405752429,-0.9069157781445097],[15.039395953597431,-0.8096794325110458],[14.902448013813634,-0.5984809839219044],[14.89725302749666,-0.590884497711746],[14.896106363524279,-0.5892930396276754],[14.8905448928845,-0.5819606096146561],[14.718783132512234,-0.36668809221779086],[14.712868575619444,-0.35963738286791397],[14.71157144297716,-0.358165980813009],[14.705318048517068,-0.3514139779027893],[14.532910071293896,-0.17418911242794152],[12.943307115011466,2.111404372115035],[12.927499049704803,2.1375375000446595],[12.753498131421676,2.4714802570327676]]]}},{"type":"Feature","properties":{"layer":"hedge"},"geometry":{"type":"MultiPolygon","coordinates":[[[[122.6128830899016,-12.054139830725273],[122.60406691791647,-12.056779830175708],[122.60220220917289,-12.057388466684884],[122.59352619528586,-12.060457875196292],[122.5788039579353,-12.06607653017478],[122.28705231847003,-12.135037774742727],[122.38483152444329,-12.099128040593424],[122.54594356309129,-12.053478505533793],[122.63933240356208,-12.046921946918806],[122.6128830899016,-12.054139830725273]]],[[[121.56657004251936,-12.3633433866875],[121.55810765141855,-12.36696034983852],[121.55632343525409,-12.367775303687997],[121.54804871344442,-12.37180313989881],[121.50025951353403,-12.396533875319651],[117.49020336568658,-12.906867203158999],[117.47993487507911,-12.907950100924229],[116.24677014191975,-13.011230092465286],[116.22092629148837,-13.011996997043557],[114.9885901009592,-12.98213744767762],[114.9555805112824,-12.9790469854416],[111.73625077650897,-12.451328695625264],[112.11657896302427,-18.10970795070021],[112.27604823756266,-18.550235998778728],[112.42941247066206,-18.914048186550946],[112.64794637800226,-19.137143845658795],[112.87919911194973,-19.31428626875418],[113.60061730421224,-19.67599357300246],[113.28300461743942,-20.053701423285354],[112.64373583941682,-19.733182494224984],[112.62398007182881,-19.72208044168694],[112.60535949439969,-19.70916455922562],[112.34250078554493,-19.507811572718502],[112.31699638253045,-19.485229574082744],[112.05455189592172,-19.21730673120762],[112.03954056404598,-19.20046689687012],[112.0261766910531,-19.182291996489976],[112.01457835235365,-19.162942612918116],[112.00484802412389,-19.142589706055972],[111.83133483178968,-18.730979953020963],[111.82681904222329,-18.719444510160603],[111.65372006189057,-18.24126489749796],[111.64708464811066,-18.2198614236872],[111.64247438681309,-18.197932381346806],[111.63992946870367,-18.175668940484826],[111.23704072142228,-12.181642174791847],[111.23663034422418,-12.157650526555976],[111.23681344910699,-12.155447329936734],[111.27656840053362,-12.163462390126906],[111.52093887456067,-12.212730317460245],[111.76530934858772,-12.261998244793588],[112.0096798226148,-12.311266172126933],[112.25405029664186,-12.360534099460274],[112.50679509255095,-12.411490387400976],[112.5095734817999,-12.412016554652814],[112.79122386293436,-12.461924973836805],[112.8005435377153,-12.463201979344479],[113.07696441457315,-12.490090752159988],[113.32508079216507,-12.514226211770394],[113.57319716975697,-12.5383616713808],[113.82131354734888,-12.562497130991206],[114.06942992494078,-12.586632590601612],[114.31754630253269,-12.610768050212018],[114.56566268012459,-12.634903509822424],[115.08075800430447,-12.685009280803412],[115.0870137679691,-12.685453153470897],[115.38191412353224,-12.698644367535575],[115.39099399693518,-12.69870664340323],[115.66759775218357,-12.69013356381827],[115.9167656006299,-12.682410834989714],[116.16593344907623,-12.674688106161156],[116.41510129752258,-12.6669653773326],[116.6642691459689,-12.659242648504042],[116.91343699441525,-12.651519919675486],[117.16382862303855,-12.643759260903272],[117.1642337141166,-12.643746020672975],[117.45028643697204,-12.633912884791801],[117.46206568083663,-12.632925436212947],[117.74459074086455,-12.59515342139039],[117.99167976255526,-12.562119006004831],[118.23876878424596,-12.529084590619274],[118.48585780593667,-12.496050175233714],[118.73294682762737,-12.463015759848156],[118.98003584931809,-12.429981344462597],[119.47194395985146,-12.364215990973014],[119.67067137119679,-12.338742906396531],[119.87335870938585,-12.335221181083524],[121.36885797859995,-12.309236639182538],[121.70600643590643,-12.303378630157674],[121.71963913584682,-12.302317126687656],[121.56657004251936,-12.3633433866875]]]]}},{"type":"Feature","properties":{"layer":"hedge"},"geometry":{"type":"MultiPolygon","coordinates":[[[[134.38744395772608,-20.927176076533602],[134.32254353278202,-20.84100257299409],[134.3197301622081,-20.837360903537203],[134.31912062577467,-20.83659161157555],[134.3162187314925,-20.833020082490965],[134.19670637360122,-20.68956286356794],[134.01387155347481,-20.363538705476426],[135.08616119589203,-15.179666599999996],[135.0962215052765,-15.18409825289773],[135.53538910224648,-15.37755536036056],[134.38744395772608,-20.927176076533602]]],[[[129.4813394270252,-13.321581495970513],[129.47771091100515,-13.31875118116084],[129.47692965284003,-13.318157059570021],[129.47323277025976,-13.315416645439951],[129.24365917639395,-13.149565246491074],[129.3438929319401,-13.1944724426171],[129.43179751168228,-13.259968978481288],[129.51240744572706,-13.346434361461565],[129.4813394270252,-13.321581495970513]]],[[[128.97418122211334,-12.990890419731357],[128.9661177141914,-12.986454844732982],[128.96437636994187,-12.985551906581984],[128.95610493151884,-12.981517332008599],[128.7384804821207,-12.881901451735375],[128.83121915414193,-12.898351912804983],[128.88572997705012,-12.922774106725484],[128.9877886647371,-12.9988166805931],[128.97418122211334,-12.990890419731357]]]]}},{"type":"Feature","properties":{"layer":"hedge"},"geometry":{"type":"MultiPolygon","coordinates":[[[[133.06640207298742,-30.29337580730217],[133.07409988729464,-30.31519252769079],[133.07966134540106,-30.337649059421093],[133.0830347696168,-30.36053673389196],[133.08418881370724,-30.383642876275776],[133.0831127541658,-30.406752781716666],[133.0798165898579,-30.429651710392022],[133.07433094911045,-30.4521268828989],[133.06670680511004,-30.473969457424],[133.05701500225425,-30.49497647032514],[133.0453455978578,-30.514952722092055],[133.03851346652078,-30.524419738580352],[132.58360138557958,-30.454037145272704],[132.33762633689713,-30.41598064481786],[131.8456762395322,-30.3398676439082],[131.59970119084974,-30.301811143453364],[131.3537261421673,-30.26375464299854],[131.10775109348484,-30.2256981425437],[130.12385089875502,-30.073472140724373],[129.87787585007257,-30.035415640269534],[129.1399507040252,-29.92124613890504],[128.89397565534276,-29.8831896384502],[127.91007546061296,-29.730963636630875],[127.66410041193049,-29.692907136176036],[126.68020021720069,-29.54068113435671],[126.43422516851822,-29.502624633901867],[126.18825011983576,-29.464568133447038],[125.9422750711533,-29.426511632992206],[125.45032497378841,-29.350398632082545],[125.20434992510594,-29.312342131627705],[124.4664247790586,-29.198172630263212],[124.22044973037613,-29.160116129808372],[123.23654953564633,-29.007890127989047],[122.99057448696385,-28.969833627534207],[122.7445994382814,-28.931777127079375],[122.2526493409165,-28.855664126169714],[122.00667429223404,-28.817607625714874],[121.02277409750424,-28.66538162389555],[120.77679904882177,-28.62732512344071],[119.79289885409197,-28.475099121621383],[119.68616981006939,-28.458586333295308],[118.92485706040934,-28.32898249788783],[118.83076267897513,-28.32624038175295],[118.80899865936213,-28.322873119802043],[118.53065861967966,-28.27980920781783],[118.51989178283613,-28.27863794691919],[118.23731762672895,-28.260750845793716],[118.23681022286557,-28.260719805761294],[116.99293305407076,-28.18727082077306],[116.74446421653481,-28.17259912779882],[116.49599537899883,-28.15792743482458],[116.24752654146286,-28.14325574185034],[115.99905770392691,-28.1285840488761],[113.17642274770968,-27.961911906539616],[113.16658642595893,-27.961735058437544],[113.1567686736045,-27.962364534046934],[113.1470354771923,-27.963796102570374],[112.9116070155324,-28.00835064582662],[112.91678411343032,-27.994038374282734],[112.92698351870162,-27.97269023847163],[112.93923532945163,-27.952450082744875],[112.94577820521137,-27.943716127065326],[112.94775618167849,-27.942925503180966],[112.95621535889319,-27.939301029919214],[112.95799885097132,-27.93848449265353],[112.96624509619616,-27.934462223403035],[113.1023105947127,-27.863921460978254],[113.75449318122304,-27.553513594751784],[113.75862379095612,-27.551485079614213],[113.75949941299177,-27.551041648857684],[113.76357899640749,-27.54891237443428],[114.00768370356072,-27.417669327911963],[114.01567999410811,-27.413113691507064],[114.01735998531413,-27.412101166620293],[114.02512310949606,-27.40715865829844],[114.11089335593586,-27.34954576957814],[114.34982082073016,-27.211479132001777],[114.41403131165379,-27.18743152480933],[114.42256788672034,-27.18399330263588],[114.42436884468053,-27.1832160462276],[114.43272643150198,-27.179363095658427],[114.68330142312378,-27.056300943147438],[114.69145988754228,-27.052042546277605],[114.69317598894723,-27.05109250782225],[114.70111567650773,-27.04643892350257],[114.93842188078398,-26.89940870477528],[114.94612366408353,-26.894371143898027],[114.94773838193855,-26.893257472785276],[114.95518370670528,-26.88784807127676],[115.1773257955785,-26.717967473515763],[115.180946655549,-26.715127370789578],[115.18171143952338,-26.714512187680175],[115.18526150934883,-26.711584079987574],[115.87483427600439,-26.128457122165713],[115.87831141725499,-26.1254427732897],[115.87904509440924,-26.124790805024208],[115.88244721258532,-26.12169203069566],[116.08686841619294,-25.930855722147832],[116.09343943251217,-25.924412413206383],[116.09480585756054,-25.92300512514531],[116.10105280061747,-25.916247152963606],[116.2854600598188,-25.706661651173356],[116.29136788018174,-25.69960529629689],[116.29258978716858,-25.69807085163686],[116.29814425237952,-25.690733113444146],[116.46112056868425,-25.464081750927487],[116.46630829755102,-25.456480306671217],[116.46737391884406,-25.454833482953212],[116.47218241367288,-25.44698664517917],[116.47669960842626,-25.439192026673922],[116.63860803790351,-25.2669206152671],[116.64171821209392,-25.263528915557774],[116.64237263886605,-25.262797430503163],[116.64539863985395,-25.25933042481316],[116.82328691042524,-25.050396032624015],[116.82907915358886,-25.0432445009906],[116.83027593596223,-25.041690380966596],[116.8357102930904,-25.03426325176475],[116.99198268085192,-24.80930212547676],[116.9970460601019,-24.801617291311786],[116.99808474924063,-24.799953349614498],[117.00276495248858,-24.792029323924655],[117.10018741454397,-24.61743565645711],[121.36501802752184,-19.545660914030826],[121.36696651642194,-19.544159827713894],[121.37411690603493,-19.538366174810708],[121.37561018001409,-19.537094282550285],[121.3824676755953,-19.530956755367363],[121.58053098454735,-19.34473438960278],[121.5838447058165,-19.34154126233244],[121.58454306261807,-19.340851593888235],[121.58777742259166,-19.337578105535812],[121.7569923741638,-19.16205924720165],[121.86047360898458,-19.08718467338724],[121.86416846657352,-19.084441529602575],[121.86494928572623,-19.08384683116087],[121.86857571037419,-19.08101383721575],[121.93764266986335,-19.025680011301016],[116.42006961561594,-25.663070692872623],[116.40617008639204,-25.67839612976192],[115.69741234245414,-26.395187016823428],[115.69196948919847,-26.400519526047862],[114.98348803607217,-27.072930564122505],[114.96353070523347,-27.08990065216879],[114.16742989960349,-27.695194070915232],[114.15423370062808,-27.704542952441727],[113.94492985870528,-27.84247469540584],[117.97911781334241,-27.82135959110216],[117.98736512294822,-27.82145815093392],[118.9555978741901,-27.849674571606755],[118.98888420445928,-27.852976604381695],[119.86769538738847,-28.00258305712725],[132.4074209212811,-30.068842109419535],[129.488101460336,-24.513703911261878],[129.67607698146858,-24.76329409883953],[129.75035534979637,-24.931375657681738],[129.75428072222965,-24.939699475126872],[129.75516066596597,-24.941452551314395],[129.75948974047847,-24.94957373345823],[129.90058240195114,-25.199294454568214],[129.9053047494239,-25.20719343677347],[129.90635228750514,-25.208851821851137],[129.91145653139242,-25.216509574782293],[130.07634670409985,-25.45119832316558],[130.08182054782657,-25.45859639861827],[130.08302559188863,-25.460144121431526],[130.08885584848957,-25.467264696799184],[130.27595554993036,-25.68466129151478],[130.2821281738052,-25.69148721270547],[130.28347911861502,-25.69290936783748],[130.28997923936987,-25.699424190606965],[130.49784185334065,-25.89777398152348],[130.50120986129778,-25.90090979605922],[130.5019363607442,-25.9015697531341],[130.5053803110649,-25.90462196817127],[130.97439330733127,-26.31012029661222],[133.05663943142974,-30.2724016216579],[133.06640207298742,-30.29337580730217]]],[[[129.01172693770994,-23.598509826958715],[129.01838196748577,-23.619880288304635],[128.93900505143483,-23.46883490108147],[129.01172693770994,-23.598509826958715]]],[[[125.7648094704664,-18.481755381198386],[125.4361957313387,-18.334351185872837],[125.10660034552987,-18.21781558987691],[124.694328866158,-18.121587646369314],[124.27806899378656,-18.076999588153374],[123.86134611884428,-18.06389987599185],[123.53872035800532,-18.09237073183733],[123.37476640442681,-18.128493162605075],[123.58552602965563,-18.049411088918713],[123.95761466558326,-17.96146061340402],[124.40695496942726,-17.907668758658957],[124.76344813840272,-17.919764207883613],[125.15453343695384,-18.008983050774745],[125.43692312700392,-18.127009163067644],[125.48024253080322,-18.150950727341968],[125.553355513353,-18.215568701163914],[125.55684078170036,-18.218573649577028],[125.55759194664124,-18.21920539004373],[125.56114991041741,-18.222123900656232],[126.07518337448037,-18.633325035265035],[126.16248099704477,-18.749771089955857],[126.08162881818915,-18.674106868139077],[125.7648094704664,-18.481755381198386]]]]}},{"type":"Feature","properties":{"layer":"hedge"},"geometry":{"type":"MultiPolygon","coordinates":[[[[109.54396436556775,-21.42007675621818],[109.54583137221807,-21.451484762923588],[109.54293190566996,-21.9174738203639],[109.54191251939774,-21.938127461412687],[109.53911901853424,-21.958616687602802],[109.53457214152725,-21.978789390605314],[109.44446731875935,-22.311090956051274],[109.43518627606205,-22.338606259657517],[109.42265009525303,-22.36479927126016],[109.2903285139528,-22.603077422789323],[109.18136586147385,-22.60933264777178],[108.78830537527521,-22.573525336007055],[108.73095281807005,-22.558973175352225],[108.83584688393636,-22.432790029283698],[108.9888376109685,-22.15729190358028],[109.06313533652481,-21.883286031829886],[109.06574256901636,-21.46426350092407],[107.82843010694768,-11.61495718920761],[103.96281524396684,-10.351266342907026],[103.9749685684793,-10.354403344249635],[104.21634483138948,-10.416707091676694],[104.45772109429966,-10.479010839103745],[104.69909735720982,-10.5413145865308],[104.94047362012,-10.603618333957854],[105.18184988303017,-10.66592208138491],[105.42322614594035,-10.728225828811963],[105.66460240885051,-10.790529576239019],[105.90597867176068,-10.852833323666069],[106.14735493467086,-10.915137071093127],[106.38873119758102,-10.97744081852018],[106.87148372340138,-11.102048313374288],[107.11285998631155,-11.164352060801344],[107.35423624922173,-11.226655808228397],[107.5956125121319,-11.288959555655453],[107.83698877504206,-11.351263303082503],[108.07836503795224,-11.41356705050956],[108.29389201036393,-11.46919861051036],[109.54396436556775,-21.42007675621818]]],[[[101.84720962257165,-9.659663181986437],[101.76184801512689,-9.566048209297165],[101.74464831615545,-9.543453734685594],[101.73889600011556,-9.536270048602185],[101.73763274159886,-9.534769463710234],[101.73153486770593,-9.527876683460915],[101.54136041336359,-9.323257908596302],[101.53493167193047,-9.316672639493067],[101.53352741330885,-9.315303101314804],[101.52678329173678,-9.309041207847743],[101.46411805538399,-9.253657477210592],[101.51963764361625,-9.292344666481794],[101.67350511664553,-9.442992274824917],[101.86981573965572,-9.667053246501945],[101.84720962257165,-9.659663181986437]]],[[[101.01684477570134,-8.883215092646767],[101.04204732742713,-8.891453945985281],[101.06615532307936,-8.908252892455232],[101.1358859545366,-8.978441360216298],[101.01684477570134,-8.883215092646767]]]]}},{"type":"Feature","properties":{"layer":"hedge"},"geometry":{"type":"MultiPolygon","coordinates":[[[[96.73934943634136,-23.146263261772027],[96.8266535469705,-22.782402785883914],[96.83370443588454,-22.758543540447633],[96.84318745220078,-22.735542431152364],[97.02160161957143,-22.35940845930477],[97.20001580955689,-21.983274482944026],[97.21250114150371,-21.960280745810508],[97.22741532509853,-21.93878277872318],[97.49253114420601,-21.597927910529826],[97.74569061858293,-21.261982395424976],[97.91466525791984,-20.936895667120208],[97.92662265554365,-20.916429107904584],[97.94054064520694,-20.89724189946267],[98.20671260851029,-20.56603550463754],[98.22074560967472,-20.550075817064762],[98.23613542276665,-20.535420087738082],[98.59020316198233,-20.226951306792095],[98.5969233969457,-20.22130928430986],[98.95085311823036,-19.935030471163806],[98.95822258546825,-19.92930304116917],[99.31201428823981,-19.665214199082676],[99.31595783147493,-19.662332547753262],[99.66968053709714,-19.40933869864713],[99.67811393581431,-19.403574144845212],[99.82907806846092,-19.305031675220807],[99.98650151136519,-19.77548371652827],[99.94476414065845,-19.80272795999834],[99.59718321364942,-20.051329011619305],[99.24908904866362,-20.31116491010989],[98.90220006216211,-20.591748770059933],[98.56751175161004,-20.883333920917117],[98.32959480364393,-21.1793816850231],[98.1623599197359,-21.50112133472101],[98.15242239261032,-21.51843911111095],[98.14107977374665,-21.53487093455746],[97.87476981125515,-21.888267297648184],[97.87254182344596,-21.89117736400476],[97.6224367697398,-22.21273314819937],[97.45528623494322,-22.565121012129882],[97.28757771689284,-22.918685260623192],[97.20302558029985,-23.2710762355312],[97.19548704449633,-23.296304347216935],[96.74400011171907,-24.5516318151937],[98.6504734030826,-25.115906947650764],[98.08660266657246,-24.9753141932833],[97.84509487910042,-24.915097830128808],[97.36207930415628,-24.794665103819806],[97.12057151668424,-24.734448740665314],[96.87906372921215,-24.67423237751081],[96.6375559417401,-24.614016014356316],[96.24652778881385,-24.516518979139743],[96.73934943634136,-23.146263261772027]]],[[[102.63752553368842,-25.989876876424443],[102.63536391015234,-25.98550710525222],[102.41514579042659,-25.528715074365987],[102.9357087549353,-26.101050134050237],[102.9388466629581,-26.104416191633256],[102.93952469182602,-26.105125854679937],[102.94274426195975,-26.10841389035332],[102.95136130885659,-26.11700080645297],[103.00351421359727,-26.175829671932462],[103.0097863694668,-26.182564250339173],[103.01115804440302,-26.183966421858244],[103.0177280417262,-26.190361909836938],[103.12157071391549,-26.28661504879265],[103.14019056647201,-26.30516979424141],[103.14686688764878,-26.31150392568359],[103.14832258602833,-26.31281865733905],[103.15530166638199,-26.318817567488765],[103.16433875580826,-26.32620766568924],[103.22236696126427,-26.379975122141126],[103.22578063666957,-26.38306116015738],[103.22651674528812,-26.38371038191197],[103.23000512772448,-26.386711714684832],[103.48622788334673,-26.601745503168473],[103.50043259326911,-26.62974152636956],[103.50515520835854,-26.64028745386074],[103.45912343131847,-26.60074071122001],[103.1872884103347,-26.36720226654463],[103.17685354490332,-26.359188399369813],[103.1656040633592,-26.352365082826154],[102.7897044016587,-26.15168622672427],[102.78084317456732,-26.147412685421017],[102.77166166474285,-26.14387936146492],[102.76222158245233,-26.14111000284176],[102.70731216809635,-26.127419159701383],[102.63752553368842,-25.989876876424443]]]]}},{"type":"Feature","properties":{"layer":"hedge"},"geometry":{"type":"MultiPolygon","coordinates":[[[[62.330000518931755,-17.885734566656904],[61.759170200714784,-17.458851205063443],[61.00810841292492,-17.137820792992585],[60.151974605022325,-16.883872951398423],[58.315108313557765,-16.497151887098816],[58.2923608049834,-16.491185341729498],[58.270306446487695,-16.483021146648078],[58.249156993916486,-16.47273769071522],[58.22911551462354,-16.460433710963322],[58.21037443771081,-16.446227344568776],[58.19311370641242,-16.430254994552904],[58.17940767631071,-16.41481948394184],[58.493614895606775,-16.14542777271601],[58.49707145180113,-16.142389840904542],[58.49780067707461,-16.141732897006325],[58.5011816376412,-16.138611052026587],[58.70078202117054,-15.94971786126475],[58.707309055921534,-15.943230003148873],[58.7086658765124,-15.941813452767574],[58.71486670505518,-15.935013143145339],[58.894669331843495,-15.727836123447906],[58.90052901583885,-15.720739744860936],[58.90174045675018,-15.719197023882673],[58.90724487970605,-15.711821672128655],[59.0658748086886,-15.488018527106746],[59.071010709968114,-15.480381970053852],[59.07206510436172,-15.478727935724967],[59.07682011112869,-15.470848570508235],[59.20660934887425,-15.24333811668664],[59.25169169450548,-15.178455851933599],[59.25675595040624,-15.170771595447874],[59.25779482936015,-15.16910777225497],[59.26247593654858,-15.161184280532813],[59.31197961058872,-15.072491066615056],[63.57128676797041,-10.00721831078158],[63.619073799436244,-9.97178189262855],[63.62632929210527,-9.966120416522417],[63.627845652442765,-9.964876138247474],[63.63481461008759,-9.958865471485664],[63.83676015601968,-9.77585683099317],[63.840131909617064,-9.77272504426542],[63.84084280346865,-9.772048305972394],[63.844136683662114,-9.768834715505676],[64.04194384630291,-9.571053508517945],[64.11830350842732,-9.517769046837733],[64.12204475196621,-9.515089511951308],[64.12283563029347,-9.514508257913464],[64.12650998796147,-9.511737715340418],[64.78035718439794,-9.006019166967668],[64.7839624429005,-9.003159285578397],[64.78472384779654,-9.002539925126136],[64.78825783545861,-8.99959242760797],[64.81000695196296,-8.980995460858406],[65.10206006612543,-8.794678733310459],[65.47728297326752,-8.603907219389447],[66.1444257869881,-8.36297782810902],[66.14873451123903,-8.361361750836531],[66.14964919908316,-8.36100581413886],[66.15391696510565,-8.359284482211983],[66.17064431840751,-8.352297915929286],[66.31663390693004,-8.316026617147218],[66.58588199282194,-8.288212053076737],[66.64714611052479,-8.287415181056332],[66.65634258384425,-8.287069690014333],[66.65830032776992,-8.286947969759943],[66.66746877109239,-8.28615164531925],[66.69865341161552,-8.282670142654636],[67.02269882544829,-8.293662381398278],[67.39186543150645,-8.376986402819881],[67.90152678464415,-8.589997338976808],[68.11438219887343,-8.710970066566949],[68.44662987539591,-8.976747505346616],[68.7500980420343,-9.303497804737782],[68.86579364562644,-9.47077117762335],[68.81088752453066,-9.415887379573888],[68.30305736789366,-8.994569961891138],[67.72602499462464,-8.604971661200729],[67.09050912338401,-8.390331041658749],[66.36665321659265,-8.38583084661645],[65.709886905046,-8.547040629537221],[65.04941591117301,-8.833487793690441],[64.56325954521677,-9.20649884184237],[58.80444472903679,-16.10965091148841],[60.26036193607647,-16.416169602835062],[60.27916792602038,-16.420930087878627],[61.15791991070138,-16.681586970887405],[61.18399868034644,-16.69099263908427],[61.97423399265276,-17.028767203130684],[61.99978507012554,-17.041537270032617],[62.02363799065456,-17.05725256038743],[62.63704691077687,-17.515977427474287],[62.65578675445135,-17.531534844782886],[62.67285331344169,-17.548911482503897],[64.17406828930189,-19.241217517312734],[66.38964399667745,-19.222524530838037],[65.68362121029767,-19.261713136440786],[65.43451143992141,-19.275540260340183],[64.18896258804,-19.344675879837148],[63.939852817663734,-19.358503003736544],[63.690894662272086,-19.37232171207209],[63.67540223610431,-19.37314231331635],[63.61021235504062,-19.3289057652651],[62.330000518931755,-17.885734566656904]]],[[[67.85072944117354,-19.210197238043925],[67.88177956956893,-19.211950303450607],[68.93742638490617,-19.340562937245153],[68.95930710946504,-19.344262257737146],[68.98075261306002,-19.349966769537605],[69.94726189460124,-19.65555183865381],[69.9566414158457,-19.658731717747074],[70.92287469295701,-20.00869680907614],[70.92741575141304,-20.010393630453482],[71.89351097916119,-20.38254879016532],[71.90100424130583,-20.385581198902695],[73.68913083743034,-21.14449943871335],[73.38518808386023,-21.06168146039338],[73.14447087893109,-20.996091108180995],[72.9260730026743,-20.936582301445156],[72.73877155269598,-20.87435458053775],[72.53425642258269,-20.790702327121302],[72.07241073225262,-20.60179487217955],[71.84148788708761,-20.507341144708683],[71.37964219675754,-20.31843368976693],[70.91779650642752,-20.129526234825196],[70.68687366126248,-20.03507250735431],[70.45595081609747,-19.940618779883444],[69.9941051257674,-19.75171132494169],[69.71808918322533,-19.63881329358471],[69.70282046443394,-19.63373363822006],[69.36768407717739,-19.54670568254863],[69.35133704429643,-19.543651229352776],[69.05347993726423,-19.50913310971519],[68.80564538426354,-19.480412013092568],[68.55781083126287,-19.451690916469957],[68.06214172526151,-19.394248723224717],[67.81430717226084,-19.365527626602105],[67.56647261926017,-19.336806529979487],[67.31863806625948,-19.30808543335687],[66.81918395643753,-19.25020460288719],[66.81793026114525,-19.250065987805534],[66.54388525380332,-19.221223185222225],[67.85072944117354,-19.210197238043925]]],[[[74.41553400399614,-21.610969871476588],[74.39849253233335,-21.601404494475883],[74.38793058329249,-21.587804004109632],[74.41553400399614,-21.610969871476588]]],[[[75.34209959760082,-22.367496736068503],[75.33812218012713,-22.365808637096833],[75.31982871688835,-22.352046101204234],[75.34209959760082,-22.367496736068503]]]]}},{"type":"Feature","properties":{"layer":"hedge"},"geometry":{"type":"MultiPolygon","coordinates":[[[[96.23078616317594,-13.208892904823495],[96.25070196894832,-13.217024331666686],[96.26980966346166,-13.226906407989707],[96.62070281808558,-13.428806488767412],[96.64048206838838,-13.441515825295122],[96.65892289480446,-13.456099442768416],[96.67584833392023,-13.472417392647433],[96.9382244852007,-13.751434701840001],[96.95470301056211,-13.770941359267358],[96.96901575226147,-13.792088389960155],[97.14328900777545,-14.081653057229742],[97.15333054680792,-14.100123303953236],[97.32718967996021,-14.456257840163683],[97.33702842245836,-14.479418736477147],[97.34438800102023,-14.503482497101363],[97.43028228299616,-14.847974426848527],[97.43431452289435,-14.86760469730436],[97.43669499739433,-14.887502933857402],[97.43740710903117,-14.907530399343141],[97.43523744217487,-15.25631258600484],[97.51451541968592,-15.595294330791743],[97.51932406987007,-15.623181850395985],[97.52081671723899,-15.651441519008738],[97.51853910420358,-16.01757577327059],[97.51744170973915,-16.03905594227584],[97.51442565799138,-16.060351607725867],[97.50951517172724,-16.081291738092087],[97.50274968845449,-16.101708157249004],[97.49418354368797,-16.12143689514436],[97.31583825984532,-16.48647588705011],[97.31454412385258,-16.48908449468318],[97.13626787150181,-16.843028511303697],[97.12851253568084,-16.857215086235215],[93.06372906876533,-23.731960291524285],[93.00518785560337,-23.71782767101021],[93.00471304010617,-23.71771406597059],[92.74511389848946,-23.65616004823827],[92.7397916547949,-23.655024898011526],[92.57057155208332,-23.622926225766264],[96.7112151582967,-16.619879197475985],[96.88519782305785,-16.274459533466338],[97.03888870399045,-15.95988343124519],[97.04064904362144,-15.676902684286448],[96.96137106643553,-15.337920940889804],[96.95656241640842,-15.310033422684787],[96.95506976886494,-15.281773755488775],[96.95722836527241,-14.934771185516821],[96.8847600853411,-14.644126255205911],[96.7266020225209,-14.320153925831187],[96.57097809715846,-14.061576153620209],[96.3505135993781,-13.82712873664667],[96.05856960872886,-13.659147359643688],[95.67343807990828,-13.559518564796463],[95.27313251948905,-13.53684103136514],[94.76272552664997,-13.5765300023236],[94.3453309328012,-13.615992560339551],[94.02281666635024,-13.705284051122902],[93.64747782777937,-13.844534596428216],[93.68365811420011,-13.815548132762379],[94.0631488395149,-13.579695539578045],[94.39043284784485,-13.413298562090011],[94.80803439452679,-13.26248912271635],[95.1952922584247,-13.165089492184604],[95.60443686959849,-13.116108156791295],[95.93747557163859,-13.132021240692534],[96.21022225008149,-13.202577455487685],[96.23078616317594,-13.208892904823495]]],[[[84.14103295346534,-23.102001350686944],[84.14113354505751,-23.085826862727693],[84.19951919171427,-23.05556074694544],[84.88263242228385,-22.730428606558114],[84.88423736222775,-22.729648318133034],[84.91148635777674,-22.717843388564127],[84.91983859696353,-22.713978859337256],[84.92159804740706,-22.713111731183556],[84.92974787295275,-22.708843547996945],[85.1249787421551,-22.600413703312967],[85.13422012858668,-22.595445026950866],[85.14128593267523,-22.591446498224606],[85.143677667351,-22.59002379117058],[85.17057153539498,-22.575086540981115],[85.17456677373877,-22.572802929588168],[85.1754128575699,-22.57230544900007],[85.1793508499945,-22.569924477330385],[85.2717416747039,-22.51250361023894],[85.06535320310027,-22.68201787592165],[85.0482064849528,-22.69486358619629],[85.02998249519234,-22.706128949612506],[85.01082646326608,-22.715724190960643],[84.65043515147322,-22.876542689832778],[84.62207252645679,-22.936337210375715],[84.6210236710515,-23.10498648571124],[84.62087130983737,-23.129485199448958],[84.5057770301123,-23.107222111819553],[84.49411929417512,-23.10555565910201],[84.482354352493,-23.105039888749072],[84.4705955078857,-23.10567976791118],[84.45895600445483,-23.107469134202216],[84.44754793698122,-23.110390755046623],[84.43648117139095,-23.114416493638558],[84.42586228668634,-23.11950757991468],[84.41579354853198,-23.125614983931083],[84.40637192438042,-23.13267988804844],[84.39768814962262,-23.140634253378035],[84.38982585375655,-23.149401475033443],[84.38286075498935,-23.158897119877473],[84.37685993102968,-23.16902973965943],[84.37188117309263,-23.179701751711754],[84.37132664415535,-23.181277719726058],[84.27955007124413,-23.19077929982351],[84.16742315554427,-23.16909019975873],[84.15639646568921,-23.167484221514243],[84.14526834781694,-23.16690798553668],[84.1406281008924,-23.1670990682857],[84.14103295346534,-23.102001350686944]]]]}},{"type":"Feature","properties":{"layer":"hedge"},"geometry":{"type":"MultiPolygon","coordinates":[[[[24.480093250357655,-14.100913188096287],[24.44391034777594,-14.111929175050143],[24.3900855136433,-14.116025872963649],[24.480093250357655,-14.100913188096287]]],[[[24.99149629827463,-14.01531996384682],[25.000500015359886,-14.013415347292078],[25.00240853212174,-14.012962422498452],[25.011307948730824,-14.010618308680032],[25.278536494096773,-13.93316919669026],[25.28294037865431,-13.931834052045517],[25.283876096545043,-13.93153778052466],[25.288245888646006,-13.93009496126289],[26.143107000563013,-13.636154328752816],[26.147440068006496,-13.634604703974887],[26.148360121429512,-13.63426287582534],[26.152653854138496,-13.632607378967009],[26.41100428053928,-13.529338227789243],[26.41946342146862,-13.525713669841947],[26.421246905372175,-13.5248971147216],[26.429518008266673,-13.520861852340971],[26.676066351942872,-13.392993277415377],[26.6841294909914,-13.388557031901847],[26.685824350534652,-13.387569596725552],[26.68959215481577,-13.385248764358801],[27.127334843319442,-13.186698766717152],[27.131502077542056,-13.184746596295522],[27.132385710269013,-13.184319351647686],[27.136503780738533,-13.182265500135737],[27.382507440894955,-13.05578007272548],[27.390586199395035,-13.051372335588491],[27.392284536193902,-13.050390893172251],[27.400137286065426,-13.04559205945649],[27.632146038931705,-12.89586937785644],[27.639753862212007,-12.890691008372904],[27.64134782287599,-12.889547825753782],[27.648692391652723,-12.884002395647922],[27.657673339718873,-12.876868743444328],[27.968374924964788,-12.679542027418455],[27.99879248800555,-12.666758665583558],[28.007186598728147,-12.662985948956122],[28.00895545125354,-12.662138164878415],[28.017154332471318,-12.657958113162195],[28.26186754005243,-12.525530707796149],[28.269851439942258,-12.520953391101948],[28.271528677588318,-12.519936311470119],[28.2792783622366,-12.514972756954444],[28.460601517399237,-12.392460553629649],[27.900155673071808,-12.841904350531909],[27.876695104986997,-12.858511923699528],[27.081288723736638,-13.35286393144995],[27.063449345661986,-13.362922463620711],[26.180284895252164,-13.812347767929245],[26.164592715594186,-13.819633517565963],[25.46921424239798,-14.112507188160425],[25.25538757461406,-14.075735111886292],[24.94950282630695,-14.023131676531781],[24.99149629827463,-14.01531996384682]]],[[[46.88251762998575,-17.847972588894866],[46.89737432670262,-17.85723397153394],[46.87269369296235,-17.846313472317775],[46.88251762998575,-17.847972588894866]]],[[[48.30422705765833,-18.545826361726295],[48.30400425868945,-18.545911691836572],[48.29801386393334,-18.543261107498783],[48.30422705765833,-18.545826361726295]]],[[[39.14651591715176,-3.9783188858343905],[38.73978076621264,-3.8216402356772763],[38.2428496185137,-3.7035640084053707],[37.83259310281356,-3.659623446674526],[37.331449291503745,-3.6670352389506315],[36.832597819564974,-3.726759494589436],[36.82749511068937,-3.728140226097379],[37.040974823596216,-3.648937754152149],[37.38836059473735,-3.566822563037176],[37.80474289141873,-3.516971841787972],[38.209638511311894,-3.519487659513789],[38.588030417099674,-3.6091405307839906],[39.066118455185034,-3.811196069436742],[39.07037892749781,-3.8129353756472857],[39.071292106864,-3.813295164794046],[39.0755939807136,-3.814929389933523],[39.1256396741025,-3.833241531040153],[39.244458276251336,-3.898907890331391],[39.565317616251434,-4.152206123611618],[39.75189159452691,-4.353092559717001],[39.47417618121087,-4.166847776901899],[39.14651591715176,-3.9783188858343905]]]]}},{"type":"Feature","properties":{"layer":"hedge"},"geometry":{"type":"MultiPolygon","coordinates":[[[[49.74245631342145,-2.4411335667617173],[49.76347115197399,-2.4516899749953684],[49.78335193591814,-2.464252443859041],[49.80190777480061,-2.4787003515813537],[49.81896049996843,-2.494894972865459],[49.834346375301024,-2.512680810895614],[49.847917669364605,-2.531887090379796],[49.85954407389354,-2.5523293972925303],[49.869113954978566,-2.5738114495735203],[49.8765354249485,-2.596126981780265],[49.88173722465325,-2.6190617255986823],[50.81708134188119,-7.939574086026211],[50.819113928447834,-7.953528880580683],[50.98621752948536,-9.39697016121017],[50.98780516129256,-9.42606161073105],[50.98318512948965,-10.169425071722582],[50.97877196410333,-10.8795036028943],[50.97664110296546,-10.909956941247852],[50.884331967836715,-11.59729838590783],[50.88426553954703,-11.597789177193569],[50.79202537176532,-12.274035645636992],[50.78635779106253,-12.302554290495902],[50.63889080048946,-12.864148052441148],[50.52720198454966,-12.836342346895727],[50.18682182700671,-12.695808882666755],[50.31839765288955,-12.194732928302669],[50.4086359211965,-11.533163118440232],[50.498876290569335,-10.86122587447334],[50.50319439962703,-10.166441911326036],[50.50772372919532,-9.437672446637029],[50.343109676172595,-8.015735887344269],[49.43384820299555,-2.843589275425077],[45.15092927820339,-1.4315484172074195],[44.84057189780715,-0.9828355492132145],[44.80145845746067,-0.9117531441851734],[44.80035143259746,-0.909853240712625],[44.80093538405684,-0.9103728236064109],[44.81066138269556,-0.9174196751868303],[44.821043086450786,-0.9234589958320196],[45.25891652083821,-1.1496484617387055],[45.267867769977684,-1.153815165132612],[45.2771312628019,-1.157231885639962],[45.28664428657199,-1.1598754924714267],[45.61568064651906,-1.2368834935318276],[45.85712255264856,-1.2933908004028318],[46.098564458778064,-1.349898107273834],[46.34000636490757,-1.4064054141448374],[46.581448271037075,-1.462912721015842],[46.822890177166585,-1.5194200278868442],[47.06433208329609,-1.5759273347578486],[47.26256564920039,-1.6223221181666523],[49.720509199630406,-2.4326845792230896],[49.74245631342145,-2.4411335667617173]]],[[[48.943241714856825,-11.524980211464799],[48.70019525050478,-11.073449823037897],[48.69796455734264,-11.06942479900786],[48.697478284617816,-11.068572224305935],[48.69514948426453,-11.064603156489081],[48.58843933239974,-10.887741676625682],[48.51061162511932,-10.691021854261656],[48.50886630878279,-10.68676384048715],[48.50848294211488,-10.685860305881473],[48.506633654545496,-10.681646406747232],[48.394901111203296,-10.435305928146756],[48.39316344067831,-10.431711999969997],[47.25922781703858,-7.090958247969196],[49.03491176741388,-11.658448646180766],[48.943241714856825,-11.524980211464799]]]]}},{"type":"Feature","properties":{"layer":"hedge"},"geometry":{"type":"Polygon","coordinates":[[[11.366722881006936,-6.837551175079432],[11.709261698685832,-7.045510990848883],[11.731380145297834,-7.060693544939997],[11.751665905789473,-7.078249841546438],[11.769865501261577,-7.097960507539987],[11.931086866989313,-7.293444255770414],[15.105736579212108,-9.990920314251305],[15.508579466887216,-10.467900267511498],[15.555881934152149,-10.554154116938152],[15.560503854504322,-10.562112278650085],[15.56153030349187,-10.563783798788949],[15.56653714502561,-10.571505587663847],[15.719348262819768,-10.794966605208323],[15.724727963615374,-10.802433418780602],[15.725913307594514,-10.803996280498685],[15.731652907481566,-10.811190130560426],[15.905946786026977,-11.018973227480512],[15.908947260101622,-11.022462348537733],[15.909596300655783,-11.023198616928934],[15.912681498360735,-11.026613051807955],[16.07218763624868,-11.198844106930222],[16.098504622247823,-11.244932676532034],[16.10326279658313,-11.252810129328745],[16.10431785590736,-11.254463739597485],[16.10945682710191,-11.262098231109007],[16.269642610723043,-11.48790396438004],[16.275149998544673,-11.495277102446963],[16.276362059619707,-11.496819336232523],[16.28222459628909,-11.503913358319886],[16.46377187382409,-11.712930822834224],[16.46997543597663,-11.719728638821131],[16.471332825991645,-11.721144643568966],[16.477862468702995,-11.727629876921556],[16.679379632821803,-11.91818350115488],[16.682761848273795,-11.921303986543506],[16.683491337617323,-11.921960637198795],[16.686949114954086,-11.92499717903307],[17.036575375304455,-12.224512282668892],[17.210861218264053,-12.403059183115031],[17.21744931875366,-12.40948502294413],[17.218886699092085,-12.41081975694812],[17.22578216494242,-12.416914593802716],[17.43955877503132,-12.596720312958897],[17.44674499446068,-12.60246946384271],[17.44830628023014,-12.60365688282736],[17.455765941006888,-12.609046497532676],[17.6865421666586,-12.767310352320434],[17.690368946180506,-12.769866241384953],[17.691191769556156,-12.770401317527018],[17.695080121181913,-12.772862522935213],[17.988066865011646,-12.953316550328857],[17.847342316864648,-12.891049821933317],[17.70179896657102,-12.826650906592375],[11.604067121445489,-7.64545387564628],[11.588523744038383,-7.631016461027231],[11.574315990382544,-7.61526288180989],[11.425417949208617,-7.434721381857566],[11.109334551109686,-7.24282299883093],[11.093191957867296,-7.232107682541337],[11.064648304450795,-7.2114536832874405],[11.080909799505497,-7.111338529034728],[11.120991484550826,-6.864572529504951],[11.150762688617975,-6.68128380497836],[11.366722881006936,-6.837551175079432]]]}}]}
