x,y,z,role,block
-71,0,-144,alley,minecraft:polished_andesite
-70,0,-144,alley,minecraft:polished_andesite
-69,0,-144,alley,minecraft:polished_andesite
-68,0,-144,alley,minecraft:polished_andesite
-15,0,-144,main_street,minecraft:black_concrete
-14,0,-144,main_street,minecraft:black_concrete
-13,0,-144,main_street,minecraft:black_concrete
-12,0,-144,main_street,minecraft:black_concrete
-11,0,-144,main_street,minecraft:black_concrete
-10,0,-144,main_street,minecraft:black_concrete
-9,0,-144,main_street,minecraft:black_concrete
-8,0,-144,main_street,minecraft:black_concrete
-7,0,-144,main_street,minecraft:black_concrete
-6,0,-144,main_street,minecraft:black_concrete
-5,0,-144,main_street,minecraft:black_concrete
-4,0,-144,main_street,minecraft:black_concrete
-3,0,-144,main_street,minecraft:black_concrete
-2,0,-144,main_street,minecraft:black_concrete
-1,0,-144,main_street,minecraft:black_concrete
0,0,-144,main_street,minecraft:black_concrete
1,0,-144,main_street,minecraft:black_concrete
2,0,-144,main_street,minecraft:black_concrete
3,0,-144,main_street,minecraft:black_concrete
4,0,-144,main_street,minecraft:black_concrete
5,0,-144,main_street,minecraft:black_concrete
6,0,-144,main_street,minecraft:black_concrete
7,0,-144,main_street,minecraft:black_concrete
8,0,-144,main_street,minecraft:black_concrete
9,0,-144,main_street,minecraft:black_concrete
10,0,-144,main_street,minecraft:black_concrete
11,0,-144,main_street,minecraft:black_concrete
12,0,-144,main_street,minecraft:black_concrete
13,0,-144,main_street,minecraft:black_concrete
14,0,-144,main_street,minecraft:black_concrete
67,0,-144,alley,minecraft:polished_andesite
68,0,-144,alley,minecraft:polished_andesite
69,0,-144,alley,minecraft:polished_andesite
70,0,-144,alley,minecraft:polished_andesite
-71,0,-143,alley,minecraft:polished_andesite
-70,0,-143,alley,minecraft:polished_andesite
-69,0,-143,alley,minecraft:polished_andesite
-68,0,-143,alley,minecraft:polished_andesite
-16,0,-143,crossing,minecraft:white_concrete
-15,0,-143,crossing,minecraft:white_concrete
-14,0,-143,main_street,minecraft:black_concrete
-13,0,-143,main_street,minecraft:black_concrete
-12,0,-143,main_street,minecraft:black_concrete
-11,0,-143,main_street,minecraft:black_concrete
-10,0,-143,main_street,minecraft:black_concrete
-9,0,-143,main_street,minecraft:black_concrete
-8,0,-143,main_street,minecraft:black_concrete
-7,0,-143,main_street,minecraft:black_concrete
-6,0,-143,main_street,minecraft:black_concrete
-5,0,-143,main_street,minecraft:black_concrete
-4,0,-143,main_street,minecraft:black_concrete
-3,0,-143,main_street,minecraft:black_concrete
-2,0,-143,main_street,minecraft:black_concrete
-1,0,-143,main_street,minecraft:black_concrete
0,0,-143,main_street,minecraft:black_concrete
1,0,-143,main_street,minecraft:black_concrete
2,0,-143,main_street,minecraft:black_concrete
3,0,-143,main_street,minecraft:black_concrete
4,0,-143,main_street,minecraft:black_concrete
5,0,-143,main_street,minecraft:black_concrete
6,0,-143,main_street,minecraft:black_concrete
7,0,-143,main_street,minecraft:black_concrete
8,0,-143,main_street,minecraft:black_concrete
9,0,-143,main_street,minecraft:black_concrete
10,0,-143,main_street,minecraft:black_concrete
11,0,-143,main_street,minecraft:black_concrete
12,0,-143,main_street,minecraft:black_concrete
13,0,-143,main_street,minecraft:black_concrete
14,0,-143,crossing,minecraft:white_concrete
67,0,-143,alley,minecraft:polished_andesite
68,0,-143,alley,minecraft:polished_andesite
69,0,-143,alley,minecraft:polished_andesite
70,0,-143,alley,minecraft:polished_andesite
-71,0,-142,alley,minecraft:polished_andesite
-70,0,-142,alley,minecraft:polished_andesite
-69,0,-142,alley,minecraft:polished_andesite
-68,0,-142,alley,minecraft:polished_andesite
-16,0,-142,crossing,minecraft:white_concrete
-15,0,-142,crossing,minecraft:white_concrete
-14,0,-142,crossing,minecraft:white_concrete
-13,0,-142,main_street,minecraft:black_concrete
-12,0,-142,main_street,minecraft:black_concrete
-11,0,-142,main_street,minecraft:black_concrete
-10,0,-142,main_street,minecraft:black_concrete
-9,0,-142,main_street,minecraft:black_concrete
-8,0,-142,main_street,minecraft:black_concrete
-7,0,-142,main_street,minecraft:black_concrete
-6,0,-142,main_street,minecraft:black_concrete
-5,0,-142,main_street,minecraft:black_concrete
-4,0,-142,main_street,minecraft:black_concrete
-3,0,-142,main_street,minecraft:black_concrete
-2,0,-142,main_street,minecraft:black_concrete
-1,0,-142,main_street,minecraft:black_concrete
0,0,-142,main_street,minecraft:black_concrete
1,0,-142,main_street,minecraft:black_concrete
2,0,-142,main_street,minecraft:black_concrete
3,0,-142,main_street,minecraft:black_concrete
4,0,-142,main_street,minecraft:black_concrete
5,0,-142,main_street,minecraft:black_concrete
6,0,-142,main_street,minecraft:black_concrete
7,0,-142,main_street,minecraft:black_concrete
8,0,-142,main_street,minecraft:black_concrete
9,0,-142,main_street,minecraft:black_concrete
10,0,-142,main_street,minecraft:black_concrete
11,0,-142,main_street,minecraft:black_concrete
12,0,-142,main_street,minecraft:black_concrete
13,0,-142,crossing,minecraft:white_concrete
14,0,-142,crossing,minecraft:white_concrete
15,0,-142,crossing,minecraft:white_concrete
67,0,-142,alley,minecraft:polished_andesite
68,0,-142,alley,minecraft:polished_andesite
69,0,-142,alley,minecraft:polished_andesite
70,0,-142,alley,minecraft:polished_andesite
-81,0,-141,avenue,minecraft:gray_concrete
-80,0,-141,avenue,minecraft:gray_concrete
-79,0,-141,avenue,minecraft:gray_concrete
-78,0,-141,avenue,minecraft:gray_concrete
-77,0,-141,avenue,minecraft:gray_concrete
-76,0,-141,avenue,minecraft:gray_concrete
-75,0,-141,avenue,minecraft:gray_concrete
-74,0,-141,avenue,minecraft:gray_concrete
-73,0,-141,avenue,minecraft:gray_concrete
-72,0,-141,avenue,minecraft:gray_concrete
-71,0,-141,alley,minecraft:polished_andesite
-70,0,-141,alley,minecraft:polished_andesite
-69,0,-141,alley,minecraft:polished_andesite
-68,0,-141,alley,minecraft:polished_andesite
-67,0,-141,avenue,minecraft:gray_concrete
-66,0,-141,avenue,minecraft:gray_concrete
-65,0,-141,avenue,minecraft:gray_concrete
-64,0,-141,avenue,minecraft:gray_concrete
-63,0,-141,avenue,minecraft:gray_concrete
-62,0,-141,avenue,minecraft:gray_concrete
-61,0,-141,avenue,minecraft:gray_concrete
-60,0,-141,avenue,minecraft:gray_concrete
-59,0,-141,avenue,minecraft:gray_concrete
-58,0,-141,avenue,minecraft:gray_concrete
-57,0,-141,avenue,minecraft:gray_concrete
-56,0,-141,avenue,minecraft:gray_concrete
-55,0,-141,avenue,minecraft:gray_concrete
-54,0,-141,avenue,minecraft:gray_concrete
-53,0,-141,avenue,minecraft:gray_concrete
-52,0,-141,avenue,minecraft:gray_concrete
-51,0,-141,avenue,minecraft:gray_concrete
-50,0,-141,avenue,minecraft:gray_concrete
-49,0,-141,avenue,minecraft:gray_concrete
-48,0,-141,avenue,minecraft:gray_concrete
-47,0,-141,avenue,minecraft:gray_concrete
-46,0,-141,avenue,minecraft:gray_concrete
-45,0,-141,avenue,minecraft:gray_concrete
-44,0,-141,avenue,minecraft:gray_concrete
-43,0,-141,avenue,minecraft:gray_concrete
-42,0,-141,avenue,minecraft:gray_concrete
-41,0,-141,avenue,minecraft:gray_concrete
-40,0,-141,avenue,minecraft:gray_concrete
-39,0,-141,avenue,minecraft:gray_concrete
-38,0,-141,avenue,minecraft:gray_concrete
-37,0,-141,avenue,minecraft:gray_concrete
-36,0,-141,avenue,minecraft:gray_concrete
-35,0,-141,avenue,minecraft:gray_concrete
-34,0,-141,avenue,minecraft:gray_concrete
-33,0,-141,avenue,minecraft:gray_concrete
-32,0,-141,avenue,minecraft:gray_concrete
-31,0,-141,avenue,minecraft:gray_concrete
-30,0,-141,avenue,minecraft:gray_concrete
-29,0,-141,avenue,minecraft:gray_concrete
-28,0,-141,avenue,minecraft:gray_concrete
-27,0,-141,avenue,minecraft:gray_concrete
-26,0,-141,avenue,minecraft:gray_concrete
-25,0,-141,avenue,minecraft:gray_concrete
-24,0,-141,avenue,minecraft:gray_concrete
-23,0,-141,avenue,minecraft:gray_concrete
-22,0,-141,avenue,minecraft:gray_concrete
-21,0,-141,avenue,minecraft:gray_concrete
-20,0,-141,avenue,minecraft:gray_concrete
-19,0,-141,avenue,minecraft:gray_concrete
-18,0,-141,avenue,minecraft:gray_concrete
-17,0,-141,avenue,minecraft:gray_concrete
-16,0,-141,crossing,minecraft:white_concrete
-15,0,-141,crossing,minecraft:white_concrete
-14,0,-141,crossing,minecraft:white_concrete
-13,0,-141,avenue,minecraft:gray_concrete
-12,0,-141,avenue,minecraft:gray_concrete
-11,0,-141,avenue,minecraft:gray_concrete
-10,0,-141,avenue,minecraft:gray_concrete
-9,0,-141,avenue,minecraft:gray_concrete
-8,0,-141,avenue,minecraft:gray_concrete
-7,0,-141,avenue,minecraft:gray_concrete
-6,0,-141,avenue,minecraft:gray_concrete
-5,0,-141,avenue,minecraft:gray_concrete
-4,0,-141,avenue,minecraft:gray_concrete
-3,0,-141,avenue,minecraft:gray_concrete
-2,0,-141,avenue,minecraft:gray_concrete
-1,0,-141,avenue,minecraft:gray_concrete
0,0,-141,avenue,minecraft:gray_concrete
1,0,-141,avenue,minecraft:gray_concrete
2,0,-141,avenue,minecraft:gray_concrete
3,0,-141,avenue,minecraft:gray_concrete
4,0,-141,avenue,minecraft:gray_concrete
5,0,-141,avenue,minecraft:gray_concrete
6,0,-141,avenue,minecraft:gray_concrete
7,0,-141,avenue,minecraft:gray_concrete
8,0,-141,avenue,minecraft:gray_concrete
9,0,-141,avenue,minecraft:gray_concrete
10,0,-141,avenue,minecraft:gray_concrete
11,0,-141,avenue,minecraft:gray_concrete
12,0,-141,avenue,minecraft:gray_concrete
13,0,-141,crossing,minecraft:white_concrete
14,0,-141,crossing,minecraft:white_concrete
15,0,-141,crossing,minecraft:white_concrete
16,0,-141,avenue,minecraft:gray_concrete
17,0,-141,avenue,minecraft:gray_concrete
18,0,-141,avenue,minecraft:gray_concrete
19,0,-141,avenue,minecraft:gray_concrete
20,0,-141,avenue,minecraft:gray_concrete
21,0,-141,avenue,minecraft:gray_concrete
22,0,-141,avenue,minecraft:gray_concrete
23,0,-141,avenue,minecraft:gray_concrete
24,0,-141,avenue,minecraft:gray_concrete
25,0,-141,avenue,minecraft:gray_concrete
26,0,-141,avenue,minecraft:gray_concrete
27,0,-141,avenue,minecraft:gray_concrete
28,0,-141,avenue,minecraft:gray_concrete
29,0,-141,avenue,minecraft:gray_concrete
30,0,-141,avenue,minecraft:gray_concrete
31,0,-141,avenue,minecraft:gray_concrete
32,0,-141,avenue,minecraft:gray_concrete
33,0,-141,avenue,minecraft:gray_concrete
34,0,-141,avenue,minecraft:gray_concrete
35,0,-141,avenue,minecraft:gray_concrete
36,0,-141,avenue,minecraft:gray_concrete
37,0,-141,avenue,minecraft:gray_concrete
38,0,-141,avenue,minecraft:gray_concrete
39,0,-141,avenue,minecraft:gray_concrete
40,0,-141,avenue,minecraft:gray_concrete
41,0,-141,avenue,minecraft:gray_concrete
42,0,-141,avenue,minecraft:gray_concrete
43,0,-141,avenue,minecraft:gray_concrete
44,0,-141,avenue,minecraft:gray_concrete
45,0,-141,avenue,minecraft:gray_concrete
46,0,-141,avenue,minecraft:gray_concrete
47,0,-141,avenue,minecraft:gray_concrete
48,0,-141,avenue,minecraft:gray_concrete
49,0,-141,avenue,minecraft:gray_concrete
50,0,-141,avenue,minecraft:gray_concrete
51,0,-141,avenue,minecraft:gray_concrete
52,0,-141,avenue,minecraft:gray_concrete
53,0,-141,avenue,minecraft:gray_concrete
54,0,-141,avenue,minecraft:gray_concrete
55,0,-141,avenue,minecraft:gray_concrete
56,0,-141,avenue,minecraft:gray_concrete
57,0,-141,avenue,minecraft:gray_concrete
58,0,-141,avenue,minecraft:gray_concrete
59,0,-141,avenue,minecraft:gray_concrete
60,0,-141,avenue,minecraft:gray_concrete
61,0,-141,avenue,minecraft:gray_concrete
62,0,-141,avenue,minecraft:gray_concrete
63,0,-141,avenue,minecraft:gray_concrete
64,0,-141,avenue,minecraft:gray_concrete
65,0,-141,avenue,minecraft:gray_concrete
66,0,-141,avenue,minecraft:gray_concrete
67,0,-141,alley,minecraft:polished_andesite
68,0,-141,alley,minecraft:polished_andesite
69,0,-141,alley,minecraft:polished_andesite
70,0,-141,alley,minecraft:polished_andesite
71,0,-141,avenue,minecraft:gray_concrete
72,0,-141,avenue,minecraft:gray_concrete
73,0,-141,avenue,minecraft:gray_concrete
74,0,-141,avenue,minecraft:gray_concrete
75,0,-141,avenue,minecraft:gray_concrete
76,0,-141,avenue,minecraft:gray_concrete
77,0,-141,avenue,minecraft:gray_concrete
78,0,-141,avenue,minecraft:gray_concrete
79,0,-141,avenue,minecraft:gray_concrete
80,0,-141,avenue,minecraft:gray_concrete
81,0,-141,avenue,minecraft:gray_concrete
-81,0,-140,avenue,minecraft:gray_concrete
-80,0,-140,avenue,minecraft:gray_concrete
-79,0,-140,avenue,minecraft:gray_concrete
-78,0,-140,avenue,minecraft:gray_concrete
-77,0,-140,avenue,minecraft:gray_concrete
-76,0,-140,avenue,minecraft:gray_concrete
-75,0,-140,avenue,minecraft:gray_concrete
-74,0,-140,avenue,minecraft:gray_concrete
-73,0,-140,avenue,minecraft:gray_concrete
-72,0,-140,avenue,minecraft:gray_concrete
-71,0,-140,alley,minecraft:polished_andesite
-70,0,-140,alley,minecraft:polished_andesite
-69,0,-140,alley,minecraft:polished_andesite
-68,0,-140,alley,minecraft:polished_andesite
-67,0,-140,avenue,minecraft:gray_concrete
-66,0,-140,avenue,minecraft:gray_concrete
-65,0,-140,avenue,minecraft:gray_concrete
-64,0,-140,avenue,minecraft:gray_concrete
-63,0,-140,avenue,minecraft:gray_concrete
-62,0,-140,avenue,minecraft:gray_concrete
-61,0,-140,avenue,minecraft:gray_concrete
-60,0,-140,avenue,minecraft:gray_concrete
-59,0,-140,avenue,minecraft:gray_concrete
-58,0,-140,avenue,minecraft:gray_concrete
-57,0,-140,avenue,minecraft:gray_concrete
-56,0,-140,avenue,minecraft:gray_concrete
-55,0,-140,avenue,minecraft:gray_concrete
-54,0,-140,avenue,minecraft:gray_concrete
-53,0,-140,avenue,minecraft:gray_concrete
-52,0,-140,avenue,minecraft:gray_concrete
-51,0,-140,avenue,minecraft:gray_concrete
-50,0,-140,avenue,minecraft:gray_concrete
-49,0,-140,avenue,minecraft:gray_concrete
-48,0,-140,avenue,minecraft:gray_concrete
-47,0,-140,avenue,minecraft:gray_concrete
-46,0,-140,avenue,minecraft:gray_concrete
-45,0,-140,avenue,minecraft:gray_concrete
-44,0,-140,avenue,minecraft:gray_concrete
-43,0,-140,avenue,minecraft:gray_concrete
-42,0,-140,avenue,minecraft:gray_concrete
-41,0,-140,avenue,minecraft:gray_concrete
-40,0,-140,avenue,minecraft:gray_concrete
-39,0,-140,avenue,minecraft:gray_concrete
-38,0,-140,avenue,minecraft:gray_concrete
-37,0,-140,avenue,minecraft:gray_concrete
-36,0,-140,avenue,minecraft:gray_concrete
-35,0,-140,avenue,minecraft:gray_concrete
-34,0,-140,avenue,minecraft:gray_concrete
-33,0,-140,avenue,minecraft:gray_concrete
-32,0,-140,avenue,minecraft:gray_concrete
-31,0,-140,avenue,minecraft:gray_concrete
-30,0,-140,avenue,minecraft:gray_concrete
-29,0,-140,avenue,minecraft:gray_concrete
-28,0,-140,avenue,minecraft:gray_concrete
-27,0,-140,avenue,minecraft:gray_concrete
-26,0,-140,avenue,minecraft:gray_concrete
-25,0,-140,avenue,minecraft:gray_concrete
-24,0,-140,avenue,minecraft:gray_concrete
-23,0,-140,avenue,minecraft:gray_concrete
-22,0,-140,avenue,minecraft:gray_concrete
-21,0,-140,avenue,minecraft:gray_concrete
-20,0,-140,avenue,minecraft:gray_concrete
-19,0,-140,avenue,minecraft:gray_concrete
-18,0,-140,avenue,minecraft:gray_concrete
-17,0,-140,avenue,minecraft:gray_concrete
-16,0,-140,crossing,minecraft:white_concrete
-15,0,-140,crossing,minecraft:white_concrete
-14,0,-140,crossing,minecraft:white_concrete
-13,0,-140,avenue,minecraft:gray_concrete
-12,0,-140,avenue,minecraft:gray_concrete
-11,0,-140,avenue,minecraft:gray_concrete
-10,0,-140,avenue,minecraft:gray_concrete
-9,0,-140,avenue,minecraft:gray_concrete
-8,0,-140,avenue,minecraft:gray_concrete
-7,0,-140,avenue,minecraft:gray_concrete
-6,0,-140,avenue,minecraft:gray_concrete
-5,0,-140,avenue,minecraft:gray_concrete
-4,0,-140,avenue,minecraft:gray_concrete
-3,0,-140,avenue,minecraft:gray_concrete
-2,0,-140,avenue,minecraft:gray_concrete
-1,0,-140,avenue,minecraft:gray_concrete
0,0,-140,avenue,minecraft:gray_concrete
1,0,-140,avenue,minecraft:gray_concrete
2,0,-140,avenue,minecraft:gray_concrete
3,0,-140,avenue,minecraft:gray_concrete
4,0,-140,avenue,minecraft:gray_concrete
5,0,-140,avenue,minecraft:gray_concrete
6,0,-140,avenue,minecraft:gray_concrete
7,0,-140,avenue,minecraft:gray_concrete
8,0,-140,avenue,minecraft:gray_concrete
9,0,-140,avenue,minecraft:gray_concrete
10,0,-140,avenue,minecraft:gray_concrete
11,0,-140,avenue,minecraft:gray_concrete
12,0,-140,avenue,minecraft:gray_concrete
13,0,-140,crossing,minecraft:white_concrete
14,0,-140,crossing,minecraft:white_concrete
15,0,-140,crossing,minecraft:white_concrete
16,0,-140,avenue,minecraft:gray_concrete
17,0,-140,avenue,minecraft:gray_concrete
18,0,-140,avenue,minecraft:gray_concrete
19,0,-140,avenue,minecraft:gray_concrete
20,0,-140,avenue,minecraft:gray_concrete
21,0,-140,avenue,minecraft:gray_concrete
22,0,-140,avenue,minecraft:gray_concrete
23,0,-140,avenue,minecraft:gray_concrete
24,0,-140,avenue,minecraft:gray_concrete
25,0,-140,avenue,minecraft:gray_concrete
26,0,-140,avenue,minecraft:gray_concrete
27,0,-140,avenue,minecraft:gray_concrete
28,0,-140,avenue,minecraft:gray_concrete
29,0,-140,avenue,minecraft:gray_concrete
30,0,-140,avenue,minecraft:gray_concrete
31,0,-140,avenue,minecraft:gray_concrete
32,0,-140,avenue,minecraft:gray_concrete
33,0,-140,avenue,minecraft:gray_concrete
34,0,-140,avenue,minecraft:gray_concrete
35,0,-140,avenue,minecraft:gray_concrete
36,0,-140,avenue,minecraft:gray_concrete
37,0,-140,avenue,minecraft:gray_concrete
38,0,-140,avenue,minecraft:gray_concrete
39,0,-140,avenue,minecraft:gray_concrete
40,0,-140,avenue,minecraft:gray_concrete
41,0,-140,avenue,minecraft:gray_concrete
42,0,-140,avenue,minecraft:gray_concrete
43,0,-140,avenue,minecraft:gray_concrete
44,0,-140,avenue,minecraft:gray_concrete
45,0,-140,avenue,minecraft:gray_concrete
46,0,-140,avenue,minecraft:gray_concrete
47,0,-140,avenue,minecraft:gray_concrete
48,0,-140,avenue,minecraft:gray_concrete
49,0,-140,avenue,minecraft:gray_concrete
50,0,-140,avenue,minecraft:gray_concrete
51,0,-140,avenue,minecraft:gray_concrete
52,0,-140,avenue,minecraft:gray_concrete
53,0,-140,avenue,minecraft:gray_concrete
54,0,-140,avenue,minecraft:gray_concrete
55,0,-140,avenue,minecraft:gray_concrete
56,0,-140,avenue,minecraft:gray_concrete
57,0,-140,avenue,minecraft:gray_concrete
58,0,-140,avenue,minecraft:gray_concrete
59,0,-140,avenue,minecraft:gray_concrete
60,0,-140,avenue,minecraft:gray_concrete
61,0,-140,avenue,minecraft:gray_concrete
62,0,-140,avenue,minecraft:gray_concrete
63,0,-140,avenue,minecraft:gray_concrete
64,0,-140,avenue,minecraft:gray_concrete
65,0,-140,avenue,minecraft:gray_concrete
66,0,-140,avenue,minecraft:gray_concrete
67,0,-140,alley,minecraft:polished_andesite
68,0,-140,alley,minecraft:polished_andesite
69,0,-140,alley,minecraft:polished_andesite
70,0,-140,alley,minecraft:polished_andesite
71,0,-140,avenue,minecraft:gray_concrete
72,0,-140,avenue,minecraft:gray_concrete
73,0,-140,avenue,minecraft:gray_concrete
74,0,-140,avenue,minecraft:gray_concrete
75,0,-140,avenue,minecraft:gray_concrete
76,0,-140,avenue,minecraft:gray_concrete
77,0,-140,avenue,minecraft:gray_concrete
78,0,-140,avenue,minecraft:gray_concrete
79,0,-140,avenue,minecraft:gray_concrete
80,0,-140,avenue,minecraft:gray_concrete
81,0,-140,avenue,minecraft:gray_concrete
-81,0,-139,avenue,minecraft:gray_concrete
-80,0,-139,avenue,minecraft:gray_concrete
-79,0,-139,avenue,minecraft:gray_concrete
-78,0,-139,avenue,minecraft:gray_concrete
-77,0,-139,avenue,minecraft:gray_concrete
-76,0,-139,avenue,minecraft:gray_concrete
-75,0,-139,avenue,minecraft:gray_concrete
-74,0,-139,avenue,minecraft:gray_concrete
-73,0,-139,avenue,minecraft:gray_concrete
-72,0,-139,avenue,minecraft:gray_concrete
-71,0,-139,alley,minecraft:polished_andesite
-70,0,-139,alley,minecraft:polished_andesite
-69,0,-139,alley,minecraft:polished_andesite
-68,0,-139,alley,minecraft:polished_andesite
-67,0,-139,avenue,minecraft:gray_concrete
-66,0,-139,avenue,minecraft:gray_concrete
-65,0,-139,avenue,minecraft:gray_concrete
-64,0,-139,avenue,minecraft:gray_concrete
-63,0,-139,avenue,minecraft:gray_concrete
-62,0,-139,avenue,minecraft:gray_concrete
-61,0,-139,avenue,minecraft:gray_concrete
-60,0,-139,avenue,minecraft:gray_concrete
-59,0,-139,avenue,minecraft:gray_concrete
-58,0,-139,avenue,minecraft:gray_concrete
-57,0,-139,avenue,minecraft:gray_concrete
-56,0,-139,avenue,minecraft:gray_concrete
-55,0,-139,avenue,minecraft:gray_concrete
-54,0,-139,avenue,minecraft:gray_concrete
-53,0,-139,avenue,minecraft:gray_concrete
-52,0,-139,avenue,minecraft:gray_concrete
-51,0,-139,avenue,minecraft:gray_concrete
-50,0,-139,avenue,minecraft:gray_concrete
-49,0,-139,avenue,minecraft:gray_concrete
-48,0,-139,avenue,minecraft:gray_concrete
-47,0,-139,avenue,minecraft:gray_concrete
-46,0,-139,avenue,minecraft:gray_concrete
-45,0,-139,avenue,minecraft:gray_concrete
-44,0,-139,avenue,minecraft:gray_concrete
-43,0,-139,avenue,minecraft:gray_concrete
-42,0,-139,avenue,minecraft:gray_concrete
-41,0,-139,avenue,minecraft:gray_concrete
-40,0,-139,avenue,minecraft:gray_concrete
-39,0,-139,avenue,minecraft:gray_concrete
-38,0,-139,avenue,minecraft:gray_concrete
-37,0,-139,avenue,minecraft:gray_concrete
-36,0,-139,avenue,minecraft:gray_concrete
-35,0,-139,avenue,minecraft:gray_concrete
-34,0,-139,avenue,minecraft:gray_concrete
-33,0,-139,avenue,minecraft:gray_concrete
-32,0,-139,avenue,minecraft:gray_concrete
-31,0,-139,avenue,minecraft:gray_concrete
-30,0,-139,avenue,minecraft:gray_concrete
-29,0,-139,avenue,minecraft:gray_concrete
-28,0,-139,avenue,minecraft:gray_concrete
-27,0,-139,avenue,minecraft:gray_concrete
-26,0,-139,avenue,minecraft:gray_concrete
-25,0,-139,avenue,minecraft:gray_concrete
-24,0,-139,avenue,minecraft:gray_concrete
-23,0,-139,avenue,minecraft:gray_concrete
-22,0,-139,avenue,minecraft:gray_concrete
-21,0,-139,avenue,minecraft:gray_concrete
-20,0,-139,avenue,minecraft:gray_concrete
-19,0,-139,avenue,minecraft:gray_concrete
-18,0,-139,avenue,minecraft:gray_concrete
-17,0,-139,avenue,minecraft:gray_concrete
-16,0,-139,crossing,minecraft:white_concrete
-15,0,-139,crossing,minecraft:white_concrete
-14,0,-139,crossing,minecraft:white_concrete
-13,0,-139,avenue,minecraft:gray_concrete
-12,0,-139,avenue,minecraft:gray_concrete
-11,0,-139,avenue,minecraft:gray_concrete
-10,0,-139,avenue,minecraft:gray_concrete
-9,0,-139,avenue,minecraft:gray_concrete
-8,0,-139,avenue,minecraft:gray_concrete
-7,0,-139,avenue,minecraft:gray_concrete
-6,0,-139,avenue,minecraft:gray_concrete
-5,0,-139,avenue,minecraft:gray_concrete
-4,0,-139,avenue,minecraft:gray_concrete
-3,0,-139,avenue,minecraft:gray_concrete
-2,0,-139,avenue,minecraft:gray_concrete
-1,0,-139,avenue,minecraft:gray_concrete
0,0,-139,avenue,minecraft:gray_concrete
1,0,-139,avenue,minecraft:gray_concrete
2,0,-139,avenue,minecraft:gray_concrete
3,0,-139,avenue,minecraft:gray_concrete
4,0,-139,avenue,minecraft:gray_concrete
5,0,-139,avenue,minecraft:gray_concrete
6,0,-139,avenue,minecraft:gray_concrete
7,0,-139,avenue,minecraft:gray_concrete
8,0,-139,avenue,minecraft:gray_concrete
9,0,-139,avenue,minecraft:gray_concrete
10,0,-139,avenue,minecraft:gray_concrete
11,0,-139,avenue,minecraft:gray_concrete
12,0,-139,avenue,minecraft:gray_concrete
13,0,-139,crossing,minecraft:white_concrete
14,0,-139,crossing,minecraft:white_concrete
15,0,-139,crossing,minecraft:white_concrete
16,0,-139,avenue,minecraft:gray_concrete
17,0,-139,avenue,minecraft:gray_concrete
18,0,-139,avenue,minecraft:gray_concrete
19,0,-139,avenue,minecraft:gray_concrete
20,0,-139,avenue,minecraft:gray_concrete
21,0,-139,avenue,minecraft:gray_concrete
22,0,-139,avenue,minecraft:gray_concrete
23,0,-139,avenue,minecraft:gray_concrete
24,0,-139,avenue,minecraft:gray_concrete
25,0,-139,avenue,minecraft:gray_concrete
26,0,-139,avenue,minecraft:gray_concrete
27,0,-139,avenue,minecraft:gray_concrete
28,0,-139,avenue,minecraft:gray_concrete
29,0,-139,avenue,minecraft:gray_concrete
30,0,-139,avenue,minecraft:gray_concrete
31,0,-139,avenue,minecraft:gray_concrete
32,0,-139,avenue,minecraft:gray_concrete
33,0,-139,avenue,minecraft:gray_concrete
34,0,-139,avenue,minecraft:gray_concrete
35,0,-139,avenue,minecraft:gray_concrete
36,0,-139,avenue,minecraft:gray_concrete
37,0,-139,avenue,minecraft:gray_concrete
38,0,-139,avenue,minecraft:gray_concrete
39,0,-139,avenue,minecraft:gray_concrete
40,0,-139,avenue,minecraft:gray_concrete
41,0,-139,avenue,minecraft:gray_concrete
42,0,-139,avenue,minecraft:gray_concrete
43,0,-139,avenue,minecraft:gray_concrete
44,0,-139,avenue,minecraft:gray_concrete
45,0,-139,avenue,minecraft:gray_concrete
46,0,-139,avenue,minecraft:gray_concrete
47,0,-139,avenue,minecraft:gray_concrete
48,0,-139,avenue,minecraft:gray_concrete
49,0,-139,avenue,minecraft:gray_concrete
50,0,-139,avenue,minecraft:gray_concrete
51,0,-139,avenue,minecraft:gray_concrete
52,0,-139,avenue,minecraft:gray_concrete
53,0,-139,avenue,minecraft:gray_concrete
54,0,-139,avenue,minecraft:gray_concrete
55,0,-139,avenue,minecraft:gray_concrete
56,0,-139,avenue,minecraft:gray_concrete
57,0,-139,avenue,minecraft:gray_concrete
58,0,-139,avenue,minecraft:gray_concrete
59,0,-139,avenue,minecraft:gray_concrete
60,0,-139,avenue,minecraft:gray_concrete
61,0,-139,avenue,minecraft:gray_concrete
62,0,-139,avenue,minecraft:gray_concrete
63,0,-139,avenue,minecraft:gray_concrete
64,0,-139,avenue,minecraft:gray_concrete
65,0,-139,avenue,minecraft:gray_concrete
66,0,-139,avenue,minecraft:gray_concrete
67,0,-139,alley,minecraft:polished_andesite
68,0,-139,alley,minecraft:polished_andesite
69,0,-139,alley,minecraft:polished_andesite
70,0,-139,alley,minecraft:polished_andesite
71,0,-139,avenue,minecraft:gray_concrete
72,0,-139,avenue,minecraft:gray_concrete
73,0,-139,avenue,minecraft:gray_concrete
74,0,-139,avenue,minecraft:gray_concrete
75,0,-139,avenue,minecraft:gray_concrete
76,0,-139,avenue,minecraft:gray_concrete
77,0,-139,avenue,minecraft:gray_concrete
78,0,-139,avenue,minecraft:gray_concrete
79,0,-139,avenue,minecraft:gray_concrete
80,0,-139,avenue,minecraft:gray_concrete
81,0,-139,avenue,minecraft:gray_concrete
-81,0,-138,avenue,minecraft:gray_concrete
-80,0,-138,avenue,minecraft:gray_concrete
-79,0,-138,avenue,minecraft:gray_concrete
-78,0,-138,avenue,minecraft:gray_concrete
-77,0,-138,avenue,minecraft:gray_concrete
-76,0,-138,avenue,minecraft:gray_concrete
-75,0,-138,avenue,minecraft:gray_concrete
-74,0,-138,avenue,minecraft:gray_concrete
-73,0,-138,avenue,minecraft:gray_concrete
-72,0,-138,avenue,minecraft:gray_concrete
-71,0,-138,alley,minecraft:polished_andesite
-70,0,-138,alley,minecraft:polished_andesite
-69,0,-138,alley,minecraft:polished_andesite
-68,0,-138,alley,minecraft:polished_andesite
-67,0,-138,avenue,minecraft:gray_concrete
-66,0,-138,avenue,minecraft:gray_concrete
-65,0,-138,avenue,minecraft:gray_concrete
-64,0,-138,avenue,minecraft:gray_concrete
-63,0,-138,avenue,minecraft:gray_concrete
-62,0,-138,avenue,minecraft:gray_concrete
-61,0,-138,avenue,minecraft:gray_concrete
-60,0,-138,avenue,minecraft:gray_concrete
-59,0,-138,avenue,minecraft:gray_concrete
-58,0,-138,avenue,minecraft:gray_concrete
-57,0,-138,avenue,minecraft:gray_concrete
-56,0,-138,avenue,minecraft:gray_concrete
-55,0,-138,avenue,minecraft:gray_concrete
-54,0,-138,avenue,minecraft:gray_concrete
-53,0,-138,avenue,minecraft:gray_concrete
-52,0,-138,avenue,minecraft:gray_concrete
-51,0,-138,avenue,minecraft:gray_concrete
-50,0,-138,avenue,minecraft:gray_concrete
-49,0,-138,avenue,minecraft:gray_concrete
-48,0,-138,avenue,minecraft:gray_concrete
-47,0,-138,avenue,minecraft:gray_concrete
-46,0,-138,avenue,minecraft:gray_concrete
-45,0,-138,avenue,minecraft:gray_concrete
-44,0,-138,avenue,minecraft:gray_concrete
-43,0,-138,avenue,minecraft:gray_concrete
-42,0,-138,avenue,minecraft:gray_concrete
-41,0,-138,avenue,minecraft:gray_concrete
-40,0,-138,avenue,minecraft:gray_concrete
-39,0,-138,avenue,minecraft:gray_concrete
-38,0,-138,avenue,minecraft:gray_concrete
-37,0,-138,avenue,minecraft:gray_concrete
-36,0,-138,avenue,minecraft:gray_concrete
-35,0,-138,avenue,minecraft:gray_concrete
-34,0,-138,avenue,minecraft:gray_concrete
-33,0,-138,avenue,minecraft:gray_concrete
-32,0,-138,avenue,minecraft:gray_concrete
-31,0,-138,avenue,minecraft:gray_concrete
-30,0,-138,avenue,minecraft:gray_concrete
-29,0,-138,avenue,minecraft:gray_concrete
-28,0,-138,avenue,minecraft:gray_concrete
-27,0,-138,avenue,minecraft:gray_concrete
-26,0,-138,avenue,minecraft:gray_concrete
-25,0,-138,avenue,minecraft:gray_concrete
-24,0,-138,avenue,minecraft:gray_concrete
-23,0,-138,avenue,minecraft:gray_concrete
-22,0,-138,avenue,minecraft:gray_concrete
-21,0,-138,avenue,minecraft:gray_concrete
-20,0,-138,avenue,minecraft:gray_concrete
-19,0,-138,avenue,minecraft:gray_concrete
-18,0,-138,avenue,minecraft:gray_concrete
-17,0,-138,avenue,minecraft:gray_concrete
-16,0,-138,crossing,minecraft:white_concrete
-15,0,-138,crossing,minecraft:white_concrete
-14,0,-138,crossing,minecraft:white_concrete
-13,0,-138,avenue,minecraft:gray_concrete
-12,0,-138,avenue,minecraft:gray_concrete
-11,0,-138,avenue,minecraft:gray_concrete
-10,0,-138,avenue,minecraft:gray_concrete
-9,0,-138,avenue,minecraft:gray_concrete
-8,0,-138,avenue,minecraft:gray_concrete
-7,0,-138,avenue,minecraft:gray_concrete
-6,0,-138,avenue,minecraft:gray_concrete
-5,0,-138,avenue,minecraft:gray_concrete
-4,0,-138,avenue,minecraft:gray_concrete
-3,0,-138,avenue,minecraft:gray_concrete
-2,0,-138,avenue,minecraft:gray_concrete
-1,0,-138,avenue,minecraft:gray_concrete
0,0,-138,avenue,minecraft:gray_concrete
1,0,-138,avenue,minecraft:gray_concrete
2,0,-138,avenue,minecraft:gray_concrete
3,0,-138,avenue,minecraft:gray_concrete
4,0,-138,avenue,minecraft:gray_concrete
5,0,-138,avenue,minecraft:gray_concrete
6,0,-138,avenue,minecraft:gray_concrete
7,0,-138,avenue,minecraft:gray_concrete
8,0,-138,avenue,minecraft:gray_concrete
9,0,-138,avenue,minecraft:gray_concrete
10,0,-138,avenue,minecraft:gray_concrete
11,0,-138,avenue,minecraft:gray_concrete
12,0,-138,avenue,minecraft:gray_concrete
13,0,-138,crossing,minecraft:white_concrete
14,0,-138,crossing,minecraft:white_concrete
15,0,-138,crossing,minecraft:white_concrete
16,0,-138,avenue,minecraft:gray_concrete
17,0,-138,avenue,minecraft:gray_concrete
18,0,-138,avenue,minecraft:gray_concrete
19,0,-138,avenue,minecraft:gray_concrete
20,0,-138,avenue,minecraft:gray_concrete
21,0,-138,avenue,minecraft:gray_concrete
22,0,-138,avenue,minecraft:gray_concrete
23,0,-138,avenue,minecraft:gray_concrete
24,0,-138,avenue,minecraft:gray_concrete
25,0,-138,avenue,minecraft:gray_concrete
26,0,-138,avenue,minecraft:gray_concrete
27,0,-138,avenue,minecraft:gray_concrete
28,0,-138,avenue,minecraft:gray_concrete
29,0,-138,avenue,minecraft:gray_concrete
30,0,-138,avenue,minecraft:gray_concrete
31,0,-138,avenue,minecraft:gray_concrete
32,0,-138,avenue,minecraft:gray_concrete
33,0,-138,avenue,minecraft:gray_concrete
34,0,-138,avenue,minecraft:gray_concrete
35,0,-138,avenue,minecraft:gray_concrete
36,0,-138,avenue,minecraft:gray_concrete
37,0,-138,avenue,minecraft:gray_concrete
38,0,-138,avenue,minecraft:gray_concrete
39,0,-138,avenue,minecraft:gray_concrete
40,0,-138,avenue,minecraft:gray_concrete
41,0,-138,avenue,minecraft:gray_concrete
42,0,-138,avenue,minecraft:gray_concrete
43,0,-138,avenue,minecraft:gray_concrete
44,0,-138,avenue,minecraft:gray_concrete
45,0,-138,avenue,minecraft:gray_concrete
46,0,-138,avenue,minecraft:gray_concrete
47,0,-138,avenue,minecraft:gray_concrete
48,0,-138,avenue,minecraft:gray_concrete
49,0,-138,avenue,minecraft:gray_concrete
50,0,-138,avenue,minecraft:gray_concrete
51,0,-138,avenue,minecraft:gray_concrete
52,0,-138,avenue,minecraft:gray_concrete
53,0,-138,avenue,minecraft:gray_concrete
54,0,-138,avenue,minecraft:gray_concrete
55,0,-138,avenue,minecraft:gray_concrete
56,0,-138,avenue,minecraft:gray_concrete
57,0,-138,avenue,minecraft:gray_concrete
58,0,-138,avenue,minecraft:gray_concrete
59,0,-138,avenue,minecraft:gray_concrete
60,0,-138,avenue,minecraft:gray_concrete
61,0,-138,avenue,minecraft:gray_concrete
62,0,-138,avenue,minecraft:gray_concrete
63,0,-138,avenue,minecraft:gray_concrete
64,0,-138,avenue,minecraft:gray_concrete
65,0,-138,avenue,minecraft:gray_concrete
66,0,-138,avenue,minecraft:gray_concrete
67,0,-138,alley,minecraft:polished_andesite
68,0,-138,alley,minecraft:polished_andesite
69,0,-138,alley,minecraft:polished_andesite
70,0,-138,alley,minecraft:polished_andesite
71,0,-138,avenue,minecraft:gray_concrete
72,0,-138,avenue,minecraft:gray_concrete
73,0,-138,avenue,minecraft:gray_concrete
74,0,-138,avenue,minecraft:gray_concrete
75,0,-138,avenue,minecraft:gray_concrete
76,0,-138,avenue,minecraft:gray_concrete
77,0,-138,avenue,minecraft:gray_concrete
78,0,-138,avenue,minecraft:gray_concrete
79,0,-138,avenue,minecraft:gray_concrete
80,0,-138,avenue,minecraft:gray_concrete
81,0,-138,avenue,minecraft:gray_concrete
-81,0,-137,avenue,minecraft:gray_concrete
-80,0,-137,avenue,minecraft:gray_concrete
-79,0,-137,avenue,minecraft:gray_concrete
-78,0,-137,avenue,minecraft:gray_concrete
-77,0,-137,avenue,minecraft:gray_concrete
-76,0,-137,avenue,minecraft:gray_concrete
-75,0,-137,avenue,minecraft:gray_concrete
-74,0,-137,avenue,minecraft:gray_concrete
-73,0,-137,avenue,minecraft:gray_concrete
-72,0,-137,avenue,minecraft:gray_concrete
-71,0,-137,alley,minecraft:polished_andesite
-70,0,-137,alley,minecraft:polished_andesite
-69,0,-137,alley,minecraft:polished_andesite
-68,0,-137,alley,minecraft:polished_andesite
-67,0,-137,avenue,minecraft:gray_concrete
-66,0,-137,avenue,minecraft:gray_concrete
-65,0,-137,avenue,minecraft:gray_concrete
-64,0,-137,avenue,minecraft:gray_concrete
-63,0,-137,avenue,minecraft:gray_concrete
-62,0,-137,avenue,minecraft:gray_concrete
-61,0,-137,avenue,minecraft:gray_concrete
-60,0,-137,avenue,minecraft:gray_concrete
-59,0,-137,avenue,minecraft:gray_concrete
-58,0,-137,avenue,minecraft:gray_concrete
-57,0,-137,avenue,minecraft:gray_concrete
-56,0,-137,avenue,minecraft:gray_concrete
-55,0,-137,avenue,minecraft:gray_concrete
-54,0,-137,avenue,minecraft:gray_concrete
-53,0,-137,avenue,minecraft:gray_concrete
-52,0,-137,avenue,minecraft:gray_concrete
-51,0,-137,avenue,minecraft:gray_concrete
-50,0,-137,avenue,minecraft:gray_concrete
-49,0,-137,avenue,minecraft:gray_concrete
-48,0,-137,avenue,minecraft:gray_concrete
-47,0,-137,avenue,minecraft:gray_concrete
-46,0,-137,avenue,minecraft:gray_concrete
-45,0,-137,avenue,minecraft:gray_concrete
-44,0,-137,avenue,minecraft:gray_concrete
-43,0,-137,avenue,minecraft:gray_concrete
-42,0,-137,avenue,minecraft:gray_concrete
-41,0,-137,avenue,minecraft:gray_concrete
-40,0,-137,avenue,minecraft:gray_concrete
-39,0,-137,avenue,minecraft:gray_concrete
-38,0,-137,avenue,minecraft:gray_concrete
-37,0,-137,avenue,minecraft:gray_concrete
-36,0,-137,avenue,minecraft:gray_concrete
-35,0,-137,avenue,minecraft:gray_concrete
-34,0,-137,avenue,minecraft:gray_concrete
-33,0,-137,avenue,minecraft:gray_concrete
-32,0,-137,avenue,minecraft:gray_concrete
-31,0,-137,avenue,minecraft:gray_concrete
-30,0,-137,avenue,minecraft:gray_concrete
-29,0,-137,avenue,minecraft:gray_concrete
-28,0,-137,avenue,minecraft:gray_concrete
-27,0,-137,avenue,minecraft:gray_concrete
-26,0,-137,avenue,minecraft:gray_concrete
-25,0,-137,avenue,minecraft:gray_concrete
-24,0,-137,avenue,minecraft:gray_concrete
-23,0,-137,avenue,minecraft:gray_concrete
-22,0,-137,avenue,minecraft:gray_concrete
-21,0,-137,avenue,minecraft:gray_concrete
-20,0,-137,avenue,minecraft:gray_concrete
-19,0,-137,avenue,minecraft:gray_concrete
-18,0,-137,avenue,minecraft:gray_concrete
-17,0,-137,avenue,minecraft:gray_concrete
-16,0,-137,crossing,minecraft:white_concrete
-15,0,-137,crossing,minecraft:white_concrete
-14,0,-137,crossing,minecraft:white_concrete
-13,0,-137,avenue,minecraft:gray_concrete
-12,0,-137,avenue,minecraft:gray_concrete
-11,0,-137,avenue,minecraft:gray_concrete
-10,0,-137,avenue,minecraft:gray_concrete
-9,0,-137,avenue,minecraft:gray_concrete
-8,0,-137,avenue,minecraft:gray_concrete
-7,0,-137,avenue,minecraft:gray_concrete
-6,0,-137,avenue,minecraft:gray_concrete
-5,0,-137,avenue,minecraft:gray_concrete
-4,0,-137,avenue,minecraft:gray_concrete
-3,0,-137,avenue,minecraft:gray_concrete
-2,0,-137,avenue,minecraft:gray_concrete
-1,0,-137,avenue,minecraft:gray_concrete
0,0,-137,avenue,minecraft:gray_concrete
1,0,-137,avenue,minecraft:gray_concrete
2,0,-137,avenue,minecraft:gray_concrete
3,0,-137,avenue,minecraft:gray_concrete
4,0,-137,avenue,minecraft:gray_concrete
5,0,-137,avenue,minecraft:gray_concrete
6,0,-137,avenue,minecraft:gray_concrete
7,0,-137,avenue,minecraft:gray_concrete
8,0,-137,avenue,minecraft:gray_concrete
9,0,-137,avenue,minecraft:gray_concrete
10,0,-137,avenue,minecraft:gray_concrete
11,0,-137,avenue,minecraft:gray_concrete
12,0,-137,avenue,minecraft:gray_concrete
13,0,-137,crossing,minecraft:white_concrete
14,0,-137,crossing,minecraft:white_concrete
15,0,-137,crossing,minecraft:white_concrete
16,0,-137,avenue,minecraft:gray_concrete
17,0,-137,avenue,minecraft:gray_concrete
18,0,-137,avenue,minecraft:gray_concrete
19,0,-137,avenue,minecraft:gray_concrete
20,0,-137,avenue,minecraft:gray_concrete
21,0,-137,avenue,minecraft:gray_concrete
22,0,-137,avenue,minecraft:gray_concrete
23,0,-137,avenue,minecraft:gray_concrete
24,0,-137,avenue,minecraft:gray_concrete
25,0,-137,avenue,minecraft:gray_concrete
26,0,-137,avenue,minecraft:gray_concrete
27,0,-137,avenue,minecraft:gray_concrete
28,0,-137,avenue,minecraft:gray_concrete
29,0,-137,avenue,minecraft:gray_concrete
30,0,-137,avenue,minecraft:gray_concrete
31,0,-137,avenue,minecraft:gray_concrete
32,0,-137,avenue,minecraft:gray_concrete
33,0,-137,avenue,minecraft:gray_concrete
34,0,-137,avenue,minecraft:gray_concrete
35,0,-137,avenue,minecraft:gray_concrete
36,0,-137,avenue,minecraft:gray_concrete
37,0,-137,avenue,minecraft:gray_concrete
38,0,-137,avenue,minecraft:gray_concrete
39,0,-137,avenue,minecraft:gray_concrete
40,0,-137,avenue,minecraft:gray_concrete
41,0,-137,avenue,minecraft:gray_concrete
42,0,-137,avenue,minecraft:gray_concrete
43,0,-137,avenue,minecraft:gray_concrete
44,0,-137,avenue,minecraft:gray_concrete
45,0,-137,avenue,minecraft:gray_concrete
46,0,-137,avenue,minecraft:gray_concrete
47,0,-137,avenue,minecraft:gray_concrete
48,0,-137,avenue,minecraft:gray_concrete
49,0,-137,avenue,minecraft:gray_concrete
50,0,-137,avenue,minecraft:gray_concrete
51,0,-137,avenue,minecraft:gray_concrete
52,0,-137,avenue,minecraft:gray_concrete
53,0,-137,avenue,minecraft:gray_concrete
54,0,-137,avenue,minecraft:gray_concrete
55,0,-137,avenue,minecraft:gray_concrete
56,0,-137,avenue,minecraft:gray_concrete
57,0,-137,avenue,minecraft:gray_concrete
58,0,-137,avenue,minecraft:gray_concrete
59,0,-137,avenue,minecraft:gray_concrete
60,0,-137,avenue,minecraft:gray_concrete
61,0,-137,avenue,minecraft:gray_concrete
62,0,-137,avenue,minecraft:gray_concrete
63,0,-137,avenue,minecraft:gray_concrete
64,0,-137,avenue,minecraft:gray_concrete
65,0,-137,avenue,minecraft:gray_concrete
66,0,-137,avenue,minecraft:gray_concrete
67,0,-137,alley,minecraft:polished_andesite
68,0,-137,alley,minecraft:polished_andesite
69,0,-137,alley,minecraft:polished_andesite
70,0,-137,alley,minecraft:polished_andesite
71,0,-137,avenue,minecraft:gray_concrete
72,0,-137,avenue,minecraft:gray_concrete
73,0,-137,avenue,minecraft:gray_concrete
74,0,-137,avenue,minecraft:gray_concrete
75,0,-137,avenue,minecraft:gray_concrete
76,0,-137,avenue,minecraft:gray_concrete
77,0,-137,avenue,minecraft:gray_concrete
78,0,-137,avenue,minecraft:gray_concrete
79,0,-137,avenue,minecraft:gray_concrete
80,0,-137,avenue,minecraft:gray_concrete
81,0,-137,avenue,minecraft:gray_concrete
-81,0,-136,avenue,minecraft:gray_concrete
-80,0,-136,avenue,minecraft:gray_concrete
-79,0,-136,avenue,minecraft:gray_concrete
-78,0,-136,avenue,minecraft:gray_concrete
-77,0,-136,avenue,minecraft:gray_concrete
-76,0,-136,avenue,minecraft:gray_concrete
-75,0,-136,avenue,minecraft:gray_concrete
-74,0,-136,avenue,minecraft:gray_concrete
-73,0,-136,avenue,minecraft:gray_concrete
-72,0,-136,avenue,minecraft:gray_concrete
-71,0,-136,alley,minecraft:polished_andesite
-70,0,-136,alley,minecraft:polished_andesite
-69,0,-136,alley,minecraft:polished_andesite
-68,0,-136,alley,minecraft:polished_andesite
-67,0,-136,avenue,minecraft:gray_concrete
-66,0,-136,avenue,minecraft:gray_concrete
-65,0,-136,avenue,minecraft:gray_concrete
-64,0,-136,avenue,minecraft:gray_concrete
-63,0,-136,avenue,minecraft:gray_concrete
-62,0,-136,avenue,minecraft:gray_concrete
-61,0,-136,avenue,minecraft:gray_concrete
-60,0,-136,avenue,minecraft:gray_concrete
-59,0,-136,avenue,minecraft:gray_concrete
-58,0,-136,avenue,minecraft:gray_concrete
-57,0,-136,avenue,minecraft:gray_concrete
-56,0,-136,avenue,minecraft:gray_concrete
-55,0,-136,avenue,minecraft:gray_concrete
-54,0,-136,avenue,minecraft:gray_concrete
-53,0,-136,avenue,minecraft:gray_concrete
-52,0,-136,avenue,minecraft:gray_concrete
-51,0,-136,avenue,minecraft:gray_concrete
-50,0,-136,avenue,minecraft:gray_concrete
-49,0,-136,avenue,minecraft:gray_concrete
-48,0,-136,avenue,minecraft:gray_concrete
-47,0,-136,avenue,minecraft:gray_concrete
-46,0,-136,avenue,minecraft:gray_concrete
-45,0,-136,avenue,minecraft:gray_concrete
-44,0,-136,avenue,minecraft:gray_concrete
-43,0,-136,avenue,minecraft:gray_concrete
-42,0,-136,avenue,minecraft:gray_concrete
-41,0,-136,avenue,minecraft:gray_concrete
-40,0,-136,avenue,minecraft:gray_concrete
-39,0,-136,avenue,minecraft:gray_concrete
-38,0,-136,avenue,minecraft:gray_concrete
-37,0,-136,avenue,minecraft:gray_concrete
-36,0,-136,avenue,minecraft:gray_concrete
-35,0,-136,avenue,minecraft:gray_concrete
-34,0,-136,avenue,minecraft:gray_concrete
-33,0,-136,avenue,minecraft:gray_concrete
-32,0,-136,avenue,minecraft:gray_concrete
-31,0,-136,avenue,minecraft:gray_concrete
-30,0,-136,avenue,minecraft:gray_concrete
-29,0,-136,avenue,minecraft:gray_concrete
-28,0,-136,avenue,minecraft:gray_concrete
-27,0,-136,avenue,minecraft:gray_concrete
-26,0,-136,avenue,minecraft:gray_concrete
-25,0,-136,avenue,minecraft:gray_concrete
-24,0,-136,avenue,minecraft:gray_concrete
-23,0,-136,avenue,minecraft:gray_concrete
-22,0,-136,avenue,minecraft:gray_concrete
-21,0,-136,avenue,minecraft:gray_concrete
-20,0,-136,avenue,minecraft:gray_concrete
-19,0,-136,avenue,minecraft:gray_concrete
-18,0,-136,avenue,minecraft:gray_concrete
-17,0,-136,avenue,minecraft:gray_concrete
-16,0,-136,crossing,minecraft:white_concrete
-15,0,-136,crossing,minecraft:white_concrete
-14,0,-136,crossing,minecraft:white_concrete
-13,0,-136,avenue,minecraft:gray_concrete
-12,0,-136,avenue,minecraft:gray_concrete
-11,0,-136,avenue,minecraft:gray_concrete
-10,0,-136,avenue,minecraft:gray_concrete
-9,0,-136,avenue,minecraft:gray_concrete
-8,0,-136,avenue,minecraft:gray_concrete
-7,0,-136,avenue,minecraft:gray_concrete
-6,0,-136,avenue,minecraft:gray_concrete
-5,0,-136,avenue,minecraft:gray_concrete
-4,0,-136,avenue,minecraft:gray_concrete
-3,0,-136,avenue,minecraft:gray_concrete
-2,0,-136,avenue,minecraft:gray_concrete
-1,0,-136,avenue,minecraft:gray_concrete
0,0,-136,avenue,minecraft:gray_concrete
1,0,-136,avenue,minecraft:gray_concrete
2,0,-136,avenue,minecraft:gray_concrete
3,0,-136,avenue,minecraft:gray_concrete
4,0,-136,avenue,minecraft:gray_concrete
5,0,-136,avenue,minecraft:gray_concrete
6,0,-136,avenue,minecraft:gray_concrete
7,0,-136,avenue,minecraft:gray_concrete
8,0,-136,avenue,minecraft:gray_concrete
9,0,-136,avenue,minecraft:gray_concrete
10,0,-136,avenue,minecraft:gray_concrete
11,0,-136,avenue,minecraft:gray_concrete
12,0,-136,avenue,minecraft:gray_concrete
13,0,-136,crossing,minecraft:white_concrete
14,0,-136,crossing,minecraft:white_concrete
15,0,-136,crossing,minecraft:white_concrete
16,0,-136,avenue,minecraft:gray_concrete
17,0,-136,avenue,minecraft:gray_concrete
18,0,-136,avenue,minecraft:gray_concrete
19,0,-136,avenue,minecraft:gray_concrete
20,0,-136,avenue,minecraft:gray_concrete
21,0,-136,avenue,minecraft:gray_concrete
22,0,-136,avenue,minecraft:gray_concrete
23,0,-136,avenue,minecraft:gray_concrete
24,0,-136,avenue,minecraft:gray_concrete
25,0,-136,avenue,minecraft:gray_concrete
26,0,-136,avenue,minecraft:gray_concrete
27,0,-136,avenue,minecraft:gray_concrete
28,0,-136,avenue,minecraft:gray_concrete
29,0,-136,avenue,minecraft:gray_concrete
30,0,-136,avenue,minecraft:gray_concrete
31,0,-136,avenue,minecraft:gray_concrete
32,0,-136,avenue,minecraft:gray_concrete
33,0,-136,avenue,minecraft:gray_concrete
34,0,-136,avenue,minecraft:gray_concrete
35,0,-136,avenue,minecraft:gray_concrete
36,0,-136,avenue,minecraft:gray_concrete
37,0,-136,avenue,minecraft:gray_concrete
38,0,-136,avenue,minecraft:gray_concrete
39,0,-136,avenue,minecraft:gray_concrete
40,0,-136,avenue,minecraft:gray_concrete
41,0,-136,avenue,minecraft:gray_concrete
42,0,-136,avenue,minecraft:gray_concrete
43,0,-136,avenue,minecraft:gray_concrete
44,0,-136,avenue,minecraft:gray_concrete
45,0,-136,avenue,minecraft:gray_concrete
46,0,-136,avenue,minecraft:gray_concrete
47,0,-136,avenue,minecraft:gray_concrete
48,0,-136,avenue,minecraft:gray_concrete
49,0,-136,avenue,minecraft:gray_concrete
50,0,-136,avenue,minecraft:gray_concrete
51,0,-136,avenue,minecraft:gray_concrete
52,0,-136,avenue,minecraft:gray_concrete
53,0,-136,avenue,minecraft:gray_concrete
54,0,-136,avenue,minecraft:gray_concrete
55,0,-136,avenue,minecraft:gray_concrete
56,0,-136,avenue,minecraft:gray_concrete
57,0,-136,avenue,minecraft:gray_concrete
58,0,-136,avenue,minecraft:gray_concrete
59,0,-136,avenue,minecraft:gray_concrete
60,0,-136,avenue,minecraft:gray_concrete
61,0,-136,avenue,minecraft:gray_concrete
62,0,-136,avenue,minecraft:gray_concrete
63,0,-136,avenue,minecraft:gray_concrete
64,0,-136,avenue,minecraft:gray_concrete
65,0,-136,avenue,minecraft:gray_concrete
66,0,-136,avenue,minecraft:gray_concrete
67,0,-136,alley,minecraft:polished_andesite
68,0,-136,alley,minecraft:polished_andesite
69,0,-136,alley,minecraft:polished_andesite
70,0,-136,alley,minecraft:polished_andesite
71,0,-136,avenue,minecraft:gray_concrete
72,0,-136,avenue,minecraft:gray_concrete
73,0,-136,avenue,minecraft:gray_concrete
74,0,-136,avenue,minecraft:gray_concrete
75,0,-136,avenue,minecraft:gray_concrete
76,0,-136,avenue,minecraft:gray_concrete
77,0,-136,avenue,minecraft:gray_concrete
78,0,-136,avenue,minecraft:gray_concrete
79,0,-136,avenue,minecraft:gray_concrete
80,0,-136,avenue,minecraft:gray_concrete
81,0,-136,avenue,minecraft:gray_concrete
-81,0,-135,avenue,minecraft:gray_concrete
-80,0,-135,avenue,minecraft:gray_concrete
-79,0,-135,avenue,minecraft:gray_concrete
-78,0,-135,avenue,minecraft:gray_concrete
-77,0,-135,avenue,minecraft:gray_concrete
-76,0,-135,avenue,minecraft:gray_concrete
-75,0,-135,avenue,minecraft:gray_concrete
-74,0,-135,avenue,minecraft:gray_concrete
-73,0,-135,avenue,minecraft:gray_concrete
-72,0,-135,avenue,minecraft:gray_concrete
-71,0,-135,alley,minecraft:polished_andesite
-70,0,-135,alley,minecraft:polished_andesite
-69,0,-135,alley,minecraft:polished_andesite
-68,0,-135,alley,minecraft:polished_andesite
-67,0,-135,avenue,minecraft:gray_concrete
-66,0,-135,avenue,minecraft:gray_concrete
-65,0,-135,avenue,minecraft:gray_concrete
-64,0,-135,avenue,minecraft:gray_concrete
-63,0,-135,avenue,minecraft:gray_concrete
-62,0,-135,avenue,minecraft:gray_concrete
-61,0,-135,avenue,minecraft:gray_concrete
-60,0,-135,avenue,minecraft:gray_concrete
-59,0,-135,avenue,minecraft:gray_concrete
-58,0,-135,avenue,minecraft:gray_concrete
-57,0,-135,avenue,minecraft:gray_concrete
-56,0,-135,avenue,minecraft:gray_concrete
-55,0,-135,avenue,minecraft:gray_concrete
-54,0,-135,avenue,minecraft:gray_concrete
-53,0,-135,avenue,minecraft:gray_concrete
-52,0,-135,avenue,minecraft:gray_concrete
-51,0,-135,avenue,minecraft:gray_concrete
-50,0,-135,avenue,minecraft:gray_concrete
-49,0,-135,avenue,minecraft:gray_concrete
-48,0,-135,avenue,minecraft:gray_concrete
-47,0,-135,avenue,minecraft:gray_concrete
-46,0,-135,avenue,minecraft:gray_concrete
-45,0,-135,avenue,minecraft:gray_concrete
-44,0,-135,avenue,minecraft:gray_concrete
-43,0,-135,avenue,minecraft:gray_concrete
-42,0,-135,avenue,minecraft:gray_concrete
-41,0,-135,avenue,minecraft:gray_concrete
-40,0,-135,avenue,minecraft:gray_concrete
-39,0,-135,avenue,minecraft:gray_concrete
-38,0,-135,avenue,minecraft:gray_concrete
-37,0,-135,avenue,minecraft:gray_concrete
-36,0,-135,avenue,minecraft:gray_concrete
-35,0,-135,avenue,minecraft:gray_concrete
-34,0,-135,avenue,minecraft:gray_concrete
-33,0,-135,avenue,minecraft:gray_concrete
-32,0,-135,avenue,minecraft:gray_concrete
-31,0,-135,avenue,minecraft:gray_concrete
-30,0,-135,avenue,minecraft:gray_concrete
-29,0,-135,avenue,minecraft:gray_concrete
-28,0,-135,avenue,minecraft:gray_concrete
-27,0,-135,avenue,minecraft:gray_concrete
-26,0,-135,avenue,minecraft:gray_concrete
-25,0,-135,avenue,minecraft:gray_concrete
-24,0,-135,avenue,minecraft:gray_concrete
-23,0,-135,avenue,minecraft:gray_concrete
-22,0,-135,avenue,minecraft:gray_concrete
-21,0,-135,avenue,minecraft:gray_concrete
-20,0,-135,avenue,minecraft:gray_concrete
-19,0,-135,avenue,minecraft:gray_concrete
-18,0,-135,avenue,minecraft:gray_concrete
-17,0,-135,avenue,minecraft:gray_concrete
-16,0,-135,crossing,minecraft:white_concrete
-15,0,-135,crossing,minecraft:white_concrete
-14,0,-135,crossing,minecraft:white_concrete
-13,0,-135,avenue,minecraft:gray_concrete
-12,0,-135,avenue,minecraft:gray_concrete
-11,0,-135,avenue,minecraft:gray_concrete
-10,0,-135,avenue,minecraft:gray_concrete
-9,0,-135,avenue,minecraft:gray_concrete
-8,0,-135,avenue,minecraft:gray_concrete
-7,0,-135,avenue,minecraft:gray_concrete
-6,0,-135,avenue,minecraft:gray_concrete
-5,0,-135,avenue,minecraft:gray_concrete
-4,0,-135,avenue,minecraft:gray_concrete
-3,0,-135,avenue,minecraft:gray_concrete
-2,0,-135,avenue,minecraft:gray_concrete
-1,0,-135,avenue,minecraft:gray_concrete
0,0,-135,avenue,minecraft:gray_concrete
1,0,-135,avenue,minecraft:gray_concrete
2,0,-135,avenue,minecraft:gray_concrete
3,0,-135,avenue,minecraft:gray_concrete
4,0,-135,avenue,minecraft:gray_concrete
5,0,-135,avenue,minecraft:gray_concrete
6,0,-135,avenue,minecraft:gray_concrete
7,0,-135,avenue,minecraft:gray_concrete
8,0,-135,avenue,minecraft:gray_concrete
9,0,-135,avenue,minecraft:gray_concrete
10,0,-135,avenue,minecraft:gray_concrete
11,0,-135,avenue,minecraft:gray_concrete
12,0,-135,avenue,minecraft:gray_concrete
13,0,-135,crossing,minecraft:white_concrete
14,0,-135,crossing,minecraft:white_concrete
15,0,-135,crossing,minecraft:white_concrete
16,0,-135,avenue,minecraft:gray_concrete
17,0,-135,avenue,minecraft:gray_concrete
18,0,-135,avenue,minecraft:gray_concrete
19,0,-135,avenue,minecraft:gray_concrete
20,0,-135,avenue,minecraft:gray_concrete
21,0,-135,avenue,minecraft:gray_concrete
22,0,-135,avenue,minecraft:gray_concrete
23,0,-135,avenue,minecraft:gray_concrete
24,0,-135,avenue,minecraft:gray_concrete
25,0,-135,avenue,minecraft:gray_concrete
26,0,-135,avenue,minecraft:gray_concrete
27,0,-135,avenue,minecraft:gray_concrete
28,0,-135,avenue,minecraft:gray_concrete
29,0,-135,avenue,minecraft:gray_concrete
30,0,-135,avenue,minecraft:gray_concrete
31,0,-135,avenue,minecraft:gray_concrete
32,0,-135,avenue,minecraft:gray_concrete
33,0,-135,avenue,minecraft:gray_concrete
34,0,-135,avenue,minecraft:gray_concrete
35,0,-135,avenue,minecraft:gray_concrete
36,0,-135,avenue,minecraft:gray_concrete
37,0,-135,avenue,minecraft:gray_concrete
38,0,-135,avenue,minecraft:gray_concrete
39,0,-135,avenue,minecraft:gray_concrete
40,0,-135,avenue,minecraft:gray_concrete
41,0,-135,avenue,minecraft:gray_concrete
42,0,-135,avenue,minecraft:gray_concrete
43,0,-135,avenue,minecraft:gray_concrete
44,0,-135,avenue,minecraft:gray_concrete
45,0,-135,avenue,minecraft:gray_concrete
46,0,-135,avenue,minecraft:gray_concrete
47,0,-135,avenue,minecraft:gray_concrete
48,0,-135,avenue,minecraft:gray_concrete
49,0,-135,avenue,minecraft:gray_concrete
50,0,-135,avenue,minecraft:gray_concrete
51,0,-135,avenue,minecraft:gray_concrete
52,0,-135,avenue,minecraft:gray_concrete
53,0,-135,avenue,minecraft:gray_concrete
54,0,-135,avenue,minecraft:gray_concrete
55,0,-135,avenue,minecraft:gray_concrete
56,0,-135,avenue,minecraft:gray_concrete
57,0,-135,avenue,minecraft:gray_concrete
58,0,-135,avenue,minecraft:gray_concrete
59,0,-135,avenue,minecraft:gray_concrete
60,0,-135,avenue,minecraft:gray_concrete
61,0,-135,avenue,minecraft:gray_concrete
62,0,-135,avenue,minecraft:gray_concrete
63,0,-135,avenue,minecraft:gray_concrete
64,0,-135,avenue,minecraft:gray_concrete
65,0,-135,avenue,minecraft:gray_concrete
66,0,-135,avenue,minecraft:gray_concrete
67,0,-135,alley,minecraft:polished_andesite
68,0,-135,alley,minecraft:polished_andesite
69,0,-135,alley,minecraft:polished_andesite
70,0,-135,alley,minecraft:polished_andesite
71,0,-135,avenue,minecraft:gray_concrete
72,0,-135,avenue,minecraft:gray_concrete
73,0,-135,avenue,minecraft:gray_concrete
74,0,-135,avenue,minecraft:gray_concrete
75,0,-135,avenue,minecraft:gray_concrete
76,0,-135,avenue,minecraft:gray_concrete
77,0,-135,avenue,minecraft:gray_concrete
78,0,-135,avenue,minecraft:gray_concrete
79,0,-135,avenue,minecraft:gray_concrete
80,0,-135,avenue,minecraft:gray_concrete
81,0,-135,avenue,minecraft:gray_concrete
-81,0,-134,avenue,minecraft:gray_concrete
-80,0,-134,avenue,minecraft:gray_concrete
-79,0,-134,avenue,minecraft:gray_concrete
-78,0,-134,avenue,minecraft:gray_concrete
-77,0,-134,avenue,minecraft:gray_concrete
-76,0,-134,avenue,minecraft:gray_concrete
-75,0,-134,avenue,minecraft:gray_concrete
-74,0,-134,avenue,minecraft:gray_concrete
-73,0,-134,avenue,minecraft:gray_concrete
-72,0,-134,avenue,minecraft:gray_concrete
-71,0,-134,alley,minecraft:polished_andesite
-70,0,-134,alley,minecraft:polished_andesite
-69,0,-134,alley,minecraft:polished_andesite
-68,0,-134,alley,minecraft:polished_andesite
-67,0,-134,avenue,minecraft:gray_concrete
-66,0,-134,avenue,minecraft:gray_concrete
-65,0,-134,avenue,minecraft:gray_concrete
-64,0,-134,avenue,minecraft:gray_concrete
-63,0,-134,avenue,minecraft:gray_concrete
-62,0,-134,avenue,minecraft:gray_concrete
-61,0,-134,avenue,minecraft:gray_concrete
-60,0,-134,avenue,minecraft:gray_concrete
-59,0,-134,avenue,minecraft:gray_concrete
-58,0,-134,avenue,minecraft:gray_concrete
-57,0,-134,avenue,minecraft:gray_concrete
-56,0,-134,avenue,minecraft:gray_concrete
-55,0,-134,avenue,minecraft:gray_concrete
-54,0,-134,avenue,minecraft:gray_concrete
-53,0,-134,avenue,minecraft:gray_concrete
-52,0,-134,avenue,minecraft:gray_concrete
-51,0,-134,avenue,minecraft:gray_concrete
-50,0,-134,avenue,minecraft:gray_concrete
-49,0,-134,avenue,minecraft:gray_concrete
-48,0,-134,avenue,minecraft:gray_concrete
-47,0,-134,avenue,minecraft:gray_concrete
-46,0,-134,avenue,minecraft:gray_concrete
-45,0,-134,avenue,minecraft:gray_concrete
-44,0,-134,avenue,minecraft:gray_concrete
-43,0,-134,avenue,minecraft:gray_concrete
-42,0,-134,avenue,minecraft:gray_concrete
-41,0,-134,avenue,minecraft:gray_concrete
-40,0,-134,avenue,minecraft:gray_concrete
-39,0,-134,avenue,minecraft:gray_concrete
-38,0,-134,avenue,minecraft:gray_concrete
-37,0,-134,avenue,minecraft:gray_concrete
-36,0,-134,avenue,minecraft:gray_concrete
-35,0,-134,avenue,minecraft:gray_concrete
-34,0,-134,avenue,minecraft:gray_concrete
-33,0,-134,avenue,minecraft:gray_concrete
-32,0,-134,avenue,minecraft:gray_concrete
-31,0,-134,avenue,minecraft:gray_concrete
-30,0,-134,avenue,minecraft:gray_concrete
-29,0,-134,avenue,minecraft:gray_concrete
-28,0,-134,avenue,minecraft:gray_concrete
-27,0,-134,avenue,minecraft:gray_concrete
-26,0,-134,avenue,minecraft:gray_concrete
-25,0,-134,avenue,minecraft:gray_concrete
-24,0,-134,avenue,minecraft:gray_concrete
-23,0,-134,avenue,minecraft:gray_concrete
-22,0,-134,avenue,minecraft:gray_concrete
-21,0,-134,avenue,minecraft:gray_concrete
-20,0,-134,avenue,minecraft:gray_concrete
-19,0,-134,avenue,minecraft:gray_concrete
-18,0,-134,avenue,minecraft:gray_concrete
-17,0,-134,avenue,minecraft:gray_concrete
-16,0,-134,crossing,minecraft:white_concrete
-15,0,-134,crossing,minecraft:white_concrete
-14,0,-134,crossing,minecraft:white_concrete
-13,0,-134,avenue,minecraft:gray_concrete
-12,0,-134,avenue,minecraft:gray_concrete
-11,0,-134,avenue,minecraft:gray_concrete
-10,0,-134,avenue,minecraft:gray_concrete
-9,0,-134,avenue,minecraft:gray_concrete
-8,0,-134,avenue,minecraft:gray_concrete
-7,0,-134,avenue,minecraft:gray_concrete
-6,0,-134,avenue,minecraft:gray_concrete
-5,0,-134,avenue,minecraft:gray_concrete
-4,0,-134,avenue,minecraft:gray_concrete
-3,0,-134,avenue,minecraft:gray_concrete
-2,0,-134,avenue,minecraft:gray_concrete
-1,0,-134,avenue,minecraft:gray_concrete
0,0,-134,avenue,minecraft:gray_concrete
1,0,-134,avenue,minecraft:gray_concrete
2,0,-134,avenue,minecraft:gray_concrete
3,0,-134,avenue,minecraft:gray_concrete
4,0,-134,avenue,minecraft:gray_concrete
5,0,-134,avenue,minecraft:gray_concrete
6,0,-134,avenue,minecraft:gray_concrete
7,0,-134,avenue,minecraft:gray_concrete
8,0,-134,avenue,minecraft:gray_concrete
9,0,-134,avenue,minecraft:gray_concrete
10,0,-134,avenue,minecraft:gray_concrete
11,0,-134,avenue,minecraft:gray_concrete
12,0,-134,avenue,minecraft:gray_concrete
13,0,-134,crossing,minecraft:white_concrete
14,0,-134,crossing,minecraft:white_concrete
15,0,-134,avenue,minecraft:gray_concrete
16,0,-134,avenue,minecraft:gray_concrete
17,0,-134,avenue,minecraft:gray_concrete
18,0,-134,avenue,minecraft:gray_concrete
19,0,-134,avenue,minecraft:gray_concrete
20,0,-134,avenue,minecraft:gray_concrete
21,0,-134,avenue,minecraft:gray_concrete
22,0,-134,avenue,minecraft:gray_concrete
23,0,-134,avenue,minecraft:gray_concrete
24,0,-134,avenue,minecraft:gray_concrete
25,0,-134,avenue,minecraft:gray_concrete
26,0,-134,avenue,minecraft:gray_concrete
27,0,-134,avenue,minecraft:gray_concrete
28,0,-134,avenue,minecraft:gray_concrete
29,0,-134,avenue,minecraft:gray_concrete
30,0,-134,avenue,minecraft:gray_concrete
31,0,-134,avenue,minecraft:gray_concrete
32,0,-134,avenue,minecraft:gray_concrete
33,0,-134,avenue,minecraft:gray_concrete
34,0,-134,avenue,minecraft:gray_concrete
35,0,-134,avenue,minecraft:gray_concrete
36,0,-134,avenue,minecraft:gray_concrete
37,0,-134,avenue,minecraft:gray_concrete
38,0,-134,avenue,minecraft:gray_concrete
39,0,-134,avenue,minecraft:gray_concrete
40,0,-134,avenue,minecraft:gray_concrete
41,0,-134,avenue,minecraft:gray_concrete
42,0,-134,avenue,minecraft:gray_concrete
43,0,-134,avenue,minecraft:gray_concrete
44,0,-134,avenue,minecraft:gray_concrete
45,0,-134,avenue,minecraft:gray_concrete
46,0,-134,avenue,minecraft:gray_concrete
47,0,-134,avenue,minecraft:gray_concrete
48,0,-134,avenue,minecraft:gray_concrete
49,0,-134,avenue,minecraft:gray_concrete
50,0,-134,avenue,minecraft:gray_concrete
51,0,-134,avenue,minecraft:gray_concrete
52,0,-134,avenue,minecraft:gray_concrete
53,0,-134,avenue,minecraft:gray_concrete
54,0,-134,avenue,minecraft:gray_concrete
55,0,-134,avenue,minecraft:gray_concrete
56,0,-134,avenue,minecraft:gray_concrete
57,0,-134,avenue,minecraft:gray_concrete
58,0,-134,avenue,minecraft:gray_concrete
59,0,-134,avenue,minecraft:gray_concrete
60,0,-134,avenue,minecraft:gray_concrete
61,0,-134,avenue,minecraft:gray_concrete
62,0,-134,avenue,minecraft:gray_concrete
63,0,-134,avenue,minecraft:gray_concrete
64,0,-134,avenue,minecraft:gray_concrete
65,0,-134,avenue,minecraft:gray_concrete
66,0,-134,avenue,minecraft:gray_concrete
67,0,-134,alley,minecraft:polished_andesite
68,0,-134,alley,minecraft:polished_andesite
69,0,-134,alley,minecraft:polished_andesite
70,0,-134,alley,minecraft:polished_andesite
71,0,-134,avenue,minecraft:gray_concrete
72,0,-134,avenue,minecraft:gray_concrete
73,0,-134,avenue,minecraft:gray_concrete
74,0,-134,avenue,minecraft:gray_concrete
75,0,-134,avenue,minecraft:gray_concrete
76,0,-134,avenue,minecraft:gray_concrete
77,0,-134,avenue,minecraft:gray_concrete
78,0,-134,avenue,minecraft:gray_concrete
79,0,-134,avenue,minecraft:gray_concrete
80,0,-134,avenue,minecraft:gray_concrete
81,0,-134,avenue,minecraft:gray_concrete
-81,0,-133,avenue,minecraft:gray_concrete
-80,0,-133,avenue,minecraft:gray_concrete
-79,0,-133,avenue,minecraft:gray_concrete
-78,0,-133,avenue,minecraft:gray_concrete
-77,0,-133,avenue,minecraft:gray_concrete
-76,0,-133,avenue,minecraft:gray_concrete
-75,0,-133,avenue,minecraft:gray_concrete
-74,0,-133,avenue,minecraft:gray_concrete
-73,0,-133,avenue,minecraft:gray_concrete
-72,0,-133,avenue,minecraft:gray_concrete
-71,0,-133,alley,minecraft:polished_andesite
-70,0,-133,alley,minecraft:polished_andesite
-69,0,-133,alley,minecraft:polished_andesite
-68,0,-133,alley,minecraft:polished_andesite
-67,0,-133,avenue,minecraft:gray_concrete
-66,0,-133,avenue,minecraft:gray_concrete
-65,0,-133,avenue,minecraft:gray_concrete
-64,0,-133,avenue,minecraft:gray_concrete
-63,0,-133,avenue,minecraft:gray_concrete
-62,0,-133,avenue,minecraft:gray_concrete
-61,0,-133,avenue,minecraft:gray_concrete
-60,0,-133,avenue,minecraft:gray_concrete
-59,0,-133,avenue,minecraft:gray_concrete
-58,0,-133,avenue,minecraft:gray_concrete
-57,0,-133,avenue,minecraft:gray_concrete
-56,0,-133,avenue,minecraft:gray_concrete
-55,0,-133,avenue,minecraft:gray_concrete
-54,0,-133,avenue,minecraft:gray_concrete
-53,0,-133,avenue,minecraft:gray_concrete
-52,0,-133,avenue,minecraft:gray_concrete
-51,0,-133,avenue,minecraft:gray_concrete
-50,0,-133,avenue,minecraft:gray_concrete
-49,0,-133,avenue,minecraft:gray_concrete
-48,0,-133,avenue,minecraft:gray_concrete
-47,0,-133,avenue,minecraft:gray_concrete
-46,0,-133,avenue,minecraft:gray_concrete
-45,0,-133,avenue,minecraft:gray_concrete
-44,0,-133,avenue,minecraft:gray_concrete
-43,0,-133,avenue,minecraft:gray_concrete
-42,0,-133,avenue,minecraft:gray_concrete
-41,0,-133,avenue,minecraft:gray_concrete
-40,0,-133,avenue,minecraft:gray_concrete
-39,0,-133,avenue,minecraft:gray_concrete
-38,0,-133,avenue,minecraft:gray_concrete
-37,0,-133,avenue,minecraft:gray_concrete
-36,0,-133,avenue,minecraft:gray_concrete
-35,0,-133,avenue,minecraft:gray_concrete
-34,0,-133,avenue,minecraft:gray_concrete
-33,0,-133,avenue,minecraft:gray_concrete
-32,0,-133,avenue,minecraft:gray_concrete
-31,0,-133,avenue,minecraft:gray_concrete
-30,0,-133,avenue,minecraft:gray_concrete
-29,0,-133,avenue,minecraft:gray_concrete
-28,0,-133,avenue,minecraft:gray_concrete
-27,0,-133,avenue,minecraft:gray_concrete
-26,0,-133,avenue,minecraft:gray_concrete
-25,0,-133,avenue,minecraft:gray_concrete
-24,0,-133,avenue,minecraft:gray_concrete
-23,0,-133,avenue,minecraft:gray_concrete
-22,0,-133,avenue,minecraft:gray_concrete
-21,0,-133,avenue,minecraft:gray_concrete
-20,0,-133,avenue,minecraft:gray_concrete
-19,0,-133,avenue,minecraft:gray_concrete
-18,0,-133,avenue,minecraft:gray_concrete
-17,0,-133,avenue,minecraft:gray_concrete
-16,0,-133,crossing,minecraft:white_concrete
-15,0,-133,crossing,minecraft:white_concrete
-14,0,-133,crossing,minecraft:white_concrete
-13,0,-133,avenue,minecraft:gray_concrete
-12,0,-133,avenue,minecraft:gray_concrete
-11,0,-133,avenue,minecraft:gray_concrete
-10,0,-133,avenue,minecraft:gray_concrete
-9,0,-133,avenue,minecraft:gray_concrete
-8,0,-133,avenue,minecraft:gray_concrete
-7,0,-133,avenue,minecraft:gray_concrete
-6,0,-133,avenue,minecraft:gray_concrete
-5,0,-133,avenue,minecraft:gray_concrete
-4,0,-133,avenue,minecraft:gray_concrete
-3,0,-133,avenue,minecraft:gray_concrete
-2,0,-133,avenue,minecraft:gray_concrete
-1,0,-133,avenue,minecraft:gray_concrete
0,0,-133,avenue,minecraft:gray_concrete
1,0,-133,avenue,minecraft:gray_concrete
2,0,-133,avenue,minecraft:gray_concrete
3,0,-133,avenue,minecraft:gray_concrete
4,0,-133,avenue,minecraft:gray_concrete
5,0,-133,avenue,minecraft:gray_concrete
6,0,-133,avenue,minecraft:gray_concrete
7,0,-133,avenue,minecraft:gray_concrete
8,0,-133,avenue,minecraft:gray_concrete
9,0,-133,avenue,minecraft:gray_concrete
10,0,-133,avenue,minecraft:gray_concrete
11,0,-133,avenue,minecraft:gray_concrete
12,0,-133,avenue,minecraft:gray_concrete
13,0,-133,crossing,minecraft:white_concrete
14,0,-133,crossing,minecraft:white_concrete
15,0,-133,avenue,minecraft:gray_concrete
16,0,-133,avenue,minecraft:gray_concrete
17,0,-133,avenue,minecraft:gray_concrete
18,0,-133,avenue,minecraft:gray_concrete
19,0,-133,avenue,minecraft:gray_concrete
20,0,-133,avenue,minecraft:gray_concrete
21,0,-133,avenue,minecraft:gray_concrete
22,0,-133,avenue,minecraft:gray_concrete
23,0,-133,avenue,minecraft:gray_concrete
24,0,-133,avenue,minecraft:gray_concrete
25,0,-133,avenue,minecraft:gray_concrete
26,0,-133,avenue,minecraft:gray_concrete
27,0,-133,avenue,minecraft:gray_concrete
28,0,-133,avenue,minecraft:gray_concrete
29,0,-133,avenue,minecraft:gray_concrete
30,0,-133,avenue,minecraft:gray_concrete
31,0,-133,avenue,minecraft:gray_concrete
32,0,-133,avenue,minecraft:gray_concrete
33,0,-133,avenue,minecraft:gray_concrete
34,0,-133,avenue,minecraft:gray_concrete
35,0,-133,avenue,minecraft:gray_concrete
36,0,-133,avenue,minecraft:gray_concrete
37,0,-133,avenue,minecraft:gray_concrete
38,0,-133,avenue,minecraft:gray_concrete
39,0,-133,avenue,minecraft:gray_concrete
40,0,-133,avenue,minecraft:gray_concrete
41,0,-133,avenue,minecraft:gray_concrete
42,0,-133,avenue,minecraft:gray_concrete
43,0,-133,avenue,minecraft:gray_concrete
44,0,-133,avenue,minecraft:gray_concrete
45,0,-133,avenue,minecraft:gray_concrete
46,0,-133,avenue,minecraft:gray_concrete
47,0,-133,avenue,minecraft:gray_concrete
48,0,-133,avenue,minecraft:gray_concrete
49,0,-133,avenue,minecraft:gray_concrete
50,0,-133,avenue,minecraft:gray_concrete
51,0,-133,avenue,minecraft:gray_concrete
52,0,-133,avenue,minecraft:gray_concrete
53,0,-133,avenue,minecraft:gray_concrete
54,0,-133,avenue,minecraft:gray_concrete
55,0,-133,avenue,minecraft:gray_concrete
56,0,-133,avenue,minecraft:gray_concrete
57,0,-133,avenue,minecraft:gray_concrete
58,0,-133,avenue,minecraft:gray_concrete
59,0,-133,avenue,minecraft:gray_concrete
60,0,-133,avenue,minecraft:gray_concrete
61,0,-133,avenue,minecraft:gray_concrete
62,0,-133,avenue,minecraft:gray_concrete
63,0,-133,avenue,minecraft:gray_concrete
64,0,-133,avenue,minecraft:gray_concrete
65,0,-133,avenue,minecraft:gray_concrete
66,0,-133,avenue,minecraft:gray_concrete
67,0,-133,alley,minecraft:polished_andesite
68,0,-133,alley,minecraft:polished_andesite
69,0,-133,alley,minecraft:polished_andesite
70,0,-133,alley,minecraft:polished_andesite
71,0,-133,avenue,minecraft:gray_concrete
72,0,-133,avenue,minecraft:gray_concrete
73,0,-133,avenue,minecraft:gray_concrete
74,0,-133,avenue,minecraft:gray_concrete
75,0,-133,avenue,minecraft:gray_concrete
76,0,-133,avenue,minecraft:gray_concrete
77,0,-133,avenue,minecraft:gray_concrete
78,0,-133,avenue,minecraft:gray_concrete
79,0,-133,avenue,minecraft:gray_concrete
80,0,-133,avenue,minecraft:gray_concrete
81,0,-133,avenue,minecraft:gray_concrete
-81,0,-132,avenue,minecraft:gray_concrete
-80,0,-132,avenue,minecraft:gray_concrete
-79,0,-132,avenue,minecraft:gray_concrete
-78,0,-132,avenue,minecraft:gray_concrete
-77,0,-132,avenue,minecraft:gray_concrete
-76,0,-132,avenue,minecraft:gray_concrete
-75,0,-132,avenue,minecraft:gray_concrete
-74,0,-132,avenue,minecraft:gray_concrete
-73,0,-132,avenue,minecraft:gray_concrete
-72,0,-132,avenue,minecraft:gray_concrete
-71,0,-132,alley,minecraft:polished_andesite
-70,0,-132,alley,minecraft:polished_andesite
-69,0,-132,alley,minecraft:polished_andesite
-68,0,-132,alley,minecraft:polished_andesite
-67,0,-132,avenue,minecraft:gray_concrete
-66,0,-132,avenue,minecraft:gray_concrete
-65,0,-132,avenue,minecraft:gray_concrete
-64,0,-132,avenue,minecraft:gray_concrete
-63,0,-132,avenue,minecraft:gray_concrete
-62,0,-132,avenue,minecraft:gray_concrete
-61,0,-132,avenue,minecraft:gray_concrete
-60,0,-132,avenue,minecraft:gray_concrete
-59,0,-132,avenue,minecraft:gray_concrete
-58,0,-132,avenue,minecraft:gray_concrete
-57,0,-132,avenue,minecraft:gray_concrete
-56,0,-132,avenue,minecraft:gray_concrete
-55,0,-132,avenue,minecraft:gray_concrete
-54,0,-132,avenue,minecraft:gray_concrete
-53,0,-132,avenue,minecraft:gray_concrete
-52,0,-132,avenue,minecraft:gray_concrete
-51,0,-132,avenue,minecraft:gray_concrete
-50,0,-132,avenue,minecraft:gray_concrete
-49,0,-132,avenue,minecraft:gray_concrete
-48,0,-132,avenue,minecraft:gray_concrete
-47,0,-132,avenue,minecraft:gray_concrete
-46,0,-132,avenue,minecraft:gray_concrete
-45,0,-132,avenue,minecraft:gray_concrete
-44,0,-132,avenue,minecraft:gray_concrete
-43,0,-132,avenue,minecraft:gray_concrete
-42,0,-132,avenue,minecraft:gray_concrete
-41,0,-132,avenue,minecraft:gray_concrete
-40,0,-132,avenue,minecraft:gray_concrete
-39,0,-132,avenue,minecraft:gray_concrete
-38,0,-132,avenue,minecraft:gray_concrete
-37,0,-132,avenue,minecraft:gray_concrete
-36,0,-132,avenue,minecraft:gray_concrete
-35,0,-132,avenue,minecraft:gray_concrete
-34,0,-132,avenue,minecraft:gray_concrete
-33,0,-132,avenue,minecraft:gray_concrete
-32,0,-132,avenue,minecraft:gray_concrete
-31,0,-132,avenue,minecraft:gray_concrete
-30,0,-132,avenue,minecraft:gray_concrete
-29,0,-132,avenue,minecraft:gray_concrete
-28,0,-132,avenue,minecraft:gray_concrete
-27,0,-132,avenue,minecraft:gray_concrete
-26,0,-132,avenue,minecraft:gray_concrete
-25,0,-132,avenue,minecraft:gray_concrete
-24,0,-132,avenue,minecraft:gray_concrete
-23,0,-132,avenue,minecraft:gray_concrete
-22,0,-132,avenue,minecraft:gray_concrete
-21,0,-132,avenue,minecraft:gray_concrete
-20,0,-132,avenue,minecraft:gray_concrete
-19,0,-132,avenue,minecraft:gray_concrete
-18,0,-132,avenue,minecraft:gray_concrete
-17,0,-132,avenue,minecraft:gray_concrete
-16,0,-132,crossing,minecraft:white_concrete
-15,0,-132,crossing,minecraft:white_concrete
-14,0,-132,crossing,minecraft:white_concrete
-13,0,-132,avenue,minecraft:gray_concrete
-12,0,-132,avenue,minecraft:gray_concrete
-11,0,-132,avenue,minecraft:gray_concrete
-10,0,-132,avenue,minecraft:gray_concrete
-9,0,-132,avenue,minecraft:gray_concrete
-8,0,-132,avenue,minecraft:gray_concrete
-7,0,-132,avenue,minecraft:gray_concrete
-6,0,-132,avenue,minecraft:gray_concrete
-5,0,-132,avenue,minecraft:gray_concrete
-4,0,-132,avenue,minecraft:gray_concrete
-3,0,-132,avenue,minecraft:gray_concrete
-2,0,-132,avenue,minecraft:gray_concrete
-1,0,-132,avenue,minecraft:gray_concrete
0,0,-132,avenue,minecraft:gray_concrete
1,0,-132,avenue,minecraft:gray_concrete
2,0,-132,avenue,minecraft:gray_concrete
3,0,-132,avenue,minecraft:gray_concrete
4,0,-132,avenue,minecraft:gray_concrete
5,0,-132,avenue,minecraft:gray_concrete
6,0,-132,avenue,minecraft:gray_concrete
7,0,-132,avenue,minecraft:gray_concrete
8,0,-132,avenue,minecraft:gray_concrete
9,0,-132,avenue,minecraft:gray_concrete
10,0,-132,avenue,minecraft:gray_concrete
11,0,-132,avenue,minecraft:gray_concrete
12,0,-132,avenue,minecraft:gray_concrete
13,0,-132,crossing,minecraft:white_concrete
14,0,-132,crossing,minecraft:white_concrete
15,0,-132,avenue,minecraft:gray_concrete
16,0,-132,avenue,minecraft:gray_concrete
17,0,-132,avenue,minecraft:gray_concrete
18,0,-132,avenue,minecraft:gray_concrete
19,0,-132,avenue,minecraft:gray_concrete
20,0,-132,avenue,minecraft:gray_concrete
21,0,-132,avenue,minecraft:gray_concrete
22,0,-132,avenue,minecraft:gray_concrete
23,0,-132,avenue,minecraft:gray_concrete
24,0,-132,avenue,minecraft:gray_concrete
25,0,-132,avenue,minecraft:gray_concrete
26,0,-132,avenue,minecraft:gray_concrete
27,0,-132,avenue,minecraft:gray_concrete
28,0,-132,avenue,minecraft:gray_concrete
29,0,-132,avenue,minecraft:gray_concrete
30,0,-132,avenue,minecraft:gray_concrete
31,0,-132,avenue,minecraft:gray_concrete
32,0,-132,avenue,minecraft:gray_concrete
33,0,-132,avenue,minecraft:gray_concrete
34,0,-132,avenue,minecraft:gray_concrete
35,0,-132,avenue,minecraft:gray_concrete
36,0,-132,avenue,minecraft:gray_concrete
37,0,-132,avenue,minecraft:gray_concrete
38,0,-132,avenue,minecraft:gray_concrete
39,0,-132,avenue,minecraft:gray_concrete
40,0,-132,avenue,minecraft:gray_concrete
41,0,-132,avenue,minecraft:gray_concrete
42,0,-132,avenue,minecraft:gray_concrete
43,0,-132,avenue,minecraft:gray_concrete
44,0,-132,avenue,minecraft:gray_concrete
45,0,-132,avenue,minecraft:gray_concrete
46,0,-132,avenue,minecraft:gray_concrete
47,0,-132,avenue,minecraft:gray_concrete
48,0,-132,avenue,minecraft:gray_concrete
49,0,-132,avenue,minecraft:gray_concrete
50,0,-132,avenue,minecraft:gray_concrete
51,0,-132,avenue,minecraft:gray_concrete
52,0,-132,avenue,minecraft:gray_concrete
53,0,-132,avenue,minecraft:gray_concrete
54,0,-132,avenue,minecraft:gray_concrete
55,0,-132,avenue,minecraft:gray_concrete
56,0,-132,avenue,minecraft:gray_concrete
57,0,-132,avenue,minecraft:gray_concrete
58,0,-132,avenue,minecraft:gray_concrete
59,0,-132,avenue,minecraft:gray_concrete
60,0,-132,avenue,minecraft:gray_concrete
61,0,-132,avenue,minecraft:gray_concrete
62,0,-132,avenue,minecraft:gray_concrete
63,0,-132,avenue,minecraft:gray_concrete
64,0,-132,avenue,minecraft:gray_concrete
65,0,-132,avenue,minecraft:gray_concrete
66,0,-132,avenue,minecraft:gray_concrete
67,0,-132,alley,minecraft:polished_andesite
68,0,-132,alley,minecraft:polished_andesite
69,0,-132,alley,minecraft:polished_andesite
70,0,-132,alley,minecraft:polished_andesite
71,0,-132,avenue,minecraft:gray_concrete
72,0,-132,avenue,minecraft:gray_concrete
73,0,-132,avenue,minecraft:gray_concrete
74,0,-132,avenue,minecraft:gray_concrete
75,0,-132,avenue,minecraft:gray_concrete
76,0,-132,avenue,minecraft:gray_concrete
77,0,-132,avenue,minecraft:gray_concrete
78,0,-132,avenue,minecraft:gray_concrete
79,0,-132,avenue,minecraft:gray_concrete
80,0,-132,avenue,minecraft:gray_concrete
81,0,-132,avenue,minecraft:gray_concrete
-81,0,-131,avenue,minecraft:gray_concrete
-80,0,-131,avenue,minecraft:gray_concrete
-79,0,-131,avenue,minecraft:gray_concrete
-78,0,-131,avenue,minecraft:gray_concrete
-77,0,-131,avenue,minecraft:gray_concrete
-76,0,-131,avenue,minecraft:gray_concrete
-75,0,-131,avenue,minecraft:gray_concrete
-74,0,-131,avenue,minecraft:gray_concrete
-73,0,-131,avenue,minecraft:gray_concrete
-72,0,-131,avenue,minecraft:gray_concrete
-71,0,-131,alley,minecraft:polished_andesite
-70,0,-131,alley,minecraft:polished_andesite
-69,0,-131,alley,minecraft:polished_andesite
-68,0,-131,alley,minecraft:polished_andesite
-67,0,-131,avenue,minecraft:gray_concrete
-66,0,-131,avenue,minecraft:gray_concrete
-65,0,-131,avenue,minecraft:gray_concrete
-64,0,-131,avenue,minecraft:gray_concrete
-63,0,-131,avenue,minecraft:gray_concrete
-62,0,-131,avenue,minecraft:gray_concrete
-61,0,-131,avenue,minecraft:gray_concrete
-60,0,-131,avenue,minecraft:gray_concrete
-59,0,-131,avenue,minecraft:gray_concrete
-58,0,-131,avenue,minecraft:gray_concrete
-57,0,-131,avenue,minecraft:gray_concrete
-56,0,-131,avenue,minecraft:gray_concrete
-55,0,-131,avenue,minecraft:gray_concrete
-54,0,-131,avenue,minecraft:gray_concrete
-53,0,-131,avenue,minecraft:gray_concrete
-52,0,-131,avenue,minecraft:gray_concrete
-51,0,-131,avenue,minecraft:gray_concrete
-50,0,-131,avenue,minecraft:gray_concrete
-49,0,-131,avenue,minecraft:gray_concrete
-48,0,-131,avenue,minecraft:gray_concrete
-47,0,-131,avenue,minecraft:gray_concrete
-46,0,-131,avenue,minecraft:gray_concrete
-45,0,-131,avenue,minecraft:gray_concrete
-44,0,-131,avenue,minecraft:gray_concrete
-43,0,-131,avenue,minecraft:gray_concrete
-42,0,-131,avenue,minecraft:gray_concrete
-41,0,-131,avenue,minecraft:gray_concrete
-40,0,-131,avenue,minecraft:gray_concrete
-39,0,-131,avenue,minecraft:gray_concrete
-38,0,-131,avenue,minecraft:gray_concrete
-37,0,-131,avenue,minecraft:gray_concrete
-36,0,-131,avenue,minecraft:gray_concrete
-35,0,-131,avenue,minecraft:gray_concrete
-34,0,-131,avenue,minecraft:gray_concrete
-33,0,-131,avenue,minecraft:gray_concrete
-32,0,-131,avenue,minecraft:gray_concrete
-31,0,-131,avenue,minecraft:gray_concrete
-30,0,-131,avenue,minecraft:gray_concrete
-29,0,-131,avenue,minecraft:gray_concrete
-28,0,-131,avenue,minecraft:gray_concrete
-27,0,-131,avenue,minecraft:gray_concrete
-26,0,-131,avenue,minecraft:gray_concrete
-25,0,-131,avenue,minecraft:gray_concrete
-24,0,-131,avenue,minecraft:gray_concrete
-23,0,-131,avenue,minecraft:gray_concrete
-22,0,-131,avenue,minecraft:gray_concrete
-21,0,-131,avenue,minecraft:gray_concrete
-20,0,-131,avenue,minecraft:gray_concrete
-19,0,-131,avenue,minecraft:gray_concrete
-18,0,-131,avenue,minecraft:gray_concrete
-17,0,-131,avenue,minecraft:gray_concrete
-16,0,-131,crossing,minecraft:white_concrete
-15,0,-131,crossing,minecraft:white_concrete
-14,0,-131,crossing,minecraft:white_concrete
-13,0,-131,avenue,minecraft:gray_concrete
-12,0,-131,avenue,minecraft:gray_concrete
-11,0,-131,avenue,minecraft:gray_concrete
-10,0,-131,avenue,minecraft:gray_concrete
-9,0,-131,avenue,minecraft:gray_concrete
-8,0,-131,avenue,minecraft:gray_concrete
-7,0,-131,avenue,minecraft:gray_concrete
-6,0,-131,avenue,minecraft:gray_concrete
-5,0,-131,avenue,minecraft:gray_concrete
-4,0,-131,avenue,minecraft:gray_concrete
-3,0,-131,avenue,minecraft:gray_concrete
-2,0,-131,avenue,minecraft:gray_concrete
-1,0,-131,avenue,minecraft:gray_concrete
0,0,-131,avenue,minecraft:gray_concrete
1,0,-131,avenue,minecraft:gray_concrete
2,0,-131,avenue,minecraft:gray_concrete
3,0,-131,avenue,minecraft:gray_concrete
4,0,-131,avenue,minecraft:gray_concrete
5,0,-131,avenue,minecraft:gray_concrete
6,0,-131,avenue,minecraft:gray_concrete
7,0,-131,avenue,minecraft:gray_concrete
8,0,-131,avenue,minecraft:gray_concrete
9,0,-131,avenue,minecraft:gray_concrete
10,0,-131,avenue,minecraft:gray_concrete
11,0,-131,avenue,minecraft:gray_concrete
12,0,-131,avenue,minecraft:gray_concrete
13,0,-131,crossing,minecraft:white_concrete
14,0,-131,crossing,minecraft:white_concrete
15,0,-131,avenue,minecraft:gray_concrete
16,0,-131,avenue,minecraft:gray_concrete
17,0,-131,avenue,minecraft:gray_concrete
18,0,-131,avenue,minecraft:gray_concrete
19,0,-131,avenue,minecraft:gray_concrete
20,0,-131,avenue,minecraft:gray_concrete
21,0,-131,avenue,minecraft:gray_concrete
22,0,-131,avenue,minecraft:gray_concrete
23,0,-131,avenue,minecraft:gray_concrete
24,0,-131,avenue,minecraft:gray_concrete
25,0,-131,avenue,minecraft:gray_concrete
26,0,-131,avenue,minecraft:gray_concrete
27,0,-131,avenue,minecraft:gray_concrete
28,0,-131,avenue,minecraft:gray_concrete
29,0,-131,avenue,minecraft:gray_concrete
30,0,-131,avenue,minecraft:gray_concrete
31,0,-131,avenue,minecraft:gray_concrete
32,0,-131,avenue,minecraft:gray_concrete
33,0,-131,avenue,minecraft:gray_concrete
34,0,-131,avenue,minecraft:gray_concrete
35,0,-131,avenue,minecraft:gray_concrete
36,0,-131,avenue,minecraft:gray_concrete
37,0,-131,avenue,minecraft:gray_concrete
38,0,-131,avenue,minecraft:gray_concrete
39,0,-131,avenue,minecraft:gray_concrete
40,0,-131,avenue,minecraft:gray_concrete
41,0,-131,avenue,minecraft:gray_concrete
42,0,-131,avenue,minecraft:gray_concrete
43,0,-131,avenue,minecraft:gray_concrete
44,0,-131,avenue,minecraft:gray_concrete
45,0,-131,avenue,minecraft:gray_concrete
46,0,-131,avenue,minecraft:gray_concrete
47,0,-131,avenue,minecraft:gray_concrete
48,0,-131,avenue,minecraft:gray_concrete
49,0,-131,avenue,minecraft:gray_concrete
50,0,-131,avenue,minecraft:gray_concrete
51,0,-131,avenue,minecraft:gray_concrete
52,0,-131,avenue,minecraft:gray_concrete
53,0,-131,avenue,minecraft:gray_concrete
54,0,-131,avenue,minecraft:gray_concrete
55,0,-131,avenue,minecraft:gray_concrete
56,0,-131,avenue,minecraft:gray_concrete
57,0,-131,avenue,minecraft:gray_concrete
58,0,-131,avenue,minecraft:gray_concrete
59,0,-131,avenue,minecraft:gray_concrete
60,0,-131,avenue,minecraft:gray_concrete
61,0,-131,avenue,minecraft:gray_concrete
62,0,-131,avenue,minecraft:gray_concrete
63,0,-131,avenue,minecraft:gray_concrete
64,0,-131,avenue,minecraft:gray_concrete
65,0,-131,avenue,minecraft:gray_concrete
66,0,-131,avenue,minecraft:gray_concrete
67,0,-131,alley,minecraft:polished_andesite
68,0,-131,alley,minecraft:polished_andesite
69,0,-131,alley,minecraft:polished_andesite
70,0,-131,alley,minecraft:polished_andesite
71,0,-131,avenue,minecraft:gray_concrete
72,0,-131,avenue,minecraft:gray_concrete
73,0,-131,avenue,minecraft:gray_concrete
74,0,-131,avenue,minecraft:gray_concrete
75,0,-131,avenue,minecraft:gray_concrete
76,0,-131,avenue,minecraft:gray_concrete
77,0,-131,avenue,minecraft:gray_concrete
78,0,-131,avenue,minecraft:gray_concrete
79,0,-131,avenue,minecraft:gray_concrete
80,0,-131,avenue,minecraft:gray_concrete
81,0,-131,avenue,minecraft:gray_concrete
-81,0,-130,avenue,minecraft:gray_concrete
-80,0,-130,avenue,minecraft:gray_concrete
-79,0,-130,avenue,minecraft:gray_concrete
-78,0,-130,avenue,minecraft:gray_concrete
-77,0,-130,avenue,minecraft:gray_concrete
-76,0,-130,avenue,minecraft:gray_concrete
-75,0,-130,avenue,minecraft:gray_concrete
-74,0,-130,avenue,minecraft:gray_concrete
-73,0,-130,avenue,minecraft:gray_concrete
-72,0,-130,avenue,minecraft:gray_concrete
-71,0,-130,alley,minecraft:polished_andesite
-70,0,-130,alley,minecraft:polished_andesite
-69,0,-130,alley,minecraft:polished_andesite
-68,0,-130,alley,minecraft:polished_andesite
-67,0,-130,avenue,minecraft:gray_concrete
-66,0,-130,avenue,minecraft:gray_concrete
-65,0,-130,avenue,minecraft:gray_concrete
-64,0,-130,avenue,minecraft:gray_concrete
-63,0,-130,avenue,minecraft:gray_concrete
-62,0,-130,avenue,minecraft:gray_concrete
-61,0,-130,avenue,minecraft:gray_concrete
-60,0,-130,avenue,minecraft:gray_concrete
-59,0,-130,avenue,minecraft:gray_concrete
-58,0,-130,avenue,minecraft:gray_concrete
-57,0,-130,avenue,minecraft:gray_concrete
-56,0,-130,avenue,minecraft:gray_concrete
-55,0,-130,avenue,minecraft:gray_concrete
-54,0,-130,avenue,minecraft:gray_concrete
-53,0,-130,avenue,minecraft:gray_concrete
-52,0,-130,avenue,minecraft:gray_concrete
-51,0,-130,avenue,minecraft:gray_concrete
-50,0,-130,avenue,minecraft:gray_concrete
-49,0,-130,avenue,minecraft:gray_concrete
-48,0,-130,avenue,minecraft:gray_concrete
-47,0,-130,avenue,minecraft:gray_concrete
-46,0,-130,avenue,minecraft:gray_concrete
-45,0,-130,avenue,minecraft:gray_concrete
-44,0,-130,avenue,minecraft:gray_concrete
-43,0,-130,avenue,minecraft:gray_concrete
-42,0,-130,avenue,minecraft:gray_concrete
-41,0,-130,avenue,minecraft:gray_concrete
-40,0,-130,avenue,minecraft:gray_concrete
-39,0,-130,avenue,minecraft:gray_concrete
-38,0,-130,avenue,minecraft:gray_concrete
-37,0,-130,avenue,minecraft:gray_concrete
-36,0,-130,avenue,minecraft:gray_concrete
-35,0,-130,avenue,minecraft:gray_concrete
-34,0,-130,avenue,minecraft:gray_concrete
-33,0,-130,avenue,minecraft:gray_concrete
-32,0,-130,avenue,minecraft:gray_concrete
-31,0,-130,avenue,minecraft:gray_concrete
-30,0,-130,avenue,minecraft:gray_concrete
-29,0,-130,avenue,minecraft:gray_concrete
-28,0,-130,avenue,minecraft:gray_concrete
-27,0,-130,avenue,minecraft:gray_concrete
-26,0,-130,avenue,minecraft:gray_concrete
-25,0,-130,avenue,minecraft:gray_concrete
-24,0,-130,avenue,minecraft:gray_concrete
-23,0,-130,avenue,minecraft:gray_concrete
-22,0,-130,avenue,minecraft:gray_concrete
-21,0,-130,avenue,minecraft:gray_concrete
-20,0,-130,avenue,minecraft:gray_concrete
-19,0,-130,avenue,minecraft:gray_concrete
-18,0,-130,avenue,minecraft:gray_concrete
-17,0,-130,avenue,minecraft:gray_concrete
-16,0,-130,crossing,minecraft:white_concrete
-15,0,-130,crossing,minecraft:white_concrete
-14,0,-130,crossing,minecraft:white_concrete
-13,0,-130,avenue,minecraft:gray_concrete
-12,0,-130,avenue,minecraft:gray_concrete
-11,0,-130,avenue,minecraft:gray_concrete
-10,0,-130,avenue,minecraft:gray_concrete
-9,0,-130,avenue,minecraft:gray_concrete
-8,0,-130,avenue,minecraft:gray_concrete
-7,0,-130,avenue,minecraft:gray_concrete
-6,0,-130,avenue,minecraft:gray_concrete
-5,0,-130,avenue,minecraft:gray_concrete
-4,0,-130,avenue,minecraft:gray_concrete
-3,0,-130,avenue,minecraft:gray_concrete
-2,0,-130,avenue,minecraft:gray_concrete
-1,0,-130,avenue,minecraft:gray_concrete
0,0,-130,avenue,minecraft:gray_concrete
1,0,-130,avenue,minecraft:gray_concrete
2,0,-130,avenue,minecraft:gray_concrete
3,0,-130,avenue,minecraft:gray_concrete
4,0,-130,avenue,minecraft:gray_concrete
5,0,-130,avenue,minecraft:gray_concrete
6,0,-130,avenue,minecraft:gray_concrete
7,0,-130,avenue,minecraft:gray_concrete
8,0,-130,avenue,minecraft:gray_concrete
9,0,-130,avenue,minecraft:gray_concrete
10,0,-130,avenue,minecraft:gray_concrete
11,0,-130,avenue,minecraft:gray_concrete
12,0,-130,avenue,minecraft:gray_concrete
13,0,-130,crossing,minecraft:white_concrete
14,0,-130,crossing,minecraft:white_concrete
15,0,-130,avenue,minecraft:gray_concrete
16,0,-130,avenue,minecraft:gray_concrete
17,0,-130,avenue,minecraft:gray_concrete
18,0,-130,avenue,minecraft:gray_concrete
19,0,-130,avenue,minecraft:gray_concrete
20,0,-130,avenue,minecraft:gray_concrete
21,0,-130,avenue,minecraft:gray_concrete
22,0,-130,avenue,minecraft:gray_concrete
23,0,-130,avenue,minecraft:gray_concrete
24,0,-130,avenue,minecraft:gray_concrete
25,0,-130,avenue,minecraft:gray_concrete
26,0,-130,avenue,minecraft:gray_concrete
27,0,-130,avenue,minecraft:gray_concrete
28,0,-130,avenue,minecraft:gray_concrete
29,0,-130,avenue,minecraft:gray_concrete
30,0,-130,avenue,minecraft:gray_concrete
31,0,-130,avenue,minecraft:gray_concrete
32,0,-130,avenue,minecraft:gray_concrete
33,0,-130,avenue,minecraft:gray_concrete
34,0,-130,avenue,minecraft:gray_concrete
35,0,-130,avenue,minecraft:gray_concrete
36,0,-130,avenue,minecraft:gray_concrete
37,0,-130,avenue,minecraft:gray_concrete
38,0,-130,avenue,minecraft:gray_concrete
39,0,-130,avenue,minecraft:gray_concrete
40,0,-130,avenue,minecraft:gray_concrete
41,0,-130,avenue,minecraft:gray_concrete
42,0,-130,avenue,minecraft:gray_concrete
43,0,-130,avenue,minecraft:gray_concrete
44,0,-130,avenue,minecraft:gray_concrete
45,0,-130,avenue,minecraft:gray_concrete
46,0,-130,avenue,minecraft:gray_concrete
47,0,-130,avenue,minecraft:gray_concrete
48,0,-130,avenue,minecraft:gray_concrete
49,0,-130,avenue,minecraft:gray_concrete
50,0,-130,avenue,minecraft:gray_concrete
51,0,-130,avenue,minecraft:gray_concrete
52,0,-130,avenue,minecraft:gray_concrete
53,0,-130,avenue,minecraft:gray_concrete
54,0,-130,avenue,minecraft:gray_concrete
55,0,-130,avenue,minecraft:gray_concrete
56,0,-130,avenue,minecraft:gray_concrete
57,0,-130,avenue,minecraft:gray_concrete
58,0,-130,avenue,minecraft:gray_concrete
59,0,-130,avenue,minecraft:gray_concrete
60,0,-130,avenue,minecraft:gray_concrete
61,0,-130,avenue,minecraft:gray_concrete
62,0,-130,avenue,minecraft:gray_concrete
63,0,-130,avenue,minecraft:gray_concrete
64,0,-130,avenue,minecraft:gray_concrete
65,0,-130,avenue,minecraft:gray_concrete
66,0,-130,avenue,minecraft:gray_concrete
67,0,-130,alley,minecraft:polished_andesite
68,0,-130,alley,minecraft:polished_andesite
69,0,-130,alley,minecraft:polished_andesite
70,0,-130,alley,minecraft:polished_andesite
71,0,-130,avenue,minecraft:gray_concrete
72,0,-130,avenue,minecraft:gray_concrete
73,0,-130,avenue,minecraft:gray_concrete
74,0,-130,avenue,minecraft:gray_concrete
75,0,-130,avenue,minecraft:gray_concrete
76,0,-130,avenue,minecraft:gray_concrete
77,0,-130,avenue,minecraft:gray_concrete
78,0,-130,avenue,minecraft:gray_concrete
79,0,-130,avenue,minecraft:gray_concrete
80,0,-130,avenue,minecraft:gray_concrete
81,0,-130,avenue,minecraft:gray_concrete
-81,0,-129,avenue,minecraft:gray_concrete
-80,0,-129,avenue,minecraft:gray_concrete
-79,0,-129,avenue,minecraft:gray_concrete
-78,0,-129,avenue,minecraft:gray_concrete
-77,0,-129,avenue,minecraft:gray_concrete
-76,0,-129,avenue,minecraft:gray_concrete
-75,0,-129,avenue,minecraft:gray_concrete
-74,0,-129,avenue,minecraft:gray_concrete
-73,0,-129,avenue,minecraft:gray_concrete
-72,0,-129,avenue,minecraft:gray_concrete
-71,0,-129,alley,minecraft:polished_andesite
-70,0,-129,alley,minecraft:polished_andesite
-69,0,-129,alley,minecraft:polished_andesite
-68,0,-129,alley,minecraft:polished_andesite
-67,0,-129,avenue,minecraft:gray_concrete
-66,0,-129,avenue,minecraft:gray_concrete
-65,0,-129,avenue,minecraft:gray_concrete
-64,0,-129,avenue,minecraft:gray_concrete
-63,0,-129,avenue,minecraft:gray_concrete
-62,0,-129,avenue,minecraft:gray_concrete
-61,0,-129,avenue,minecraft:gray_concrete
-60,0,-129,avenue,minecraft:gray_concrete
-59,0,-129,avenue,minecraft:gray_concrete
-58,0,-129,avenue,minecraft:gray_concrete
-57,0,-129,avenue,minecraft:gray_concrete
-56,0,-129,avenue,minecraft:gray_concrete
-55,0,-129,avenue,minecraft:gray_concrete
-54,0,-129,avenue,minecraft:gray_concrete
-53,0,-129,avenue,minecraft:gray_concrete
-52,0,-129,avenue,minecraft:gray_concrete
-51,0,-129,avenue,minecraft:gray_concrete
-50,0,-129,avenue,minecraft:gray_concrete
-49,0,-129,avenue,minecraft:gray_concrete
-48,0,-129,avenue,minecraft:gray_concrete
-47,0,-129,avenue,minecraft:gray_concrete
-46,0,-129,avenue,minecraft:gray_concrete
-45,0,-129,avenue,minecraft:gray_concrete
-44,0,-129,avenue,minecraft:gray_concrete
-43,0,-129,avenue,minecraft:gray_concrete
-42,0,-129,avenue,minecraft:gray_concrete
-41,0,-129,avenue,minecraft:gray_concrete
-40,0,-129,avenue,minecraft:gray_concrete
-39,0,-129,avenue,minecraft:gray_concrete
-38,0,-129,avenue,minecraft:gray_concrete
-37,0,-129,avenue,minecraft:gray_concrete
-36,0,-129,avenue,minecraft:gray_concrete
-35,0,-129,avenue,minecraft:gray_concrete
-34,0,-129,avenue,minecraft:gray_concrete
-33,0,-129,avenue,minecraft:gray_concrete
-32,0,-129,avenue,minecraft:gray_concrete
-31,0,-129,avenue,minecraft:gray_concrete
-30,0,-129,avenue,minecraft:gray_concrete
-29,0,-129,avenue,minecraft:gray_concrete
-28,0,-129,avenue,minecraft:gray_concrete
-27,0,-129,avenue,minecraft:gray_concrete
-26,0,-129,avenue,minecraft:gray_concrete
-25,0,-129,avenue,minecraft:gray_concrete
-24,0,-129,avenue,minecraft:gray_concrete
-23,0,-129,avenue,minecraft:gray_concrete
-22,0,-129,avenue,minecraft:gray_concrete
-21,0,-129,avenue,minecraft:gray_concrete
-20,0,-129,avenue,minecraft:gray_concrete
-19,0,-129,avenue,minecraft:gray_concrete
-18,0,-129,avenue,minecraft:gray_concrete
-17,0,-129,avenue,minecraft:gray_concrete
-16,0,-129,crossing,minecraft:white_concrete
-15,0,-129,crossing,minecraft:white_concrete
-14,0,-129,crossing,minecraft:white_concrete
-13,0,-129,avenue,minecraft:gray_concrete
-12,0,-129,avenue,minecraft:gray_concrete
-11,0,-129,avenue,minecraft:gray_concrete
-10,0,-129,avenue,minecraft:gray_concrete
-9,0,-129,avenue,minecraft:gray_concrete
-8,0,-129,avenue,minecraft:gray_concrete
-7,0,-129,avenue,minecraft:gray_concrete
-6,0,-129,avenue,minecraft:gray_concrete
-5,0,-129,avenue,minecraft:gray_concrete
-4,0,-129,avenue,minecraft:gray_concrete
-3,0,-129,avenue,minecraft:gray_concrete
-2,0,-129,avenue,minecraft:gray_concrete
-1,0,-129,avenue,minecraft:gray_concrete
0,0,-129,avenue,minecraft:gray_concrete
1,0,-129,avenue,minecraft:gray_concrete
2,0,-129,avenue,minecraft:gray_concrete
3,0,-129,avenue,minecraft:gray_concrete
4,0,-129,avenue,minecraft:gray_concrete
5,0,-129,avenue,minecraft:gray_concrete
6,0,-129,avenue,minecraft:gray_concrete
7,0,-129,avenue,minecraft:gray_concrete
8,0,-129,avenue,minecraft:gray_concrete
9,0,-129,avenue,minecraft:gray_concrete
10,0,-129,avenue,minecraft:gray_concrete
11,0,-129,avenue,minecraft:gray_concrete
12,0,-129,avenue,minecraft:gray_concrete
13,0,-129,crossing,minecraft:white_concrete
14,0,-129,crossing,minecraft:white_concrete
15,0,-129,avenue,minecraft:gray_concrete
16,0,-129,avenue,minecraft:gray_concrete
17,0,-129,avenue,minecraft:gray_concrete
18,0,-129,avenue,minecraft:gray_concrete
19,0,-129,avenue,minecraft:gray_concrete
20,0,-129,avenue,minecraft:gray_concrete
21,0,-129,avenue,minecraft:gray_concrete
22,0,-129,avenue,minecraft:gray_concrete
23,0,-129,avenue,minecraft:gray_concrete
24,0,-129,avenue,minecraft:gray_concrete
25,0,-129,avenue,minecraft:gray_concrete
26,0,-129,avenue,minecraft:gray_concrete
27,0,-129,avenue,minecraft:gray_concrete
28,0,-129,avenue,minecraft:gray_concrete
29,0,-129,avenue,minecraft:gray_concrete
30,0,-129,avenue,minecraft:gray_concrete
31,0,-129,avenue,minecraft:gray_concrete
32,0,-129,avenue,minecraft:gray_concrete
33,0,-129,avenue,minecraft:gray_concrete
34,0,-129,avenue,minecraft:gray_concrete
35,0,-129,avenue,minecraft:gray_concrete
36,0,-129,avenue,minecraft:gray_concrete
37,0,-129,avenue,minecraft:gray_concrete
38,0,-129,avenue,minecraft:gray_concrete
39,0,-129,avenue,minecraft:gray_concrete
40,0,-129,avenue,minecraft:gray_concrete
41,0,-129,avenue,minecraft:gray_concrete
42,0,-129,avenue,minecraft:gray_concrete
43,0,-129,avenue,minecraft:gray_concrete
44,0,-129,avenue,minecraft:gray_concrete
45,0,-129,avenue,minecraft:gray_concrete
46,0,-129,avenue,minecraft:gray_concrete
47,0,-129,avenue,minecraft:gray_concrete
48,0,-129,avenue,minecraft:gray_concrete
49,0,-129,avenue,minecraft:gray_concrete
50,0,-129,avenue,minecraft:gray_concrete
51,0,-129,avenue,minecraft:gray_concrete
52,0,-129,avenue,minecraft:gray_concrete
53,0,-129,avenue,minecraft:gray_concrete
54,0,-129,avenue,minecraft:gray_concrete
55,0,-129,avenue,minecraft:gray_concrete
56,0,-129,avenue,minecraft:gray_concrete
57,0,-129,avenue,minecraft:gray_concrete
58,0,-129,avenue,minecraft:gray_concrete
59,0,-129,avenue,minecraft:gray_concrete
60,0,-129,avenue,minecraft:gray_concrete
61,0,-129,avenue,minecraft:gray_concrete
62,0,-129,avenue,minecraft:gray_concrete
63,0,-129,avenue,minecraft:gray_concrete
64,0,-129,avenue,minecraft:gray_concrete
65,0,-129,avenue,minecraft:gray_concrete
66,0,-129,avenue,minecraft:gray_concrete
67,0,-129,alley,minecraft:polished_andesite
68,0,-129,alley,minecraft:polished_andesite
69,0,-129,alley,minecraft:polished_andesite
70,0,-129,alley,minecraft:polished_andesite
71,0,-129,avenue,minecraft:gray_concrete
72,0,-129,avenue,minecraft:gray_concrete
73,0,-129,avenue,minecraft:gray_concrete
74,0,-129,avenue,minecraft:gray_concrete
75,0,-129,avenue,minecraft:gray_concrete
76,0,-129,avenue,minecraft:gray_concrete
77,0,-129,avenue,minecraft:gray_concrete
78,0,-129,avenue,minecraft:gray_concrete
79,0,-129,avenue,minecraft:gray_concrete
80,0,-129,avenue,minecraft:gray_concrete
81,0,-129,avenue,minecraft:gray_concrete
-81,0,-128,avenue,minecraft:gray_concrete
-80,0,-128,avenue,minecraft:gray_concrete
-79,0,-128,avenue,minecraft:gray_concrete
-78,0,-128,avenue,minecraft:gray_concrete
-77,0,-128,avenue,minecraft:gray_concrete
-76,0,-128,avenue,minecraft:gray_concrete
-75,0,-128,avenue,minecraft:gray_concrete
-74,0,-128,avenue,minecraft:gray_concrete
-73,0,-128,avenue,minecraft:gray_concrete
-72,0,-128,avenue,minecraft:gray_concrete
-71,0,-128,alley,minecraft:polished_andesite
-70,0,-128,alley,minecraft:polished_andesite
-69,0,-128,alley,minecraft:polished_andesite
-68,0,-128,alley,minecraft:polished_andesite
-67,0,-128,avenue,minecraft:gray_concrete
-66,0,-128,avenue,minecraft:gray_concrete
-65,0,-128,avenue,minecraft:gray_concrete
-64,0,-128,avenue,minecraft:gray_concrete
-63,0,-128,avenue,minecraft:gray_concrete
-62,0,-128,avenue,minecraft:gray_concrete
-61,0,-128,avenue,minecraft:gray_concrete
-60,0,-128,avenue,minecraft:gray_concrete
-59,0,-128,avenue,minecraft:gray_concrete
-58,0,-128,avenue,minecraft:gray_concrete
-57,0,-128,avenue,minecraft:gray_concrete
-56,0,-128,avenue,minecraft:gray_concrete
-55,0,-128,avenue,minecraft:gray_concrete
-54,0,-128,avenue,minecraft:gray_concrete
-53,0,-128,avenue,minecraft:gray_concrete
-52,0,-128,avenue,minecraft:gray_concrete
-51,0,-128,avenue,minecraft:gray_concrete
-50,0,-128,avenue,minecraft:gray_concrete
-49,0,-128,avenue,minecraft:gray_concrete
-48,0,-128,avenue,minecraft:gray_concrete
-47,0,-128,avenue,minecraft:gray_concrete
-46,0,-128,avenue,minecraft:gray_concrete
-45,0,-128,avenue,minecraft:gray_concrete
-44,0,-128,avenue,minecraft:gray_concrete
-43,0,-128,avenue,minecraft:gray_concrete
-42,0,-128,avenue,minecraft:gray_concrete
-41,0,-128,avenue,minecraft:gray_concrete
-40,0,-128,avenue,minecraft:gray_concrete
-39,0,-128,avenue,minecraft:gray_concrete
-38,0,-128,avenue,minecraft:gray_concrete
-37,0,-128,avenue,minecraft:gray_concrete
-36,0,-128,avenue,minecraft:gray_concrete
-35,0,-128,avenue,minecraft:gray_concrete
-34,0,-128,avenue,minecraft:gray_concrete
-33,0,-128,avenue,minecraft:gray_concrete
-32,0,-128,avenue,minecraft:gray_concrete
-31,0,-128,avenue,minecraft:gray_concrete
-30,0,-128,avenue,minecraft:gray_concrete
-29,0,-128,avenue,minecraft:gray_concrete
-28,0,-128,avenue,minecraft:gray_concrete
-27,0,-128,avenue,minecraft:gray_concrete
-26,0,-128,avenue,minecraft:gray_concrete
-25,0,-128,avenue,minecraft:gray_concrete
-24,0,-128,avenue,minecraft:gray_concrete
-23,0,-128,avenue,minecraft:gray_concrete
-22,0,-128,avenue,minecraft:gray_concrete
-21,0,-128,avenue,minecraft:gray_concrete
-20,0,-128,avenue,minecraft:gray_concrete
-19,0,-128,avenue,minecraft:gray_concrete
-18,0,-128,avenue,minecraft:gray_concrete
-17,0,-128,avenue,minecraft:gray_concrete
-16,0,-128,crossing,minecraft:white_concrete
-15,0,-128,crossing,minecraft:white_concrete
-14,0,-128,crossing,minecraft:white_concrete
-13,0,-128,avenue,minecraft:gray_concrete
-12,0,-128,avenue,minecraft:gray_concrete
-11,0,-128,avenue,minecraft:gray_concrete
-10,0,-128,avenue,minecraft:gray_concrete
-9,0,-128,avenue,minecraft:gray_concrete
-8,0,-128,avenue,minecraft:gray_concrete
-7,0,-128,avenue,minecraft:gray_concrete
-6,0,-128,avenue,minecraft:gray_concrete
-5,0,-128,avenue,minecraft:gray_concrete
-4,0,-128,avenue,minecraft:gray_concrete
-3,0,-128,avenue,minecraft:gray_concrete
-2,0,-128,avenue,minecraft:gray_concrete
-1,0,-128,avenue,minecraft:gray_concrete
0,0,-128,avenue,minecraft:gray_concrete
1,0,-128,avenue,minecraft:gray_concrete
2,0,-128,avenue,minecraft:gray_concrete
3,0,-128,avenue,minecraft:gray_concrete
4,0,-128,avenue,minecraft:gray_concrete
5,0,-128,avenue,minecraft:gray_concrete
6,0,-128,avenue,minecraft:gray_concrete
7,0,-128,avenue,minecraft:gray_concrete
8,0,-128,avenue,minecraft:gray_concrete
9,0,-128,avenue,minecraft:gray_concrete
10,0,-128,avenue,minecraft:gray_concrete
11,0,-128,avenue,minecraft:gray_concrete
12,0,-128,avenue,minecraft:gray_concrete
13,0,-128,crossing,minecraft:white_concrete
14,0,-128,crossing,minecraft:white_concrete
15,0,-128,avenue,minecraft:gray_concrete
16,0,-128,avenue,minecraft:gray_concrete
17,0,-128,avenue,minecraft:gray_concrete
18,0,-128,avenue,minecraft:gray_concrete
19,0,-128,avenue,minecraft:gray_concrete
20,0,-128,avenue,minecraft:gray_concrete
21,0,-128,avenue,minecraft:gray_concrete
22,0,-128,avenue,minecraft:gray_concrete
23,0,-128,avenue,minecraft:gray_concrete
24,0,-128,avenue,minecraft:gray_concrete
25,0,-128,avenue,minecraft:gray_concrete
26,0,-128,avenue,minecraft:gray_concrete
27,0,-128,avenue,minecraft:gray_concrete
28,0,-128,avenue,minecraft:gray_concrete
29,0,-128,avenue,minecraft:gray_concrete
30,0,-128,avenue,minecraft:gray_concrete
31,0,-128,avenue,minecraft:gray_concrete
32,0,-128,avenue,minecraft:gray_concrete
33,0,-128,avenue,minecraft:gray_concrete
34,0,-128,avenue,minecraft:gray_concrete
35,0,-128,avenue,minecraft:gray_concrete
36,0,-128,avenue,minecraft:gray_concrete
37,0,-128,avenue,minecraft:gray_concrete
38,0,-128,avenue,minecraft:gray_concrete
39,0,-128,avenue,minecraft:gray_concrete
40,0,-128,avenue,minecraft:gray_concrete
41,0,-128,avenue,minecraft:gray_concrete
42,0,-128,avenue,minecraft:gray_concrete
43,0,-128,avenue,minecraft:gray_concrete
44,0,-128,avenue,minecraft:gray_concrete
45,0,-128,avenue,minecraft:gray_concrete
46,0,-128,avenue,minecraft:gray_concrete
47,0,-128,avenue,minecraft:gray_concrete
48,0,-128,avenue,minecraft:gray_concrete
49,0,-128,avenue,minecraft:gray_concrete
50,0,-128,avenue,minecraft:gray_concrete
51,0,-128,avenue,minecraft:gray_concrete
52,0,-128,avenue,minecraft:gray_concrete
53,0,-128,avenue,minecraft:gray_concrete
54,0,-128,avenue,minecraft:gray_concrete
55,0,-128,avenue,minecraft:gray_concrete
56,0,-128,avenue,minecraft:gray_concrete
57,0,-128,avenue,minecraft:gray_concrete
58,0,-128,avenue,minecraft:gray_concrete
59,0,-128,avenue,minecraft:gray_concrete
60,0,-128,avenue,minecraft:gray_concrete
61,0,-128,avenue,minecraft:gray_concrete
62,0,-128,avenue,minecraft:gray_concrete
63,0,-128,avenue,minecraft:gray_concrete
64,0,-128,avenue,minecraft:gray_concrete
65,0,-128,avenue,minecraft:gray_concrete
66,0,-128,avenue,minecraft:gray_concrete
67,0,-128,alley,minecraft:polished_andesite
68,0,-128,alley,minecraft:polished_andesite
69,0,-128,alley,minecraft:polished_andesite
70,0,-128,alley,minecraft:polished_andesite
71,0,-128,avenue,minecraft:gray_concrete
72,0,-128,avenue,minecraft:gray_concrete
73,0,-128,avenue,minecraft:gray_concrete
74,0,-128,avenue,minecraft:gray_concrete
75,0,-128,avenue,minecraft:gray_concrete
76,0,-128,avenue,minecraft:gray_concrete
77,0,-128,avenue,minecraft:gray_concrete
78,0,-128,avenue,minecraft:gray_concrete
79,0,-128,avenue,minecraft:gray_concrete
80,0,-128,avenue,minecraft:gray_concrete
81,0,-128,avenue,minecraft:gray_concrete
-81,0,-127,avenue,minecraft:gray_concrete
-80,0,-127,avenue,minecraft:gray_concrete
-79,0,-127,avenue,minecraft:gray_concrete
-78,0,-127,avenue,minecraft:gray_concrete
-77,0,-127,avenue,minecraft:gray_concrete
-76,0,-127,avenue,minecraft:gray_concrete
-75,0,-127,avenue,minecraft:gray_concrete
-74,0,-127,avenue,minecraft:gray_concrete
-73,0,-127,avenue,minecraft:gray_concrete
-72,0,-127,avenue,minecraft:gray_concrete
-71,0,-127,alley,minecraft:polished_andesite
-70,0,-127,alley,minecraft:polished_andesite
-69,0,-127,alley,minecraft:polished_andesite
-68,0,-127,alley,minecraft:polished_andesite
-67,0,-127,avenue,minecraft:gray_concrete
-66,0,-127,avenue,minecraft:gray_concrete
-65,0,-127,avenue,minecraft:gray_concrete
-64,0,-127,avenue,minecraft:gray_concrete
-63,0,-127,avenue,minecraft:gray_concrete
-62,0,-127,avenue,minecraft:gray_concrete
-61,0,-127,avenue,minecraft:gray_concrete
-60,0,-127,avenue,minecraft:gray_concrete
-59,0,-127,avenue,minecraft:gray_concrete
-58,0,-127,avenue,minecraft:gray_concrete
-57,0,-127,avenue,minecraft:gray_concrete
-56,0,-127,avenue,minecraft:gray_concrete
-55,0,-127,avenue,minecraft:gray_concrete
-54,0,-127,avenue,minecraft:gray_concrete
-53,0,-127,avenue,minecraft:gray_concrete
-52,0,-127,avenue,minecraft:gray_concrete
-51,0,-127,avenue,minecraft:gray_concrete
-50,0,-127,avenue,minecraft:gray_concrete
-49,0,-127,avenue,minecraft:gray_concrete
-48,0,-127,avenue,minecraft:gray_concrete
-47,0,-127,avenue,minecraft:gray_concrete
-46,0,-127,avenue,minecraft:gray_concrete
-45,0,-127,avenue,minecraft:gray_concrete
-44,0,-127,avenue,minecraft:gray_concrete
-43,0,-127,avenue,minecraft:gray_concrete
-42,0,-127,avenue,minecraft:gray_concrete
-41,0,-127,avenue,minecraft:gray_concrete
-40,0,-127,avenue,minecraft:gray_concrete
-39,0,-127,avenue,minecraft:gray_concrete
-38,0,-127,avenue,minecraft:gray_concrete
-37,0,-127,avenue,minecraft:gray_concrete
-36,0,-127,avenue,minecraft:gray_concrete
-35,0,-127,avenue,minecraft:gray_concrete
-34,0,-127,avenue,minecraft:gray_concrete
-33,0,-127,avenue,minecraft:gray_concrete
-32,0,-127,avenue,minecraft:gray_concrete
-31,0,-127,avenue,minecraft:gray_concrete
-30,0,-127,avenue,minecraft:gray_concrete
-29,0,-127,avenue,minecraft:gray_concrete
-28,0,-127,avenue,minecraft:gray_concrete
-27,0,-127,avenue,minecraft:gray_concrete
-26,0,-127,avenue,minecraft:gray_concrete
-25,0,-127,avenue,minecraft:gray_concrete
-24,0,-127,avenue,minecraft:gray_concrete
-23,0,-127,avenue,minecraft:gray_concrete
-22,0,-127,avenue,minecraft:gray_concrete
-21,0,-127,avenue,minecraft:gray_concrete
-20,0,-127,avenue,minecraft:gray_concrete
-19,0,-127,avenue,minecraft:gray_concrete
-18,0,-127,avenue,minecraft:gray_concrete
-17,0,-127,avenue,minecraft:gray_concrete
-16,0,-127,crossing,minecraft:white_concrete
-15,0,-127,crossing,minecraft:white_concrete
-14,0,-127,crossing,minecraft:white_concrete
-13,0,-127,avenue,minecraft:gray_concrete
-12,0,-127,avenue,minecraft:gray_concrete
-11,0,-127,avenue,minecraft:gray_concrete
-10,0,-127,avenue,minecraft:gray_concrete
-9,0,-127,avenue,minecraft:gray_concrete
-8,0,-127,avenue,minecraft:gray_concrete
-7,0,-127,avenue,minecraft:gray_concrete
-6,0,-127,avenue,minecraft:gray_concrete
-5,0,-127,avenue,minecraft:gray_concrete
-4,0,-127,avenue,minecraft:gray_concrete
-3,0,-127,avenue,minecraft:gray_concrete
-2,0,-127,avenue,minecraft:gray_concrete
-1,0,-127,avenue,minecraft:gray_concrete
0,0,-127,avenue,minecraft:gray_concrete
1,0,-127,avenue,minecraft:gray_concrete
2,0,-127,avenue,minecraft:gray_concrete
3,0,-127,avenue,minecraft:gray_concrete
4,0,-127,avenue,minecraft:gray_concrete
5,0,-127,avenue,minecraft:gray_concrete
6,0,-127,avenue,minecraft:gray_concrete
7,0,-127,avenue,minecraft:gray_concrete
8,0,-127,avenue,minecraft:gray_concrete
9,0,-127,avenue,minecraft:gray_concrete
10,0,-127,avenue,minecraft:gray_concrete
11,0,-127,avenue,minecraft:gray_concrete
12,0,-127,avenue,minecraft:gray_concrete
13,0,-127,crossing,minecraft:white_concrete
14,0,-127,crossing,minecraft:white_concrete
15,0,-127,avenue,minecraft:gray_concrete
16,0,-127,avenue,minecraft:gray_concrete
17,0,-127,avenue,minecraft:gray_concrete
18,0,-127,avenue,minecraft:gray_concrete
19,0,-127,avenue,minecraft:gray_concrete
20,0,-127,avenue,minecraft:gray_concrete
21,0,-127,avenue,minecraft:gray_concrete
22,0,-127,avenue,minecraft:gray_concrete
23,0,-127,avenue,minecraft:gray_concrete
24,0,-127,avenue,minecraft:gray_concrete
25,0,-127,avenue,minecraft:gray_concrete
26,0,-127,avenue,minecraft:gray_concrete
27,0,-127,avenue,minecraft:gray_concrete
28,0,-127,avenue,minecraft:gray_concrete
29,0,-127,avenue,minecraft:gray_concrete
30,0,-127,avenue,minecraft:gray_concrete
31,0,-127,avenue,minecraft:gray_concrete
32,0,-127,avenue,minecraft:gray_concrete
33,0,-127,avenue,minecraft:gray_concrete
34,0,-127,avenue,minecraft:gray_concrete
35,0,-127,avenue,minecraft:gray_concrete
36,0,-127,avenue,minecraft:gray_concrete
37,0,-127,avenue,minecraft:gray_concrete
38,0,-127,avenue,minecraft:gray_concrete
39,0,-127,avenue,minecraft:gray_concrete
40,0,-127,avenue,minecraft:gray_concrete
41,0,-127,avenue,minecraft:gray_concrete
42,0,-127,avenue,minecraft:gray_concrete
43,0,-127,avenue,minecraft:gray_concrete
44,0,-127,avenue,minecraft:gray_concrete
45,0,-127,avenue,minecraft:gray_concrete
46,0,-127,avenue,minecraft:gray_concrete
47,0,-127,avenue,minecraft:gray_concrete
48,0,-127,avenue,minecraft:gray_concrete
49,0,-127,avenue,minecraft:gray_concrete
50,0,-127,avenue,minecraft:gray_concrete
51,0,-127,avenue,minecraft:gray_concrete
52,0,-127,avenue,minecraft:gray_concrete
53,0,-127,avenue,minecraft:gray_concrete
54,0,-127,avenue,minecraft:gray_concrete
55,0,-127,avenue,minecraft:gray_concrete
56,0,-127,avenue,minecraft:gray_concrete
57,0,-127,avenue,minecraft:gray_concrete
58,0,-127,avenue,minecraft:gray_concrete
59,0,-127,avenue,minecraft:gray_concrete
60,0,-127,avenue,minecraft:gray_concrete
61,0,-127,avenue,minecraft:gray_concrete
62,0,-127,avenue,minecraft:gray_concrete
63,0,-127,avenue,minecraft:gray_concrete
64,0,-127,avenue,minecraft:gray_concrete
65,0,-127,avenue,minecraft:gray_concrete
66,0,-127,avenue,minecraft:gray_concrete
67,0,-127,alley,minecraft:polished_andesite
68,0,-127,alley,minecraft:polished_andesite
69,0,-127,alley,minecraft:polished_andesite
70,0,-127,alley,minecraft:polished_andesite
71,0,-127,avenue,minecraft:gray_concrete
72,0,-127,avenue,minecraft:gray_concrete
73,0,-127,avenue,minecraft:gray_concrete
74,0,-127,avenue,minecraft:gray_concrete
75,0,-127,avenue,minecraft:gray_concrete
76,0,-127,avenue,minecraft:gray_concrete
77,0,-127,avenue,minecraft:gray_concrete
78,0,-127,avenue,minecraft:gray_concrete
79,0,-127,avenue,minecraft:gray_concrete
80,0,-127,avenue,minecraft:gray_concrete
81,0,-127,avenue,minecraft:gray_concrete
-81,0,-126,avenue,minecraft:gray_concrete
-80,0,-126,avenue,minecraft:gray_concrete
-79,0,-126,avenue,minecraft:gray_concrete
-78,0,-126,avenue,minecraft:gray_concrete
-77,0,-126,avenue,minecraft:gray_concrete
-76,0,-126,avenue,minecraft:gray_concrete
-75,0,-126,avenue,minecraft:gray_concrete
-74,0,-126,avenue,minecraft:gray_concrete
-73,0,-126,avenue,minecraft:gray_concrete
-72,0,-126,avenue,minecraft:gray_concrete
-71,0,-126,alley,minecraft:polished_andesite
-70,0,-126,alley,minecraft:polished_andesite
-69,0,-126,alley,minecraft:polished_andesite
-68,0,-126,alley,minecraft:polished_andesite
-67,0,-126,avenue,minecraft:gray_concrete
-66,0,-126,avenue,minecraft:gray_concrete
-65,0,-126,avenue,minecraft:gray_concrete
-64,0,-126,avenue,minecraft:gray_concrete
-63,0,-126,avenue,minecraft:gray_concrete
-62,0,-126,avenue,minecraft:gray_concrete
-61,0,-126,avenue,minecraft:gray_concrete
-60,0,-126,avenue,minecraft:gray_concrete
-59,0,-126,avenue,minecraft:gray_concrete
-58,0,-126,avenue,minecraft:gray_concrete
-57,0,-126,avenue,minecraft:gray_concrete
-56,0,-126,avenue,minecraft:gray_concrete
-55,0,-126,avenue,minecraft:gray_concrete
-54,0,-126,avenue,minecraft:gray_concrete
-53,0,-126,avenue,minecraft:gray_concrete
-52,0,-126,avenue,minecraft:gray_concrete
-51,0,-126,avenue,minecraft:gray_concrete
-50,0,-126,avenue,minecraft:gray_concrete
-49,0,-126,avenue,minecraft:gray_concrete
-48,0,-126,avenue,minecraft:gray_concrete
-47,0,-126,avenue,minecraft:gray_concrete
-46,0,-126,avenue,minecraft:gray_concrete
-45,0,-126,avenue,minecraft:gray_concrete
-44,0,-126,avenue,minecraft:gray_concrete
-43,0,-126,avenue,minecraft:gray_concrete
-42,0,-126,avenue,minecraft:gray_concrete
-41,0,-126,avenue,minecraft:gray_concrete
-40,0,-126,avenue,minecraft:gray_concrete
-39,0,-126,avenue,minecraft:gray_concrete
-38,0,-126,avenue,minecraft:gray_concrete
-37,0,-126,avenue,minecraft:gray_concrete
-36,0,-126,avenue,minecraft:gray_concrete
-35,0,-126,avenue,minecraft:gray_concrete
-34,0,-126,avenue,minecraft:gray_concrete
-33,0,-126,avenue,minecraft:gray_concrete
-32,0,-126,avenue,minecraft:gray_concrete
-31,0,-126,avenue,minecraft:gray_concrete
-30,0,-126,avenue,minecraft:gray_concrete
-29,0,-126,avenue,minecraft:gray_concrete
-28,0,-126,avenue,minecraft:gray_concrete
-27,0,-126,avenue,minecraft:gray_concrete
-26,0,-126,avenue,minecraft:gray_concrete
-25,0,-126,avenue,minecraft:gray_concrete
-24,0,-126,avenue,minecraft:gray_concrete
-23,0,-126,avenue,minecraft:gray_concrete
-22,0,-126,avenue,minecraft:gray_concrete
-21,0,-126,avenue,minecraft:gray_concrete
-20,0,-126,avenue,minecraft:gray_concrete
-19,0,-126,avenue,minecraft:gray_concrete
-18,0,-126,avenue,minecraft:gray_concrete
-17,0,-126,avenue,minecraft:gray_concrete
-16,0,-126,crossing,minecraft:white_concrete
-15,0,-126,sidewalk,minecraft:smooth_stone
-14,0,-126,crossing,minecraft:white_concrete
-13,0,-126,avenue,minecraft:gray_concrete
-12,0,-126,avenue,minecraft:gray_concrete
-11,0,-126,avenue,minecraft:gray_concrete
-10,0,-126,avenue,minecraft:gray_concrete
-9,0,-126,avenue,minecraft:gray_concrete
-8,0,-126,avenue,minecraft:gray_concrete
-7,0,-126,avenue,minecraft:gray_concrete
-6,0,-126,avenue,minecraft:gray_concrete
-5,0,-126,avenue,minecraft:gray_concrete
-4,0,-126,avenue,minecraft:gray_concrete
-3,0,-126,avenue,minecraft:gray_concrete
-2,0,-126,avenue,minecraft:gray_concrete
-1,0,-126,avenue,minecraft:gray_concrete
0,0,-126,avenue,minecraft:gray_concrete
1,0,-126,avenue,minecraft:gray_concrete
2,0,-126,avenue,minecraft:gray_concrete
3,0,-126,avenue,minecraft:gray_concrete
4,0,-126,avenue,minecraft:gray_concrete
5,0,-126,avenue,minecraft:gray_concrete
6,0,-126,avenue,minecraft:gray_concrete
7,0,-126,avenue,minecraft:gray_concrete
8,0,-126,avenue,minecraft:gray_concrete
9,0,-126,avenue,minecraft:gray_concrete
10,0,-126,avenue,minecraft:gray_concrete
11,0,-126,avenue,minecraft:gray_concrete
12,0,-126,avenue,minecraft:gray_concrete
13,0,-126,crossing,minecraft:white_concrete
14,0,-126,crossing,minecraft:white_concrete
15,0,-126,avenue,minecraft:gray_concrete
16,0,-126,avenue,minecraft:gray_concrete
17,0,-126,avenue,minecraft:gray_concrete
18,0,-126,avenue,minecraft:gray_concrete
19,0,-126,avenue,minecraft:gray_concrete
20,0,-126,avenue,minecraft:gray_concrete
21,0,-126,avenue,minecraft:gray_concrete
22,0,-126,avenue,minecraft:gray_concrete
23,0,-126,avenue,minecraft:gray_concrete
24,0,-126,avenue,minecraft:gray_concrete
25,0,-126,avenue,minecraft:gray_concrete
26,0,-126,avenue,minecraft:gray_concrete
27,0,-126,avenue,minecraft:gray_concrete
28,0,-126,avenue,minecraft:gray_concrete
29,0,-126,avenue,minecraft:gray_concrete
30,0,-126,avenue,minecraft:gray_concrete
31,0,-126,avenue,minecraft:gray_concrete
32,0,-126,avenue,minecraft:gray_concrete
33,0,-126,avenue,minecraft:gray_concrete
34,0,-126,avenue,minecraft:gray_concrete
35,0,-126,avenue,minecraft:gray_concrete
36,0,-126,avenue,minecraft:gray_concrete
37,0,-126,avenue,minecraft:gray_concrete
38,0,-126,avenue,minecraft:gray_concrete
39,0,-126,avenue,minecraft:gray_concrete
40,0,-126,avenue,minecraft:gray_concrete
41,0,-126,avenue,minecraft:gray_concrete
42,0,-126,avenue,minecraft:gray_concrete
43,0,-126,avenue,minecraft:gray_concrete
44,0,-126,avenue,minecraft:gray_concrete
45,0,-126,avenue,minecraft:gray_concrete
46,0,-126,avenue,minecraft:gray_concrete
47,0,-126,avenue,minecraft:gray_concrete
48,0,-126,avenue,minecraft:gray_concrete
49,0,-126,avenue,minecraft:gray_concrete
50,0,-126,avenue,minecraft:gray_concrete
51,0,-126,avenue,minecraft:gray_concrete
52,0,-126,avenue,minecraft:gray_concrete
53,0,-126,avenue,minecraft:gray_concrete
54,0,-126,avenue,minecraft:gray_concrete
55,0,-126,avenue,minecraft:gray_concrete
56,0,-126,avenue,minecraft:gray_concrete
57,0,-126,avenue,minecraft:gray_concrete
58,0,-126,avenue,minecraft:gray_concrete
59,0,-126,avenue,minecraft:gray_concrete
60,0,-126,avenue,minecraft:gray_concrete
61,0,-126,avenue,minecraft:gray_concrete
62,0,-126,avenue,minecraft:gray_concrete
63,0,-126,avenue,minecraft:gray_concrete
64,0,-126,avenue,minecraft:gray_concrete
65,0,-126,avenue,minecraft:gray_concrete
66,0,-126,avenue,minecraft:gray_concrete
67,0,-126,alley,minecraft:polished_andesite
68,0,-126,alley,minecraft:polished_andesite
69,0,-126,alley,minecraft:polished_andesite
70,0,-126,alley,minecraft:polished_andesite
71,0,-126,avenue,minecraft:gray_concrete
72,0,-126,avenue,minecraft:gray_concrete
73,0,-126,avenue,minecraft:gray_concrete
74,0,-126,avenue,minecraft:gray_concrete
75,0,-126,avenue,minecraft:gray_concrete
76,0,-126,avenue,minecraft:gray_concrete
77,0,-126,avenue,minecraft:gray_concrete
78,0,-126,avenue,minecraft:gray_concrete
79,0,-126,avenue,minecraft:gray_concrete
80,0,-126,avenue,minecraft:gray_concrete
81,0,-126,avenue,minecraft:gray_concrete
-81,0,-125,avenue,minecraft:gray_concrete
-80,0,-125,avenue,minecraft:gray_concrete
-79,0,-125,avenue,minecraft:gray_concrete
-78,0,-125,avenue,minecraft:gray_concrete
-77,0,-125,avenue,minecraft:gray_concrete
-76,0,-125,avenue,minecraft:gray_concrete
-75,0,-125,avenue,minecraft:gray_concrete
-74,0,-125,avenue,minecraft:gray_concrete
-73,0,-125,avenue,minecraft:gray_concrete
-72,0,-125,avenue,minecraft:gray_concrete
-71,0,-125,alley,minecraft:polished_andesite
-70,0,-125,alley,minecraft:polished_andesite
-69,0,-125,alley,minecraft:polished_andesite
-68,0,-125,alley,minecraft:polished_andesite
-67,0,-125,avenue,minecraft:gray_concrete
-66,0,-125,avenue,minecraft:gray_concrete
-65,0,-125,avenue,minecraft:gray_concrete
-64,0,-125,avenue,minecraft:gray_concrete
-63,0,-125,avenue,minecraft:gray_concrete
-62,0,-125,avenue,minecraft:gray_concrete
-61,0,-125,avenue,minecraft:gray_concrete
-60,0,-125,avenue,minecraft:gray_concrete
-59,0,-125,avenue,minecraft:gray_concrete
-58,0,-125,avenue,minecraft:gray_concrete
-57,0,-125,avenue,minecraft:gray_concrete
-56,0,-125,avenue,minecraft:gray_concrete
-55,0,-125,avenue,minecraft:gray_concrete
-54,0,-125,avenue,minecraft:gray_concrete
-53,0,-125,avenue,minecraft:gray_concrete
-52,0,-125,avenue,minecraft:gray_concrete
-51,0,-125,avenue,minecraft:gray_concrete
-50,0,-125,avenue,minecraft:gray_concrete
-49,0,-125,avenue,minecraft:gray_concrete
-48,0,-125,avenue,minecraft:gray_concrete
-47,0,-125,avenue,minecraft:gray_concrete
-46,0,-125,avenue,minecraft:gray_concrete
-45,0,-125,avenue,minecraft:gray_concrete
-44,0,-125,avenue,minecraft:gray_concrete
-43,0,-125,avenue,minecraft:gray_concrete
-42,0,-125,avenue,minecraft:gray_concrete
-41,0,-125,avenue,minecraft:gray_concrete
-40,0,-125,avenue,minecraft:gray_concrete
-39,0,-125,avenue,minecraft:gray_concrete
-38,0,-125,avenue,minecraft:gray_concrete
-37,0,-125,avenue,minecraft:gray_concrete
-36,0,-125,avenue,minecraft:gray_concrete
-35,0,-125,avenue,minecraft:gray_concrete
-34,0,-125,avenue,minecraft:gray_concrete
-33,0,-125,avenue,minecraft:gray_concrete
-32,0,-125,avenue,minecraft:gray_concrete
-31,0,-125,avenue,minecraft:gray_concrete
-30,0,-125,avenue,minecraft:gray_concrete
-29,0,-125,avenue,minecraft:gray_concrete
-28,0,-125,avenue,minecraft:gray_concrete
-27,0,-125,avenue,minecraft:gray_concrete
-26,0,-125,avenue,minecraft:gray_concrete
-25,0,-125,avenue,minecraft:gray_concrete
-24,0,-125,avenue,minecraft:gray_concrete
-23,0,-125,avenue,minecraft:gray_concrete
-22,0,-125,avenue,minecraft:gray_concrete
-21,0,-125,avenue,minecraft:gray_concrete
-20,0,-125,avenue,minecraft:gray_concrete
-19,0,-125,avenue,minecraft:gray_concrete
-18,0,-125,avenue,minecraft:gray_concrete
-17,0,-125,avenue,minecraft:gray_concrete
-16,0,-125,sidewalk,minecraft:smooth_stone
-15,0,-125,sidewalk,minecraft:smooth_stone
-14,0,-125,sidewalk,minecraft:smooth_stone
-13,0,-125,avenue,minecraft:gray_concrete
-12,0,-125,avenue,minecraft:gray_concrete
-11,0,-125,avenue,minecraft:gray_concrete
-10,0,-125,avenue,minecraft:gray_concrete
-9,0,-125,avenue,minecraft:gray_concrete
-8,0,-125,avenue,minecraft:gray_concrete
-7,0,-125,avenue,minecraft:gray_concrete
-6,0,-125,avenue,minecraft:gray_concrete
-5,0,-125,avenue,minecraft:gray_concrete
-4,0,-125,avenue,minecraft:gray_concrete
-3,0,-125,avenue,minecraft:gray_concrete
-2,0,-125,avenue,minecraft:gray_concrete
-1,0,-125,avenue,minecraft:gray_concrete
0,0,-125,avenue,minecraft:gray_concrete
1,0,-125,avenue,minecraft:gray_concrete
2,0,-125,avenue,minecraft:gray_concrete
3,0,-125,avenue,minecraft:gray_concrete
4,0,-125,avenue,minecraft:gray_concrete
5,0,-125,avenue,minecraft:gray_concrete
6,0,-125,avenue,minecraft:gray_concrete
7,0,-125,avenue,minecraft:gray_concrete
8,0,-125,avenue,minecraft:gray_concrete
9,0,-125,avenue,minecraft:gray_concrete
10,0,-125,avenue,minecraft:gray_concrete
11,0,-125,avenue,minecraft:gray_concrete
12,0,-125,avenue,minecraft:gray_concrete
13,0,-125,sidewalk,minecraft:smooth_stone
14,0,-125,sidewalk,minecraft:smooth_stone
15,0,-125,avenue,minecraft:gray_concrete
16,0,-125,avenue,minecraft:gray_concrete
17,0,-125,avenue,minecraft:gray_concrete
18,0,-125,avenue,minecraft:gray_concrete
19,0,-125,avenue,minecraft:gray_concrete
20,0,-125,avenue,minecraft:gray_concrete
21,0,-125,avenue,minecraft:gray_concrete
22,0,-125,avenue,minecraft:gray_concrete
23,0,-125,avenue,minecraft:gray_concrete
24,0,-125,avenue,minecraft:gray_concrete
25,0,-125,avenue,minecraft:gray_concrete
26,0,-125,avenue,minecraft:gray_concrete
27,0,-125,avenue,minecraft:gray_concrete
28,0,-125,avenue,minecraft:gray_concrete
29,0,-125,avenue,minecraft:gray_concrete
30,0,-125,avenue,minecraft:gray_concrete
31,0,-125,avenue,minecraft:gray_concrete
32,0,-125,avenue,minecraft:gray_concrete
33,0,-125,avenue,minecraft:gray_concrete
34,0,-125,avenue,minecraft:gray_concrete
35,0,-125,avenue,minecraft:gray_concrete
36,0,-125,avenue,minecraft:gray_concrete
37,0,-125,avenue,minecraft:gray_concrete
38,0,-125,avenue,minecraft:gray_concrete
39,0,-125,avenue,minecraft:gray_concrete
40,0,-125,avenue,minecraft:gray_concrete
41,0,-125,avenue,minecraft:gray_concrete
42,0,-125,avenue,minecraft:gray_concrete
43,0,-125,avenue,minecraft:gray_concrete
44,0,-125,avenue,minecraft:gray_concrete
45,0,-125,avenue,minecraft:gray_concrete
46,0,-125,avenue,minecraft:gray_concrete
47,0,-125,avenue,minecraft:gray_concrete
48,0,-125,avenue,minecraft:gray_concrete
49,0,-125,avenue,minecraft:gray_concrete
50,0,-125,avenue,minecraft:gray_concrete
51,0,-125,avenue,minecraft:gray_concrete
52,0,-125,avenue,minecraft:gray_concrete
53,0,-125,avenue,minecraft:gray_concrete
54,0,-125,avenue,minecraft:gray_concrete
55,0,-125,avenue,minecraft:gray_concrete
56,0,-125,avenue,minecraft:gray_concrete
57,0,-125,avenue,minecraft:gray_concrete
58,0,-125,avenue,minecraft:gray_concrete
59,0,-125,avenue,minecraft:gray_concrete
60,0,-125,avenue,minecraft:gray_concrete
61,0,-125,avenue,minecraft:gray_concrete
62,0,-125,avenue,minecraft:gray_concrete
63,0,-125,avenue,minecraft:gray_concrete
64,0,-125,avenue,minecraft:gray_concrete
65,0,-125,avenue,minecraft:gray_concrete
66,0,-125,avenue,minecraft:gray_concrete
67,0,-125,alley,minecraft:polished_andesite
68,0,-125,alley,minecraft:polished_andesite
69,0,-125,alley,minecraft:polished_andesite
70,0,-125,alley,minecraft:polished_andesite
71,0,-125,avenue,minecraft:gray_concrete
72,0,-125,avenue,minecraft:gray_concrete
73,0,-125,avenue,minecraft:gray_concrete
74,0,-125,avenue,minecraft:gray_concrete
75,0,-125,avenue,minecraft:gray_concrete
76,0,-125,avenue,minecraft:gray_concrete
77,0,-125,avenue,minecraft:gray_concrete
78,0,-125,avenue,minecraft:gray_concrete
79,0,-125,avenue,minecraft:gray_concrete
80,0,-125,avenue,minecraft:gray_concrete
81,0,-125,avenue,minecraft:gray_concrete
-81,0,-124,sidewalk,minecraft:smooth_stone
-80,0,-124,sidewalk,minecraft:smooth_stone
-79,0,-124,sidewalk,minecraft:smooth_stone
-78,0,-124,sidewalk,minecraft:smooth_stone
-77,0,-124,sidewalk,minecraft:smooth_stone
-76,0,-124,sidewalk,minecraft:smooth_stone
-75,0,-124,sidewalk,minecraft:smooth_stone
-74,0,-124,sidewalk,minecraft:smooth_stone
-73,0,-124,sidewalk,minecraft:smooth_stone
-72,0,-124,sidewalk,minecraft:smooth_stone
-71,0,-124,sidewalk,minecraft:smooth_stone
-70,0,-124,sidewalk,minecraft:smooth_stone
-69,0,-124,sidewalk,minecraft:smooth_stone
-68,0,-124,sidewalk,minecraft:smooth_stone
-67,0,-124,sidewalk,minecraft:smooth_stone
-66,0,-124,sidewalk,minecraft:smooth_stone
-65,0,-124,sidewalk,minecraft:smooth_stone
-64,0,-124,sidewalk,minecraft:smooth_stone
-63,0,-124,sidewalk,minecraft:smooth_stone
-62,0,-124,sidewalk,minecraft:smooth_stone
-61,0,-124,sidewalk,minecraft:smooth_stone
-60,0,-124,sidewalk,minecraft:smooth_stone
-59,0,-124,sidewalk,minecraft:smooth_stone
-58,0,-124,sidewalk,minecraft:smooth_stone
-57,0,-124,sidewalk,minecraft:smooth_stone
-56,0,-124,sidewalk,minecraft:smooth_stone
-55,0,-124,sidewalk,minecraft:smooth_stone
-54,0,-124,sidewalk,minecraft:smooth_stone
-53,0,-124,sidewalk,minecraft:smooth_stone
-52,0,-124,sidewalk,minecraft:smooth_stone
-51,0,-124,sidewalk,minecraft:smooth_stone
-50,0,-124,sidewalk,minecraft:smooth_stone
-49,0,-124,sidewalk,minecraft:smooth_stone
-48,0,-124,sidewalk,minecraft:smooth_stone
-47,0,-124,sidewalk,minecraft:smooth_stone
-46,0,-124,sidewalk,minecraft:smooth_stone
-45,0,-124,sidewalk,minecraft:smooth_stone
-44,0,-124,sidewalk,minecraft:smooth_stone
-43,0,-124,sidewalk,minecraft:smooth_stone
-42,0,-124,sidewalk,minecraft:smooth_stone
-41,0,-124,sidewalk,minecraft:smooth_stone
-40,0,-124,sidewalk,minecraft:smooth_stone
-39,0,-124,sidewalk,minecraft:smooth_stone
-38,0,-124,sidewalk,minecraft:smooth_stone
-37,0,-124,sidewalk,minecraft:smooth_stone
-36,0,-124,sidewalk,minecraft:smooth_stone
-35,0,-124,sidewalk,minecraft:smooth_stone
-34,0,-124,sidewalk,minecraft:smooth_stone
-33,0,-124,sidewalk,minecraft:smooth_stone
-32,0,-124,sidewalk,minecraft:smooth_stone
-31,0,-124,sidewalk,minecraft:smooth_stone
-30,0,-124,sidewalk,minecraft:smooth_stone
-29,0,-124,sidewalk,minecraft:smooth_stone
-28,0,-124,sidewalk,minecraft:smooth_stone
-27,0,-124,sidewalk,minecraft:smooth_stone
-26,0,-124,sidewalk,minecraft:smooth_stone
-25,0,-124,sidewalk,minecraft:smooth_stone
-24,0,-124,sidewalk,minecraft:smooth_stone
-23,0,-124,sidewalk,minecraft:smooth_stone
-22,0,-124,sidewalk,minecraft:smooth_stone
-21,0,-124,sidewalk,minecraft:smooth_stone
-20,0,-124,sidewalk,minecraft:smooth_stone
-19,0,-124,sidewalk,minecraft:smooth_stone
-18,0,-124,sidewalk,minecraft:smooth_stone
-17,0,-124,sidewalk,minecraft:smooth_stone
-16,0,-124,sidewalk,minecraft:smooth_stone
-15,0,-124,sidewalk,minecraft:smooth_stone
-14,0,-124,sidewalk,minecraft:smooth_stone
-13,0,-124,crossing,minecraft:white_concrete
-12,0,-124,crossing,minecraft:white_concrete
-11,0,-124,crossing,minecraft:white_concrete
-10,0,-124,crossing,minecraft:white_concrete
-9,0,-124,crossing,minecraft:white_concrete
-8,0,-124,crossing,minecraft:white_concrete
-7,0,-124,crossing,minecraft:white_concrete
-6,0,-124,crossing,minecraft:white_concrete
-5,0,-124,crossing,minecraft:white_concrete
-4,0,-124,crossing,minecraft:white_concrete
-3,0,-124,crossing,minecraft:white_concrete
-2,0,-124,crossing,minecraft:white_concrete
-1,0,-124,crossing,minecraft:white_concrete
0,0,-124,crossing,minecraft:white_concrete
1,0,-124,crossing,minecraft:white_concrete
2,0,-124,crossing,minecraft:white_concrete
3,0,-124,crossing,minecraft:white_concrete
4,0,-124,crossing,minecraft:white_concrete
5,0,-124,crossing,minecraft:white_concrete
6,0,-124,crossing,minecraft:white_concrete
7,0,-124,crossing,minecraft:white_concrete
8,0,-124,crossing,minecraft:white_concrete
9,0,-124,crossing,minecraft:white_concrete
10,0,-124,crossing,minecraft:white_concrete
11,0,-124,crossing,minecraft:white_concrete
12,0,-124,sidewalk,minecraft:smooth_stone
13,0,-124,sidewalk,minecraft:smooth_stone
14,0,-124,sidewalk,minecraft:smooth_stone
15,0,-124,sidewalk,minecraft:smooth_stone
16,0,-124,sidewalk,minecraft:smooth_stone
17,0,-124,sidewalk,minecraft:smooth_stone
18,0,-124,sidewalk,minecraft:smooth_stone
19,0,-124,sidewalk,minecraft:smooth_stone
20,0,-124,sidewalk,minecraft:smooth_stone
21,0,-124,sidewalk,minecraft:smooth_stone
22,0,-124,sidewalk,minecraft:smooth_stone
23,0,-124,sidewalk,minecraft:smooth_stone
24,0,-124,sidewalk,minecraft:smooth_stone
25,0,-124,sidewalk,minecraft:smooth_stone
26,0,-124,sidewalk,minecraft:smooth_stone
27,0,-124,sidewalk,minecraft:smooth_stone
28,0,-124,sidewalk,minecraft:smooth_stone
29,0,-124,sidewalk,minecraft:smooth_stone
30,0,-124,sidewalk,minecraft:smooth_stone
31,0,-124,sidewalk,minecraft:smooth_stone
32,0,-124,sidewalk,minecraft:smooth_stone
33,0,-124,sidewalk,minecraft:smooth_stone
34,0,-124,sidewalk,minecraft:smooth_stone
35,0,-124,sidewalk,minecraft:smooth_stone
36,0,-124,sidewalk,minecraft:smooth_stone
37,0,-124,sidewalk,minecraft:smooth_stone
38,0,-124,sidewalk,minecraft:smooth_stone
39,0,-124,sidewalk,minecraft:smooth_stone
40,0,-124,sidewalk,minecraft:smooth_stone
41,0,-124,sidewalk,minecraft:smooth_stone
42,0,-124,sidewalk,minecraft:smooth_stone
43,0,-124,sidewalk,minecraft:smooth_stone
44,0,-124,sidewalk,minecraft:smooth_stone
45,0,-124,sidewalk,minecraft:smooth_stone
46,0,-124,sidewalk,minecraft:smooth_stone
47,0,-124,sidewalk,minecraft:smooth_stone
48,0,-124,sidewalk,minecraft:smooth_stone
49,0,-124,sidewalk,minecraft:smooth_stone
50,0,-124,sidewalk,minecraft:smooth_stone
51,0,-124,sidewalk,minecraft:smooth_stone
52,0,-124,avenue,minecraft:gray_concrete
53,0,-124,avenue,minecraft:gray_concrete
54,0,-124,avenue,minecraft:gray_concrete
55,0,-124,avenue,minecraft:gray_concrete
56,0,-124,avenue,minecraft:gray_concrete
57,0,-124,avenue,minecraft:gray_concrete
58,0,-124,avenue,minecraft:gray_concrete
59,0,-124,avenue,minecraft:gray_concrete
60,0,-124,avenue,minecraft:gray_concrete
61,0,-124,avenue,minecraft:gray_concrete
62,0,-124,avenue,minecraft:gray_concrete
63,0,-124,avenue,minecraft:gray_concrete
64,0,-124,avenue,minecraft:gray_concrete
65,0,-124,avenue,minecraft:gray_concrete
66,0,-124,avenue,minecraft:gray_concrete
67,0,-124,alley,minecraft:polished_andesite
68,0,-124,alley,minecraft:polished_andesite
69,0,-124,alley,minecraft:polished_andesite
70,0,-124,alley,minecraft:polished_andesite
71,0,-124,avenue,minecraft:gray_concrete
72,0,-124,avenue,minecraft:gray_concrete
73,0,-124,avenue,minecraft:gray_concrete
74,0,-124,avenue,minecraft:gray_concrete
75,0,-124,avenue,minecraft:gray_concrete
76,0,-124,avenue,minecraft:gray_concrete
77,0,-124,avenue,minecraft:gray_concrete
78,0,-124,avenue,minecraft:gray_concrete
79,0,-124,avenue,minecraft:gray_concrete
80,0,-124,avenue,minecraft:gray_concrete
81,0,-124,avenue,minecraft:gray_concrete
-81,0,-123,sidewalk,minecraft:smooth_stone
-80,0,-123,sidewalk,minecraft:smooth_stone
-79,0,-123,sidewalk,minecraft:smooth_stone
-78,0,-123,sidewalk,minecraft:smooth_stone
-77,0,-123,sidewalk,minecraft:smooth_stone
-76,0,-123,sidewalk,minecraft:smooth_stone
-75,0,-123,sidewalk,minecraft:smooth_stone
-74,0,-123,sidewalk,minecraft:smooth_stone
-73,0,-123,sidewalk,minecraft:smooth_stone
-72,0,-123,sidewalk,minecraft:smooth_stone
-71,0,-123,sidewalk,minecraft:smooth_stone
-70,0,-123,sidewalk,minecraft:smooth_stone
-69,0,-123,sidewalk,minecraft:smooth_stone
-68,0,-123,sidewalk,minecraft:smooth_stone
-67,0,-123,sidewalk,minecraft:smooth_stone
-66,0,-123,sidewalk,minecraft:smooth_stone
-65,0,-123,sidewalk,minecraft:smooth_stone
-64,0,-123,sidewalk,minecraft:smooth_stone
-63,0,-123,sidewalk,minecraft:smooth_stone
-62,0,-123,sidewalk,minecraft:smooth_stone
-61,0,-123,sidewalk,minecraft:smooth_stone
-60,0,-123,sidewalk,minecraft:smooth_stone
-59,0,-123,sidewalk,minecraft:smooth_stone
-58,0,-123,sidewalk,minecraft:smooth_stone
-57,0,-123,sidewalk,minecraft:smooth_stone
-56,0,-123,sidewalk,minecraft:smooth_stone
-55,0,-123,sidewalk,minecraft:smooth_stone
-54,0,-123,sidewalk,minecraft:smooth_stone
-53,0,-123,sidewalk,minecraft:smooth_stone
-52,0,-123,sidewalk,minecraft:smooth_stone
-51,0,-123,sidewalk,minecraft:smooth_stone
-50,0,-123,sidewalk,minecraft:smooth_stone
-49,0,-123,sidewalk,minecraft:smooth_stone
-48,0,-123,sidewalk,minecraft:smooth_stone
-47,0,-123,sidewalk,minecraft:smooth_stone
-46,0,-123,sidewalk,minecraft:smooth_stone
-45,0,-123,sidewalk,minecraft:smooth_stone
-44,0,-123,sidewalk,minecraft:smooth_stone
-43,0,-123,sidewalk,minecraft:smooth_stone
-42,0,-123,sidewalk,minecraft:smooth_stone
-41,0,-123,sidewalk,minecraft:smooth_stone
-40,0,-123,sidewalk,minecraft:smooth_stone
-39,0,-123,sidewalk,minecraft:smooth_stone
-38,0,-123,sidewalk,minecraft:smooth_stone
-37,0,-123,sidewalk,minecraft:smooth_stone
-36,0,-123,sidewalk,minecraft:smooth_stone
-35,0,-123,sidewalk,minecraft:smooth_stone
-34,0,-123,sidewalk,minecraft:smooth_stone
-33,0,-123,sidewalk,minecraft:smooth_stone
-32,0,-123,sidewalk,minecraft:smooth_stone
-31,0,-123,sidewalk,minecraft:smooth_stone
-30,0,-123,sidewalk,minecraft:smooth_stone
-29,0,-123,sidewalk,minecraft:smooth_stone
-28,0,-123,sidewalk,minecraft:smooth_stone
-27,0,-123,sidewalk,minecraft:smooth_stone
-26,0,-123,sidewalk,minecraft:smooth_stone
-25,0,-123,sidewalk,minecraft:smooth_stone
-24,0,-123,sidewalk,minecraft:smooth_stone
-23,0,-123,sidewalk,minecraft:smooth_stone
-22,0,-123,sidewalk,minecraft:smooth_stone
-21,0,-123,sidewalk,minecraft:smooth_stone
-20,0,-123,sidewalk,minecraft:smooth_stone
-19,0,-123,sidewalk,minecraft:smooth_stone
-18,0,-123,sidewalk,minecraft:smooth_stone
-17,0,-123,sidewalk,minecraft:smooth_stone
-16,0,-123,sidewalk,minecraft:smooth_stone
-15,0,-123,sidewalk,minecraft:smooth_stone
-14,0,-123,sidewalk,minecraft:smooth_stone
-13,0,-123,crossing,minecraft:white_concrete
-12,0,-123,crossing,minecraft:white_concrete
-11,0,-123,crossing,minecraft:white_concrete
-10,0,-123,crossing,minecraft:white_concrete
-9,0,-123,crossing,minecraft:white_concrete
-8,0,-123,crossing,minecraft:white_concrete
-7,0,-123,crossing,minecraft:white_concrete
-6,0,-123,crossing,minecraft:white_concrete
-5,0,-123,crossing,minecraft:white_concrete
-4,0,-123,crossing,minecraft:white_concrete
-3,0,-123,crossing,minecraft:white_concrete
-2,0,-123,crossing,minecraft:white_concrete
-1,0,-123,crossing,minecraft:white_concrete
0,0,-123,crossing,minecraft:white_concrete
1,0,-123,crossing,minecraft:white_concrete
2,0,-123,crossing,minecraft:white_concrete
3,0,-123,crossing,minecraft:white_concrete
4,0,-123,crossing,minecraft:white_concrete
5,0,-123,crossing,minecraft:white_concrete
6,0,-123,crossing,minecraft:white_concrete
7,0,-123,crossing,minecraft:white_concrete
8,0,-123,crossing,minecraft:white_concrete
9,0,-123,crossing,minecraft:white_concrete
10,0,-123,crossing,minecraft:white_concrete
11,0,-123,crossing,minecraft:white_concrete
12,0,-123,crossing,minecraft:white_concrete
13,0,-123,sidewalk,minecraft:smooth_stone
14,0,-123,sidewalk,minecraft:smooth_stone
15,0,-123,sidewalk,minecraft:smooth_stone
16,0,-123,sidewalk,minecraft:smooth_stone
17,0,-123,sidewalk,minecraft:smooth_stone
18,0,-123,sidewalk,minecraft:smooth_stone
19,0,-123,sidewalk,minecraft:smooth_stone
20,0,-123,sidewalk,minecraft:smooth_stone
21,0,-123,sidewalk,minecraft:smooth_stone
22,0,-123,sidewalk,minecraft:smooth_stone
23,0,-123,sidewalk,minecraft:smooth_stone
24,0,-123,sidewalk,minecraft:smooth_stone
25,0,-123,sidewalk,minecraft:smooth_stone
26,0,-123,sidewalk,minecraft:smooth_stone
27,0,-123,sidewalk,minecraft:smooth_stone
28,0,-123,sidewalk,minecraft:smooth_stone
29,0,-123,sidewalk,minecraft:smooth_stone
30,0,-123,sidewalk,minecraft:smooth_stone
31,0,-123,sidewalk,minecraft:smooth_stone
32,0,-123,sidewalk,minecraft:smooth_stone
33,0,-123,sidewalk,minecraft:smooth_stone
34,0,-123,sidewalk,minecraft:smooth_stone
35,0,-123,sidewalk,minecraft:smooth_stone
36,0,-123,sidewalk,minecraft:smooth_stone
37,0,-123,sidewalk,minecraft:smooth_stone
38,0,-123,sidewalk,minecraft:smooth_stone
39,0,-123,sidewalk,minecraft:smooth_stone
40,0,-123,sidewalk,minecraft:smooth_stone
41,0,-123,sidewalk,minecraft:smooth_stone
42,0,-123,sidewalk,minecraft:smooth_stone
43,0,-123,sidewalk,minecraft:smooth_stone
44,0,-123,sidewalk,minecraft:smooth_stone
45,0,-123,sidewalk,minecraft:smooth_stone
46,0,-123,sidewalk,minecraft:smooth_stone
47,0,-123,sidewalk,minecraft:smooth_stone
48,0,-123,sidewalk,minecraft:smooth_stone
49,0,-123,sidewalk,minecraft:smooth_stone
50,0,-123,sidewalk,minecraft:smooth_stone
51,0,-123,sidewalk,minecraft:smooth_stone
52,0,-123,sidewalk,minecraft:smooth_stone
53,0,-123,sidewalk,minecraft:smooth_stone
54,0,-123,sidewalk,minecraft:smooth_stone
55,0,-123,sidewalk,minecraft:smooth_stone
56,0,-123,sidewalk,minecraft:smooth_stone
57,0,-123,sidewalk,minecraft:smooth_stone
58,0,-123,sidewalk,minecraft:smooth_stone
59,0,-123,sidewalk,minecraft:smooth_stone
60,0,-123,sidewalk,minecraft:smooth_stone
61,0,-123,sidewalk,minecraft:smooth_stone
62,0,-123,sidewalk,minecraft:smooth_stone
63,0,-123,sidewalk,minecraft:smooth_stone
64,0,-123,sidewalk,minecraft:smooth_stone
65,0,-123,sidewalk,minecraft:smooth_stone
66,0,-123,sidewalk,minecraft:smooth_stone
67,0,-123,sidewalk,minecraft:smooth_stone
68,0,-123,sidewalk,minecraft:smooth_stone
69,0,-123,sidewalk,minecraft:smooth_stone
70,0,-123,sidewalk,minecraft:smooth_stone
71,0,-123,sidewalk,minecraft:smooth_stone
72,0,-123,sidewalk,minecraft:smooth_stone
73,0,-123,sidewalk,minecraft:smooth_stone
74,0,-123,sidewalk,minecraft:smooth_stone
75,0,-123,sidewalk,minecraft:smooth_stone
76,0,-123,sidewalk,minecraft:smooth_stone
77,0,-123,sidewalk,minecraft:smooth_stone
78,0,-123,sidewalk,minecraft:smooth_stone
79,0,-123,sidewalk,minecraft:smooth_stone
80,0,-123,sidewalk,minecraft:smooth_stone
81,0,-123,sidewalk,minecraft:smooth_stone
-81,0,-122,sidewalk,minecraft:smooth_stone
-80,0,-122,sidewalk,minecraft:smooth_stone
-79,0,-122,sidewalk,minecraft:smooth_stone
-78,0,-122,sidewalk,minecraft:smooth_stone
-77,0,-122,sidewalk,minecraft:smooth_stone
-76,0,-122,sidewalk,minecraft:smooth_stone
-75,0,-122,sidewalk,minecraft:smooth_stone
-74,0,-122,sidewalk,minecraft:smooth_stone
-73,0,-122,sidewalk,minecraft:smooth_stone
-72,0,-122,sidewalk,minecraft:smooth_stone
-71,0,-122,sidewalk,minecraft:smooth_stone
-70,0,-122,sidewalk,minecraft:smooth_stone
-69,0,-122,sidewalk,minecraft:smooth_stone
-68,0,-122,sidewalk,minecraft:smooth_stone
-67,0,-122,sidewalk,minecraft:smooth_stone
-66,0,-122,sidewalk,minecraft:smooth_stone
-65,0,-122,sidewalk,minecraft:smooth_stone
-64,0,-122,sidewalk,minecraft:smooth_stone
-63,0,-122,sidewalk,minecraft:smooth_stone
-62,0,-122,sidewalk,minecraft:smooth_stone
-61,0,-122,sidewalk,minecraft:smooth_stone
-60,0,-122,sidewalk,minecraft:smooth_stone
-59,0,-122,sidewalk,minecraft:smooth_stone
-58,0,-122,sidewalk,minecraft:smooth_stone
-57,0,-122,sidewalk,minecraft:smooth_stone
-56,0,-122,sidewalk,minecraft:smooth_stone
-55,0,-122,sidewalk,minecraft:smooth_stone
-54,0,-122,sidewalk,minecraft:smooth_stone
-53,0,-122,sidewalk,minecraft:smooth_stone
-52,0,-122,sidewalk,minecraft:smooth_stone
-51,0,-122,sidewalk,minecraft:smooth_stone
-50,0,-122,sidewalk,minecraft:smooth_stone
-49,0,-122,sidewalk,minecraft:smooth_stone
-48,0,-122,sidewalk,minecraft:smooth_stone
-47,0,-122,sidewalk,minecraft:smooth_stone
-46,0,-122,sidewalk,minecraft:smooth_stone
-45,0,-122,sidewalk,minecraft:smooth_stone
-44,0,-122,sidewalk,minecraft:smooth_stone
-43,0,-122,sidewalk,minecraft:smooth_stone
-42,0,-122,sidewalk,minecraft:smooth_stone
-41,0,-122,sidewalk,minecraft:smooth_stone
-40,0,-122,sidewalk,minecraft:smooth_stone
-39,0,-122,sidewalk,minecraft:smooth_stone
-38,0,-122,sidewalk,minecraft:smooth_stone
-37,0,-122,sidewalk,minecraft:smooth_stone
-36,0,-122,sidewalk,minecraft:smooth_stone
-35,0,-122,sidewalk,minecraft:smooth_stone
-34,0,-122,sidewalk,minecraft:smooth_stone
-33,0,-122,sidewalk,minecraft:smooth_stone
-32,0,-122,sidewalk,minecraft:smooth_stone
-31,0,-122,sidewalk,minecraft:smooth_stone
-30,0,-122,sidewalk,minecraft:smooth_stone
-29,0,-122,sidewalk,minecraft:smooth_stone
-28,0,-122,sidewalk,minecraft:smooth_stone
-27,0,-122,sidewalk,minecraft:smooth_stone
-26,0,-122,sidewalk,minecraft:smooth_stone
-25,0,-122,sidewalk,minecraft:smooth_stone
-24,0,-122,sidewalk,minecraft:smooth_stone
-23,0,-122,sidewalk,minecraft:smooth_stone
-22,0,-122,sidewalk,minecraft:smooth_stone
-21,0,-122,sidewalk,minecraft:smooth_stone
-20,0,-122,sidewalk,minecraft:smooth_stone
-19,0,-122,sidewalk,minecraft:smooth_stone
-18,0,-122,sidewalk,minecraft:smooth_stone
-17,0,-122,sidewalk,minecraft:smooth_stone
-16,0,-122,sidewalk,minecraft:smooth_stone
-15,0,-122,sidewalk,minecraft:smooth_stone
-14,0,-122,sidewalk,minecraft:smooth_stone
-13,0,-122,sidewalk,minecraft:smooth_stone
-12,0,-122,crossing,minecraft:white_concrete
-11,0,-122,crossing,minecraft:white_concrete
-10,0,-122,crossing,minecraft:white_concrete
-9,0,-122,crossing,minecraft:white_concrete
-8,0,-122,crossing,minecraft:white_concrete
-7,0,-122,crossing,minecraft:white_concrete
-6,0,-122,crossing,minecraft:white_concrete
-5,0,-122,crossing,minecraft:white_concrete
-4,0,-122,crossing,minecraft:white_concrete
-3,0,-122,crossing,minecraft:white_concrete
-2,0,-122,crossing,minecraft:white_concrete
-1,0,-122,crossing,minecraft:white_concrete
0,0,-122,crossing,minecraft:white_concrete
1,0,-122,crossing,minecraft:white_concrete
2,0,-122,crossing,minecraft:white_concrete
3,0,-122,crossing,minecraft:white_concrete
4,0,-122,crossing,minecraft:white_concrete
5,0,-122,crossing,minecraft:white_concrete
6,0,-122,crossing,minecraft:white_concrete
7,0,-122,crossing,minecraft:white_concrete
8,0,-122,crossing,minecraft:white_concrete
9,0,-122,crossing,minecraft:white_concrete
10,0,-122,crossing,minecraft:white_concrete
11,0,-122,crossing,minecraft:white_concrete
12,0,-122,sidewalk,minecraft:smooth_stone
13,0,-122,sidewalk,minecraft:smooth_stone
14,0,-122,sidewalk,minecraft:smooth_stone
15,0,-122,sidewalk,minecraft:smooth_stone
16,0,-122,sidewalk,minecraft:smooth_stone
17,0,-122,sidewalk,minecraft:smooth_stone
18,0,-122,sidewalk,minecraft:smooth_stone
19,0,-122,sidewalk,minecraft:smooth_stone
20,0,-122,sidewalk,minecraft:smooth_stone
21,0,-122,sidewalk,minecraft:smooth_stone
22,0,-122,sidewalk,minecraft:smooth_stone
23,0,-122,sidewalk,minecraft:smooth_stone
24,0,-122,sidewalk,minecraft:smooth_stone
25,0,-122,sidewalk,minecraft:smooth_stone
26,0,-122,sidewalk,minecraft:smooth_stone
27,0,-122,sidewalk,minecraft:smooth_stone
28,0,-122,sidewalk,minecraft:smooth_stone
29,0,-122,sidewalk,minecraft:smooth_stone
30,0,-122,sidewalk,minecraft:smooth_stone
31,0,-122,sidewalk,minecraft:smooth_stone
32,0,-122,sidewalk,minecraft:smooth_stone
33,0,-122,sidewalk,minecraft:smooth_stone
34,0,-122,sidewalk,minecraft:smooth_stone
35,0,-122,sidewalk,minecraft:smooth_stone
36,0,-122,sidewalk,minecraft:smooth_stone
37,0,-122,sidewalk,minecraft:smooth_stone
38,0,-122,sidewalk,minecraft:smooth_stone
39,0,-122,sidewalk,minecraft:smooth_stone
40,0,-122,sidewalk,minecraft:smooth_stone
41,0,-122,sidewalk,minecraft:smooth_stone
42,0,-122,sidewalk,minecraft:smooth_stone
43,0,-122,sidewalk,minecraft:smooth_stone
44,0,-122,sidewalk,minecraft:smooth_stone
45,0,-122,sidewalk,minecraft:smooth_stone
46,0,-122,sidewalk,minecraft:smooth_stone
47,0,-122,sidewalk,minecraft:smooth_stone
48,0,-122,sidewalk,minecraft:smooth_stone
49,0,-122,sidewalk,minecraft:smooth_stone
50,0,-122,sidewalk,minecraft:smooth_stone
51,0,-122,sidewalk,minecraft:smooth_stone
52,0,-122,sidewalk,minecraft:smooth_stone
53,0,-122,sidewalk,minecraft:smooth_stone
54,0,-122,sidewalk,minecraft:smooth_stone
55,0,-122,sidewalk,minecraft:smooth_stone
56,0,-122,sidewalk,minecraft:smooth_stone
57,0,-122,sidewalk,minecraft:smooth_stone
58,0,-122,sidewalk,minecraft:smooth_stone
59,0,-122,sidewalk,minecraft:smooth_stone
60,0,-122,sidewalk,minecraft:smooth_stone
61,0,-122,sidewalk,minecraft:smooth_stone
62,0,-122,sidewalk,minecraft:smooth_stone
63,0,-122,sidewalk,minecraft:smooth_stone
64,0,-122,sidewalk,minecraft:smooth_stone
65,0,-122,sidewalk,minecraft:smooth_stone
66,0,-122,sidewalk,minecraft:smooth_stone
67,0,-122,sidewalk,minecraft:smooth_stone
68,0,-122,sidewalk,minecraft:smooth_stone
69,0,-122,sidewalk,minecraft:smooth_stone
70,0,-122,sidewalk,minecraft:smooth_stone
71,0,-122,sidewalk,minecraft:smooth_stone
72,0,-122,sidewalk,minecraft:smooth_stone
73,0,-122,sidewalk,minecraft:smooth_stone
74,0,-122,sidewalk,minecraft:smooth_stone
75,0,-122,sidewalk,minecraft:smooth_stone
76,0,-122,sidewalk,minecraft:smooth_stone
77,0,-122,sidewalk,minecraft:smooth_stone
78,0,-122,sidewalk,minecraft:smooth_stone
79,0,-122,sidewalk,minecraft:smooth_stone
80,0,-122,sidewalk,minecraft:smooth_stone
81,0,-122,sidewalk,minecraft:smooth_stone
-71,0,-121,alley,minecraft:polished_andesite
-70,0,-121,alley,minecraft:polished_andesite
-69,0,-121,alley,minecraft:polished_andesite
-68,0,-121,alley,minecraft:polished_andesite
-46,0,-121,building_footprint,minecraft:orange_concrete
-45,0,-121,building_footprint,minecraft:orange_concrete
-44,0,-121,building_footprint,minecraft:orange_concrete
-43,0,-121,building_footprint,minecraft:orange_concrete
-42,0,-121,building_footprint,minecraft:orange_concrete
-41,0,-121,building_footprint,minecraft:orange_concrete
-40,0,-121,building_footprint,minecraft:orange_concrete
-39,0,-121,building_footprint,minecraft:orange_concrete
-38,0,-121,building_footprint,minecraft:orange_concrete
-37,0,-121,building_footprint,minecraft:orange_concrete
-36,0,-121,building_footprint,minecraft:orange_concrete
-35,0,-121,building_footprint,minecraft:orange_concrete
-34,0,-121,building_footprint,minecraft:orange_concrete
-33,0,-121,building_footprint,minecraft:orange_concrete
-32,0,-121,building_footprint,minecraft:orange_concrete
-31,0,-121,building_footprint,minecraft:orange_concrete
-30,0,-121,building_footprint,minecraft:orange_concrete
-29,0,-121,building_footprint,minecraft:orange_concrete
-28,0,-121,building_footprint,minecraft:orange_concrete
-27,0,-121,building_footprint,minecraft:orange_concrete
-26,0,-121,building_footprint,minecraft:orange_concrete
-25,0,-121,building_footprint,minecraft:orange_concrete
-24,0,-121,building_footprint,minecraft:orange_concrete
-23,0,-121,building_footprint,minecraft:orange_concrete
-22,0,-121,building_footprint,minecraft:orange_concrete
-21,0,-121,building_footprint,minecraft:orange_concrete
-20,0,-121,building_footprint,minecraft:orange_concrete
-19,0,-121,building_footprint,minecraft:orange_concrete
-18,0,-121,building_footprint,minecraft:orange_concrete
-17,0,-121,building_footprint,minecraft:orange_concrete
-16,0,-121,sidewalk,minecraft:smooth_stone
-15,0,-121,sidewalk,minecraft:smooth_stone
-14,0,-121,sidewalk,minecraft:smooth_stone
-13,0,-121,main_street,minecraft:black_concrete
-12,0,-121,main_street,minecraft:black_concrete
-11,0,-121,main_street,minecraft:black_concrete
-10,0,-121,main_street,minecraft:black_concrete
-9,0,-121,main_street,minecraft:black_concrete
-8,0,-121,main_street,minecraft:black_concrete
-7,0,-121,main_street,minecraft:black_concrete
-6,0,-121,main_street,minecraft:black_concrete
-5,0,-121,main_street,minecraft:black_concrete
-4,0,-121,main_street,minecraft:black_concrete
-3,0,-121,main_street,minecraft:black_concrete
-2,0,-121,main_street,minecraft:black_concrete
-1,0,-121,main_street,minecraft:black_concrete
0,0,-121,main_street,minecraft:black_concrete
1,0,-121,main_street,minecraft:black_concrete
2,0,-121,main_street,minecraft:black_concrete
3,0,-121,main_street,minecraft:black_concrete
4,0,-121,main_street,minecraft:black_concrete
5,0,-121,main_street,minecraft:black_concrete
6,0,-121,main_street,minecraft:black_concrete
7,0,-121,main_street,minecraft:black_concrete
8,0,-121,main_street,minecraft:black_concrete
9,0,-121,main_street,minecraft:black_concrete
10,0,-121,main_street,minecraft:black_concrete
11,0,-121,main_street,minecraft:black_concrete
12,0,-121,main_street,minecraft:black_concrete
13,0,-121,sidewalk,minecraft:smooth_stone
14,0,-121,sidewalk,minecraft:smooth_stone
15,0,-121,sidewalk,minecraft:smooth_stone
35,0,-121,building_footprint,minecraft:orange_concrete
36,0,-121,building_footprint,minecraft:orange_concrete
37,0,-121,building_footprint,minecraft:orange_concrete
52,0,-121,sidewalk,minecraft:smooth_stone
53,0,-121,sidewalk,minecraft:smooth_stone
54,0,-121,sidewalk,minecraft:smooth_stone
55,0,-121,sidewalk,minecraft:smooth_stone
56,0,-121,sidewalk,minecraft:smooth_stone
57,0,-121,sidewalk,minecraft:smooth_stone
58,0,-121,sidewalk,minecraft:smooth_stone
59,0,-121,sidewalk,minecraft:smooth_stone
60,0,-121,sidewalk,minecraft:smooth_stone
61,0,-121,sidewalk,minecraft:smooth_stone
62,0,-121,sidewalk,minecraft:smooth_stone
63,0,-121,sidewalk,minecraft:smooth_stone
64,0,-121,sidewalk,minecraft:smooth_stone
65,0,-121,sidewalk,minecraft:smooth_stone
66,0,-121,sidewalk,minecraft:smooth_stone
67,0,-121,sidewalk,minecraft:smooth_stone
68,0,-121,sidewalk,minecraft:smooth_stone
69,0,-121,sidewalk,minecraft:smooth_stone
70,0,-121,sidewalk,minecraft:smooth_stone
71,0,-121,sidewalk,minecraft:smooth_stone
72,0,-121,sidewalk,minecraft:smooth_stone
73,0,-121,sidewalk,minecraft:smooth_stone
74,0,-121,sidewalk,minecraft:smooth_stone
75,0,-121,sidewalk,minecraft:smooth_stone
76,0,-121,sidewalk,minecraft:smooth_stone
77,0,-121,sidewalk,minecraft:smooth_stone
78,0,-121,sidewalk,minecraft:smooth_stone
79,0,-121,sidewalk,minecraft:smooth_stone
80,0,-121,sidewalk,minecraft:smooth_stone
81,0,-121,sidewalk,minecraft:smooth_stone
-71,0,-120,alley,minecraft:polished_andesite
-70,0,-120,alley,minecraft:polished_andesite
-69,0,-120,alley,minecraft:polished_andesite
-68,0,-120,alley,minecraft:polished_andesite
-46,0,-120,building_footprint,minecraft:orange_concrete
-45,0,-120,building_footprint,minecraft:orange_concrete
-44,0,-120,building_footprint,minecraft:orange_concrete
-43,0,-120,building_footprint,minecraft:orange_concrete
-42,0,-120,building_footprint,minecraft:orange_concrete
-41,0,-120,building_footprint,minecraft:orange_concrete
-40,0,-120,building_footprint,minecraft:orange_concrete
-39,0,-120,building_footprint,minecraft:orange_concrete
-38,0,-120,building_footprint,minecraft:orange_concrete
-37,0,-120,building_footprint,minecraft:orange_concrete
-36,0,-120,building_footprint,minecraft:orange_concrete
-35,0,-120,building_footprint,minecraft:orange_concrete
-34,0,-120,building_footprint,minecraft:orange_concrete
-33,0,-120,building_footprint,minecraft:orange_concrete
-32,0,-120,building_footprint,minecraft:orange_concrete
-31,0,-120,building_footprint,minecraft:orange_concrete
-30,0,-120,building_footprint,minecraft:orange_concrete
-29,0,-120,building_footprint,minecraft:orange_concrete
-28,0,-120,building_footprint,minecraft:orange_concrete
-27,0,-120,building_footprint,minecraft:orange_concrete
-26,0,-120,building_footprint,minecraft:orange_concrete
-25,0,-120,building_footprint,minecraft:orange_concrete
-24,0,-120,building_footprint,minecraft:orange_concrete
-23,0,-120,building_footprint,minecraft:orange_concrete
-22,0,-120,building_footprint,minecraft:orange_concrete
-21,0,-120,building_footprint,minecraft:orange_concrete
-20,0,-120,building_footprint,minecraft:orange_concrete
-19,0,-120,building_footprint,minecraft:orange_concrete
-18,0,-120,building_footprint,minecraft:orange_concrete
-17,0,-120,building_footprint,minecraft:orange_concrete
-16,0,-120,sidewalk,minecraft:smooth_stone
-15,0,-120,sidewalk,minecraft:smooth_stone
-14,0,-120,sidewalk,minecraft:smooth_stone
-13,0,-120,main_street,minecraft:black_concrete
-12,0,-120,main_street,minecraft:black_concrete
-11,0,-120,main_street,minecraft:black_concrete
-10,0,-120,main_street,minecraft:black_concrete
-9,0,-120,main_street,minecraft:black_concrete
-8,0,-120,main_street,minecraft:black_concrete
-7,0,-120,main_street,minecraft:black_concrete
-6,0,-120,main_street,minecraft:black_concrete
-5,0,-120,main_street,minecraft:black_concrete
-4,0,-120,main_street,minecraft:black_concrete
-3,0,-120,main_street,minecraft:black_concrete
-2,0,-120,main_street,minecraft:black_concrete
-1,0,-120,main_street,minecraft:black_concrete
0,0,-120,main_street,minecraft:black_concrete
1,0,-120,main_street,minecraft:black_concrete
2,0,-120,main_street,minecraft:black_concrete
3,0,-120,main_street,minecraft:black_concrete
4,0,-120,main_street,minecraft:black_concrete
5,0,-120,main_street,minecraft:black_concrete
6,0,-120,main_street,minecraft:black_concrete
7,0,-120,main_street,minecraft:black_concrete
8,0,-120,main_street,minecraft:black_concrete
9,0,-120,main_street,minecraft:black_concrete
10,0,-120,main_street,minecraft:black_concrete
11,0,-120,main_street,minecraft:black_concrete
12,0,-120,main_street,minecraft:black_concrete
13,0,-120,sidewalk,minecraft:smooth_stone
14,0,-120,sidewalk,minecraft:smooth_stone
15,0,-120,sidewalk,minecraft:smooth_stone
20,0,-120,building_footprint,minecraft:orange_concrete
21,0,-120,building_footprint,minecraft:orange_concrete
22,0,-120,building_footprint,minecraft:orange_concrete
23,0,-120,building_footprint,minecraft:orange_concrete
24,0,-120,building_footprint,minecraft:orange_concrete
25,0,-120,building_footprint,minecraft:orange_concrete
26,0,-120,building_footprint,minecraft:orange_concrete
27,0,-120,building_footprint,minecraft:orange_concrete
28,0,-120,building_footprint,minecraft:orange_concrete
29,0,-120,building_footprint,minecraft:orange_concrete
30,0,-120,building_footprint,minecraft:orange_concrete
31,0,-120,building_footprint,minecraft:orange_concrete
32,0,-120,building_footprint,minecraft:orange_concrete
33,0,-120,building_footprint,minecraft:orange_concrete
34,0,-120,building_footprint,minecraft:orange_concrete
35,0,-120,building_footprint,minecraft:orange_concrete
36,0,-120,building_footprint,minecraft:orange_concrete
37,0,-120,building_footprint,minecraft:orange_concrete
38,0,-120,building_footprint,minecraft:orange_concrete
39,0,-120,building_footprint,minecraft:orange_concrete
40,0,-120,building_footprint,minecraft:orange_concrete
41,0,-120,building_footprint,minecraft:orange_concrete
42,0,-120,building_footprint,minecraft:orange_concrete
43,0,-120,building_footprint,minecraft:orange_concrete
44,0,-120,building_footprint,minecraft:orange_concrete
45,0,-120,building_footprint,minecraft:orange_concrete
46,0,-120,building_footprint,minecraft:orange_concrete
47,0,-120,building_footprint,minecraft:orange_concrete
48,0,-120,building_footprint,minecraft:orange_concrete
67,0,-120,alley,minecraft:polished_andesite
68,0,-120,alley,minecraft:polished_andesite
69,0,-120,alley,minecraft:polished_andesite
70,0,-120,alley,minecraft:polished_andesite
-71,0,-119,alley,minecraft:polished_andesite
-70,0,-119,alley,minecraft:polished_andesite
-69,0,-119,alley,minecraft:polished_andesite
-68,0,-119,alley,minecraft:polished_andesite
-46,0,-119,building_footprint,minecraft:orange_concrete
-45,0,-119,building_footprint,minecraft:orange_concrete
-44,0,-119,building_footprint,minecraft:orange_concrete
-43,0,-119,building_footprint,minecraft:orange_concrete
-42,0,-119,building_footprint,minecraft:orange_concrete
-41,0,-119,building_footprint,minecraft:orange_concrete
-40,0,-119,building_footprint,minecraft:orange_concrete
-39,0,-119,building_footprint,minecraft:orange_concrete
-38,0,-119,building_footprint,minecraft:orange_concrete
-37,0,-119,building_footprint,minecraft:orange_concrete
-36,0,-119,building_footprint,minecraft:orange_concrete
-35,0,-119,building_footprint,minecraft:orange_concrete
-34,0,-119,building_footprint,minecraft:orange_concrete
-33,0,-119,building_footprint,minecraft:orange_concrete
-32,0,-119,building_footprint,minecraft:orange_concrete
-31,0,-119,building_footprint,minecraft:orange_concrete
-30,0,-119,building_footprint,minecraft:orange_concrete
-29,0,-119,building_footprint,minecraft:orange_concrete
-28,0,-119,building_footprint,minecraft:orange_concrete
-27,0,-119,building_footprint,minecraft:orange_concrete
-26,0,-119,building_footprint,minecraft:orange_concrete
-25,0,-119,building_footprint,minecraft:orange_concrete
-24,0,-119,building_footprint,minecraft:orange_concrete
-23,0,-119,building_footprint,minecraft:orange_concrete
-22,0,-119,building_footprint,minecraft:orange_concrete
-21,0,-119,building_footprint,minecraft:orange_concrete
-20,0,-119,building_footprint,minecraft:orange_concrete
-19,0,-119,building_footprint,minecraft:orange_concrete
-18,0,-119,building_footprint,minecraft:orange_concrete
-17,0,-119,building_footprint,minecraft:orange_concrete
-16,0,-119,sidewalk,minecraft:smooth_stone
-15,0,-119,sidewalk,minecraft:smooth_stone
-14,0,-119,sidewalk,minecraft:smooth_stone
-13,0,-119,main_street,minecraft:black_concrete
-12,0,-119,main_street,minecraft:black_concrete
-11,0,-119,main_street,minecraft:black_concrete
-10,0,-119,main_street,minecraft:black_concrete
-9,0,-119,main_street,minecraft:black_concrete
-8,0,-119,main_street,minecraft:black_concrete
-7,0,-119,main_street,minecraft:black_concrete
-6,0,-119,main_street,minecraft:black_concrete
-5,0,-119,main_street,minecraft:black_concrete
-4,0,-119,main_street,minecraft:black_concrete
-3,0,-119,main_street,minecraft:black_concrete
-2,0,-119,main_street,minecraft:black_concrete
-1,0,-119,main_street,minecraft:black_concrete
0,0,-119,main_street,minecraft:black_concrete
1,0,-119,main_street,minecraft:black_concrete
2,0,-119,main_street,minecraft:black_concrete
3,0,-119,main_street,minecraft:black_concrete
4,0,-119,main_street,minecraft:black_concrete
5,0,-119,main_street,minecraft:black_concrete
6,0,-119,main_street,minecraft:black_concrete
7,0,-119,main_street,minecraft:black_concrete
8,0,-119,main_street,minecraft:black_concrete
9,0,-119,main_street,minecraft:black_concrete
10,0,-119,main_street,minecraft:black_concrete
11,0,-119,main_street,minecraft:black_concrete
12,0,-119,main_street,minecraft:black_concrete
13,0,-119,sidewalk,minecraft:smooth_stone
14,0,-119,sidewalk,minecraft:smooth_stone
15,0,-119,sidewalk,minecraft:smooth_stone
20,0,-119,building_footprint,minecraft:orange_concrete
21,0,-119,building_footprint,minecraft:orange_concrete
22,0,-119,building_footprint,minecraft:orange_concrete
23,0,-119,building_footprint,minecraft:orange_concrete
24,0,-119,building_footprint,minecraft:orange_concrete
25,0,-119,building_footprint,minecraft:orange_concrete
26,0,-119,building_footprint,minecraft:orange_concrete
27,0,-119,building_footprint,minecraft:orange_concrete
28,0,-119,building_footprint,minecraft:orange_concrete
29,0,-119,building_footprint,minecraft:orange_concrete
30,0,-119,building_footprint,minecraft:orange_concrete
31,0,-119,building_footprint,minecraft:orange_concrete
32,0,-119,building_footprint,minecraft:orange_concrete
33,0,-119,building_footprint,minecraft:orange_concrete
34,0,-119,building_footprint,minecraft:orange_concrete
35,0,-119,building_footprint,minecraft:orange_concrete
36,0,-119,building_footprint,minecraft:orange_concrete
37,0,-119,building_footprint,minecraft:orange_concrete
38,0,-119,building_footprint,minecraft:orange_concrete
39,0,-119,building_footprint,minecraft:orange_concrete
40,0,-119,building_footprint,minecraft:orange_concrete
41,0,-119,building_footprint,minecraft:orange_concrete
42,0,-119,building_footprint,minecraft:orange_concrete
43,0,-119,building_footprint,minecraft:orange_concrete
44,0,-119,building_footprint,minecraft:orange_concrete
45,0,-119,building_footprint,minecraft:orange_concrete
46,0,-119,building_footprint,minecraft:orange_concrete
47,0,-119,building_footprint,minecraft:orange_concrete
48,0,-119,building_footprint,minecraft:orange_concrete
67,0,-119,alley,minecraft:polished_andesite
68,0,-119,alley,minecraft:polished_andesite
69,0,-119,alley,minecraft:polished_andesite
70,0,-119,alley,minecraft:polished_andesite
-71,0,-118,alley,minecraft:polished_andesite
-70,0,-118,alley,minecraft:polished_andesite
-69,0,-118,alley,minecraft:polished_andesite
-68,0,-118,alley,minecraft:polished_andesite
-46,0,-118,building_footprint,minecraft:orange_concrete
-45,0,-118,building_footprint,minecraft:orange_concrete
-44,0,-118,building_footprint,minecraft:orange_concrete
-43,0,-118,building_footprint,minecraft:orange_concrete
-42,0,-118,building_footprint,minecraft:orange_concrete
-41,0,-118,building_footprint,minecraft:orange_concrete
-40,0,-118,building_footprint,minecraft:orange_concrete
-39,0,-118,building_footprint,minecraft:orange_concrete
-38,0,-118,building_footprint,minecraft:orange_concrete
-37,0,-118,building_footprint,minecraft:orange_concrete
-36,0,-118,building_footprint,minecraft:orange_concrete
-35,0,-118,building_footprint,minecraft:orange_concrete
-34,0,-118,building_footprint,minecraft:orange_concrete
-33,0,-118,building_footprint,minecraft:orange_concrete
-32,0,-118,building_footprint,minecraft:orange_concrete
-31,0,-118,building_footprint,minecraft:orange_concrete
-30,0,-118,building_footprint,minecraft:orange_concrete
-29,0,-118,building_footprint,minecraft:orange_concrete
-28,0,-118,building_footprint,minecraft:orange_concrete
-27,0,-118,building_footprint,minecraft:orange_concrete
-26,0,-118,building_footprint,minecraft:orange_concrete
-25,0,-118,building_footprint,minecraft:orange_concrete
-24,0,-118,building_footprint,minecraft:orange_concrete
-23,0,-118,building_footprint,minecraft:orange_concrete
-22,0,-118,building_footprint,minecraft:orange_concrete
-21,0,-118,building_footprint,minecraft:orange_concrete
-20,0,-118,building_footprint,minecraft:orange_concrete
-19,0,-118,building_footprint,minecraft:orange_concrete
-18,0,-118,building_footprint,minecraft:orange_concrete
-17,0,-118,building_footprint,minecraft:orange_concrete
-16,0,-118,sidewalk,minecraft:smooth_stone
-15,0,-118,sidewalk,minecraft:smooth_stone
-14,0,-118,sidewalk,minecraft:smooth_stone
-13,0,-118,main_street,minecraft:black_concrete
-12,0,-118,main_street,minecraft:black_concrete
-11,0,-118,main_street,minecraft:black_concrete
-10,0,-118,main_street,minecraft:black_concrete
-9,0,-118,main_street,minecraft:black_concrete
-8,0,-118,main_street,minecraft:black_concrete
-7,0,-118,main_street,minecraft:black_concrete
-6,0,-118,main_street,minecraft:black_concrete
-5,0,-118,main_street,minecraft:black_concrete
-4,0,-118,main_street,minecraft:black_concrete
-3,0,-118,main_street,minecraft:black_concrete
-2,0,-118,main_street,minecraft:black_concrete
-1,0,-118,main_street,minecraft:black_concrete
0,0,-118,main_street,minecraft:black_concrete
1,0,-118,main_street,minecraft:black_concrete
2,0,-118,main_street,minecraft:black_concrete
3,0,-118,main_street,minecraft:black_concrete
4,0,-118,main_street,minecraft:black_concrete
5,0,-118,main_street,minecraft:black_concrete
6,0,-118,main_street,minecraft:black_concrete
7,0,-118,main_street,minecraft:black_concrete
8,0,-118,main_street,minecraft:black_concrete
9,0,-118,main_street,minecraft:black_concrete
10,0,-118,main_street,minecraft:black_concrete
11,0,-118,main_street,minecraft:black_concrete
12,0,-118,main_street,minecraft:black_concrete
13,0,-118,sidewalk,minecraft:smooth_stone
14,0,-118,sidewalk,minecraft:smooth_stone
15,0,-118,sidewalk,minecraft:smooth_stone
20,0,-118,building_footprint,minecraft:orange_concrete
21,0,-118,building_footprint,minecraft:orange_concrete
22,0,-118,building_footprint,minecraft:orange_concrete
23,0,-118,building_footprint,minecraft:orange_concrete
24,0,-118,building_footprint,minecraft:orange_concrete
25,0,-118,building_footprint,minecraft:orange_concrete
26,0,-118,building_footprint,minecraft:orange_concrete
27,0,-118,building_footprint,minecraft:orange_concrete
28,0,-118,building_footprint,minecraft:orange_concrete
29,0,-118,building_footprint,minecraft:orange_concrete
30,0,-118,building_footprint,minecraft:orange_concrete
31,0,-118,building_footprint,minecraft:orange_concrete
32,0,-118,building_footprint,minecraft:orange_concrete
33,0,-118,building_footprint,minecraft:orange_concrete
34,0,-118,building_footprint,minecraft:orange_concrete
35,0,-118,building_footprint,minecraft:orange_concrete
36,0,-118,building_footprint,minecraft:orange_concrete
37,0,-118,building_footprint,minecraft:orange_concrete
38,0,-118,building_footprint,minecraft:orange_concrete
39,0,-118,building_footprint,minecraft:orange_concrete
40,0,-118,building_footprint,minecraft:orange_concrete
41,0,-118,building_footprint,minecraft:orange_concrete
42,0,-118,building_footprint,minecraft:orange_concrete
43,0,-118,building_footprint,minecraft:orange_concrete
44,0,-118,building_footprint,minecraft:orange_concrete
45,0,-118,building_footprint,minecraft:orange_concrete
46,0,-118,building_footprint,minecraft:orange_concrete
47,0,-118,building_footprint,minecraft:orange_concrete
48,0,-118,building_footprint,minecraft:orange_concrete
66,0,-118,alley,minecraft:polished_andesite
67,0,-118,alley,minecraft:polished_andesite
68,0,-118,alley,minecraft:polished_andesite
69,0,-118,alley,minecraft:polished_andesite
-71,0,-117,alley,minecraft:polished_andesite
-70,0,-117,alley,minecraft:polished_andesite
-69,0,-117,alley,minecraft:polished_andesite
-68,0,-117,alley,minecraft:polished_andesite
-46,0,-117,building_footprint,minecraft:orange_concrete
-45,0,-117,building_footprint,minecraft:orange_concrete
-44,0,-117,building_footprint,minecraft:orange_concrete
-43,0,-117,building_footprint,minecraft:orange_concrete
-42,0,-117,building_footprint,minecraft:orange_concrete
-41,0,-117,building_footprint,minecraft:orange_concrete
-40,0,-117,building_footprint,minecraft:orange_concrete
-39,0,-117,building_footprint,minecraft:orange_concrete
-38,0,-117,building_footprint,minecraft:orange_concrete
-37,0,-117,building_footprint,minecraft:orange_concrete
-36,0,-117,building_footprint,minecraft:orange_concrete
-35,0,-117,building_footprint,minecraft:orange_concrete
-34,0,-117,building_footprint,minecraft:orange_concrete
-33,0,-117,building_footprint,minecraft:orange_concrete
-32,0,-117,building_footprint,minecraft:orange_concrete
-31,0,-117,building_footprint,minecraft:orange_concrete
-30,0,-117,building_footprint,minecraft:orange_concrete
-29,0,-117,building_footprint,minecraft:orange_concrete
-28,0,-117,building_footprint,minecraft:orange_concrete
-27,0,-117,building_footprint,minecraft:orange_concrete
-26,0,-117,building_footprint,minecraft:orange_concrete
-25,0,-117,building_footprint,minecraft:orange_concrete
-24,0,-117,building_footprint,minecraft:orange_concrete
-23,0,-117,building_footprint,minecraft:orange_concrete
-22,0,-117,building_footprint,minecraft:orange_concrete
-21,0,-117,building_footprint,minecraft:orange_concrete
-20,0,-117,building_footprint,minecraft:orange_concrete
-19,0,-117,building_footprint,minecraft:orange_concrete
-18,0,-117,building_footprint,minecraft:orange_concrete
-17,0,-117,building_footprint,minecraft:orange_concrete
-16,0,-117,sidewalk,minecraft:smooth_stone
-15,0,-117,sidewalk,minecraft:smooth_stone
-14,0,-117,sidewalk,minecraft:smooth_stone
-13,0,-117,main_street,minecraft:black_concrete
-12,0,-117,main_street,minecraft:black_concrete
-11,0,-117,main_street,minecraft:black_concrete
-10,0,-117,main_street,minecraft:black_concrete
-9,0,-117,main_street,minecraft:black_concrete
-8,0,-117,main_street,minecraft:black_concrete
-7,0,-117,main_street,minecraft:black_concrete
-6,0,-117,main_street,minecraft:black_concrete
-5,0,-117,main_street,minecraft:black_concrete
-4,0,-117,main_street,minecraft:black_concrete
-3,0,-117,main_street,minecraft:black_concrete
-2,0,-117,main_street,minecraft:black_concrete
-1,0,-117,main_street,minecraft:black_concrete
0,0,-117,main_street,minecraft:black_concrete
1,0,-117,main_street,minecraft:black_concrete
2,0,-117,main_street,minecraft:black_concrete
3,0,-117,main_street,minecraft:black_concrete
4,0,-117,main_street,minecraft:black_concrete
5,0,-117,main_street,minecraft:black_concrete
6,0,-117,main_street,minecraft:black_concrete
7,0,-117,main_street,minecraft:black_concrete
8,0,-117,main_street,minecraft:black_concrete
9,0,-117,main_street,minecraft:black_concrete
10,0,-117,main_street,minecraft:black_concrete
11,0,-117,main_street,minecraft:black_concrete
12,0,-117,main_street,minecraft:black_concrete
13,0,-117,sidewalk,minecraft:smooth_stone
14,0,-117,sidewalk,minecraft:smooth_stone
15,0,-117,sidewalk,minecraft:smooth_stone
20,0,-117,building_footprint,minecraft:orange_concrete
21,0,-117,building_footprint,minecraft:orange_concrete
22,0,-117,building_footprint,minecraft:orange_concrete
23,0,-117,building_footprint,minecraft:orange_concrete
24,0,-117,building_footprint,minecraft:orange_concrete
25,0,-117,building_footprint,minecraft:orange_concrete
26,0,-117,building_footprint,minecraft:orange_concrete
27,0,-117,building_footprint,minecraft:orange_concrete
28,0,-117,building_footprint,minecraft:orange_concrete
29,0,-117,building_footprint,minecraft:orange_concrete
30,0,-117,building_footprint,minecraft:orange_concrete
31,0,-117,building_footprint,minecraft:orange_concrete
32,0,-117,building_footprint,minecraft:orange_concrete
33,0,-117,building_footprint,minecraft:orange_concrete
34,0,-117,building_footprint,minecraft:orange_concrete
35,0,-117,building_footprint,minecraft:orange_concrete
36,0,-117,building_footprint,minecraft:orange_concrete
37,0,-117,building_footprint,minecraft:orange_concrete
38,0,-117,building_footprint,minecraft:orange_concrete
39,0,-117,building_footprint,minecraft:orange_concrete
40,0,-117,building_footprint,minecraft:orange_concrete
41,0,-117,building_footprint,minecraft:orange_concrete
42,0,-117,building_footprint,minecraft:orange_concrete
43,0,-117,building_footprint,minecraft:orange_concrete
44,0,-117,building_footprint,minecraft:orange_concrete
45,0,-117,building_footprint,minecraft:orange_concrete
46,0,-117,building_footprint,minecraft:orange_concrete
47,0,-117,building_footprint,minecraft:orange_concrete
48,0,-117,building_footprint,minecraft:orange_concrete
66,0,-117,alley,minecraft:polished_andesite
67,0,-117,alley,minecraft:polished_andesite
68,0,-117,alley,minecraft:polished_andesite
69,0,-117,alley,minecraft:polished_andesite
-71,0,-116,alley,minecraft:polished_andesite
-70,0,-116,alley,minecraft:polished_andesite
-69,0,-116,alley,minecraft:polished_andesite
-68,0,-116,alley,minecraft:polished_andesite
-46,0,-116,building_footprint,minecraft:orange_concrete
-45,0,-116,building_footprint,minecraft:orange_concrete
-44,0,-116,building_footprint,minecraft:orange_concrete
-43,0,-116,building_footprint,minecraft:orange_concrete
-42,0,-116,building_footprint,minecraft:orange_concrete
-41,0,-116,building_footprint,minecraft:orange_concrete
-40,0,-116,building_footprint,minecraft:orange_concrete
-39,0,-116,building_footprint,minecraft:orange_concrete
-38,0,-116,building_footprint,minecraft:orange_concrete
-37,0,-116,building_footprint,minecraft:orange_concrete
-36,0,-116,building_footprint,minecraft:orange_concrete
-35,0,-116,building_footprint,minecraft:orange_concrete
-34,0,-116,building_footprint,minecraft:orange_concrete
-33,0,-116,building_footprint,minecraft:orange_concrete
-32,0,-116,building_footprint,minecraft:orange_concrete
-31,0,-116,building_footprint,minecraft:orange_concrete
-30,0,-116,building_footprint,minecraft:orange_concrete
-29,0,-116,building_footprint,minecraft:orange_concrete
-28,0,-116,building_footprint,minecraft:orange_concrete
-27,0,-116,building_footprint,minecraft:orange_concrete
-26,0,-116,building_footprint,minecraft:orange_concrete
-25,0,-116,building_footprint,minecraft:orange_concrete
-24,0,-116,building_footprint,minecraft:orange_concrete
-23,0,-116,building_footprint,minecraft:orange_concrete
-22,0,-116,building_footprint,minecraft:orange_concrete
-21,0,-116,building_footprint,minecraft:orange_concrete
-20,0,-116,building_footprint,minecraft:orange_concrete
-19,0,-116,building_footprint,minecraft:orange_concrete
-18,0,-116,building_footprint,minecraft:orange_concrete
-17,0,-116,building_footprint,minecraft:orange_concrete
-16,0,-116,sidewalk,minecraft:smooth_stone
-15,0,-116,sidewalk,minecraft:smooth_stone
-14,0,-116,sidewalk,minecraft:smooth_stone
-13,0,-116,main_street,minecraft:black_concrete
-12,0,-116,main_street,minecraft:black_concrete
-11,0,-116,main_street,minecraft:black_concrete
-10,0,-116,main_street,minecraft:black_concrete
-9,0,-116,main_street,minecraft:black_concrete
-8,0,-116,main_street,minecraft:black_concrete
-7,0,-116,main_street,minecraft:black_concrete
-6,0,-116,main_street,minecraft:black_concrete
-5,0,-116,main_street,minecraft:black_concrete
-4,0,-116,main_street,minecraft:black_concrete
-3,0,-116,main_street,minecraft:black_concrete
-2,0,-116,main_street,minecraft:black_concrete
-1,0,-116,main_street,minecraft:black_concrete
0,0,-116,main_street,minecraft:black_concrete
1,0,-116,main_street,minecraft:black_concrete
2,0,-116,main_street,minecraft:black_concrete
3,0,-116,main_street,minecraft:black_concrete
4,0,-116,main_street,minecraft:black_concrete
5,0,-116,main_street,minecraft:black_concrete
6,0,-116,main_street,minecraft:black_concrete
7,0,-116,main_street,minecraft:black_concrete
8,0,-116,main_street,minecraft:black_concrete
9,0,-116,main_street,minecraft:black_concrete
10,0,-116,main_street,minecraft:black_concrete
11,0,-116,main_street,minecraft:black_concrete
12,0,-116,main_street,minecraft:black_concrete
13,0,-116,sidewalk,minecraft:smooth_stone
14,0,-116,sidewalk,minecraft:smooth_stone
15,0,-116,sidewalk,minecraft:smooth_stone
20,0,-116,building_footprint,minecraft:orange_concrete
21,0,-116,building_footprint,minecraft:orange_concrete
22,0,-116,building_footprint,minecraft:orange_concrete
23,0,-116,building_footprint,minecraft:orange_concrete
24,0,-116,building_footprint,minecraft:orange_concrete
25,0,-116,building_footprint,minecraft:orange_concrete
26,0,-116,building_footprint,minecraft:orange_concrete
27,0,-116,building_footprint,minecraft:orange_concrete
28,0,-116,building_footprint,minecraft:orange_concrete
29,0,-116,building_footprint,minecraft:orange_concrete
30,0,-116,building_footprint,minecraft:orange_concrete
31,0,-116,building_footprint,minecraft:orange_concrete
32,0,-116,building_footprint,minecraft:orange_concrete
33,0,-116,building_footprint,minecraft:orange_concrete
34,0,-116,building_footprint,minecraft:orange_concrete
35,0,-116,building_footprint,minecraft:orange_concrete
36,0,-116,building_footprint,minecraft:orange_concrete
37,0,-116,building_footprint,minecraft:orange_concrete
38,0,-116,building_footprint,minecraft:orange_concrete
39,0,-116,building_footprint,minecraft:orange_concrete
40,0,-116,building_footprint,minecraft:orange_concrete
41,0,-116,building_footprint,minecraft:orange_concrete
42,0,-116,building_footprint,minecraft:orange_concrete
43,0,-116,building_footprint,minecraft:orange_concrete
44,0,-116,building_footprint,minecraft:orange_concrete
45,0,-116,building_footprint,minecraft:orange_concrete
46,0,-116,building_footprint,minecraft:orange_concrete
47,0,-116,building_footprint,minecraft:orange_concrete
48,0,-116,building_footprint,minecraft:orange_concrete
66,0,-116,alley,minecraft:polished_andesite
67,0,-116,alley,minecraft:polished_andesite
68,0,-116,alley,minecraft:polished_andesite
69,0,-116,alley,minecraft:polished_andesite
-71,0,-115,alley,minecraft:polished_andesite
-70,0,-115,alley,minecraft:polished_andesite
-69,0,-115,alley,minecraft:polished_andesite
-68,0,-115,alley,minecraft:polished_andesite
-46,0,-115,building_footprint,minecraft:orange_concrete
-45,0,-115,building_footprint,minecraft:orange_concrete
-44,0,-115,building_footprint,minecraft:orange_concrete
-43,0,-115,building_footprint,minecraft:orange_concrete
-42,0,-115,building_footprint,minecraft:orange_concrete
-41,0,-115,building_footprint,minecraft:orange_concrete
-40,0,-115,building_footprint,minecraft:orange_concrete
-39,0,-115,building_footprint,minecraft:orange_concrete
-38,0,-115,building_footprint,minecraft:orange_concrete
-37,0,-115,building_footprint,minecraft:orange_concrete
-36,0,-115,building_footprint,minecraft:orange_concrete
-35,0,-115,building_footprint,minecraft:orange_concrete
-34,0,-115,building_footprint,minecraft:orange_concrete
-33,0,-115,building_footprint,minecraft:orange_concrete
-32,0,-115,building_footprint,minecraft:orange_concrete
-31,0,-115,building_footprint,minecraft:orange_concrete
-30,0,-115,building_footprint,minecraft:orange_concrete
-29,0,-115,building_footprint,minecraft:orange_concrete
-28,0,-115,building_footprint,minecraft:orange_concrete
-27,0,-115,building_footprint,minecraft:orange_concrete
-26,0,-115,building_footprint,minecraft:orange_concrete
-25,0,-115,building_footprint,minecraft:orange_concrete
-24,0,-115,building_footprint,minecraft:orange_concrete
-23,0,-115,building_footprint,minecraft:orange_concrete
-22,0,-115,building_footprint,minecraft:orange_concrete
-21,0,-115,building_footprint,minecraft:orange_concrete
-20,0,-115,building_footprint,minecraft:orange_concrete
-19,0,-115,building_footprint,minecraft:orange_concrete
-18,0,-115,building_footprint,minecraft:orange_concrete
-17,0,-115,building_footprint,minecraft:orange_concrete
-16,0,-115,sidewalk,minecraft:smooth_stone
-15,0,-115,sidewalk,minecraft:smooth_stone
-14,0,-115,sidewalk,minecraft:smooth_stone
-13,0,-115,main_street,minecraft:black_concrete
-12,0,-115,main_street,minecraft:black_concrete
-11,0,-115,main_street,minecraft:black_concrete
-10,0,-115,main_street,minecraft:black_concrete
-9,0,-115,main_street,minecraft:black_concrete
-8,0,-115,main_street,minecraft:black_concrete
-7,0,-115,main_street,minecraft:black_concrete
-6,0,-115,main_street,minecraft:black_concrete
-5,0,-115,main_street,minecraft:black_concrete
-4,0,-115,main_street,minecraft:black_concrete
-3,0,-115,main_street,minecraft:black_concrete
-2,0,-115,main_street,minecraft:black_concrete
-1,0,-115,main_street,minecraft:black_concrete
0,0,-115,main_street,minecraft:black_concrete
1,0,-115,main_street,minecraft:black_concrete
2,0,-115,main_street,minecraft:black_concrete
3,0,-115,main_street,minecraft:black_concrete
4,0,-115,main_street,minecraft:black_concrete
5,0,-115,main_street,minecraft:black_concrete
6,0,-115,main_street,minecraft:black_concrete
7,0,-115,main_street,minecraft:black_concrete
8,0,-115,main_street,minecraft:black_concrete
9,0,-115,main_street,minecraft:black_concrete
10,0,-115,main_street,minecraft:black_concrete
11,0,-115,main_street,minecraft:black_concrete
12,0,-115,main_street,minecraft:black_concrete
13,0,-115,sidewalk,minecraft:smooth_stone
14,0,-115,sidewalk,minecraft:smooth_stone
15,0,-115,sidewalk,minecraft:smooth_stone
20,0,-115,building_footprint,minecraft:orange_concrete
21,0,-115,building_footprint,minecraft:orange_concrete
22,0,-115,building_footprint,minecraft:orange_concrete
23,0,-115,building_footprint,minecraft:orange_concrete
24,0,-115,building_footprint,minecraft:orange_concrete
25,0,-115,building_footprint,minecraft:orange_concrete
26,0,-115,building_footprint,minecraft:orange_concrete
27,0,-115,building_footprint,minecraft:orange_concrete
28,0,-115,building_footprint,minecraft:orange_concrete
29,0,-115,building_footprint,minecraft:orange_concrete
30,0,-115,building_footprint,minecraft:orange_concrete
31,0,-115,building_footprint,minecraft:orange_concrete
32,0,-115,building_footprint,minecraft:orange_concrete
33,0,-115,building_footprint,minecraft:orange_concrete
34,0,-115,building_footprint,minecraft:orange_concrete
35,0,-115,building_footprint,minecraft:orange_concrete
36,0,-115,building_footprint,minecraft:orange_concrete
37,0,-115,building_footprint,minecraft:orange_concrete
38,0,-115,building_footprint,minecraft:orange_concrete
39,0,-115,building_footprint,minecraft:orange_concrete
40,0,-115,building_footprint,minecraft:orange_concrete
41,0,-115,building_footprint,minecraft:orange_concrete
42,0,-115,building_footprint,minecraft:orange_concrete
43,0,-115,building_footprint,minecraft:orange_concrete
44,0,-115,building_footprint,minecraft:orange_concrete
45,0,-115,building_footprint,minecraft:orange_concrete
46,0,-115,building_footprint,minecraft:orange_concrete
47,0,-115,building_footprint,minecraft:orange_concrete
48,0,-115,building_footprint,minecraft:orange_concrete
66,0,-115,alley,minecraft:polished_andesite
67,0,-115,alley,minecraft:polished_andesite
68,0,-115,alley,minecraft:polished_andesite
69,0,-115,alley,minecraft:polished_andesite
-71,0,-114,alley,minecraft:polished_andesite
-70,0,-114,alley,minecraft:polished_andesite
-69,0,-114,alley,minecraft:polished_andesite
-68,0,-114,alley,minecraft:polished_andesite
-46,0,-114,building_footprint,minecraft:orange_concrete
-45,0,-114,building_footprint,minecraft:orange_concrete
-44,0,-114,building_footprint,minecraft:orange_concrete
-43,0,-114,building_footprint,minecraft:orange_concrete
-42,0,-114,building_footprint,minecraft:orange_concrete
-41,0,-114,building_footprint,minecraft:orange_concrete
-40,0,-114,building_footprint,minecraft:orange_concrete
-39,0,-114,building_footprint,minecraft:orange_concrete
-38,0,-114,building_footprint,minecraft:orange_concrete
-37,0,-114,building_footprint,minecraft:orange_concrete
-36,0,-114,building_footprint,minecraft:orange_concrete
-35,0,-114,building_footprint,minecraft:orange_concrete
-34,0,-114,building_footprint,minecraft:orange_concrete
-33,0,-114,building_footprint,minecraft:orange_concrete
-32,0,-114,building_footprint,minecraft:orange_concrete
-31,0,-114,building_footprint,minecraft:orange_concrete
-30,0,-114,building_footprint,minecraft:orange_concrete
-29,0,-114,building_footprint,minecraft:orange_concrete
-28,0,-114,building_footprint,minecraft:orange_concrete
-27,0,-114,building_footprint,minecraft:orange_concrete
-26,0,-114,building_footprint,minecraft:orange_concrete
-25,0,-114,building_footprint,minecraft:orange_concrete
-24,0,-114,building_footprint,minecraft:orange_concrete
-23,0,-114,building_footprint,minecraft:orange_concrete
-22,0,-114,building_footprint,minecraft:orange_concrete
-21,0,-114,building_footprint,minecraft:orange_concrete
-20,0,-114,building_footprint,minecraft:orange_concrete
-19,0,-114,building_footprint,minecraft:orange_concrete
-18,0,-114,building_footprint,minecraft:orange_concrete
-17,0,-114,building_footprint,minecraft:orange_concrete
-16,0,-114,sidewalk,minecraft:smooth_stone
-15,0,-114,sidewalk,minecraft:smooth_stone
-14,0,-114,sidewalk,minecraft:smooth_stone
-13,0,-114,main_street,minecraft:black_concrete
-12,0,-114,main_street,minecraft:black_concrete
-11,0,-114,main_street,minecraft:black_concrete
-10,0,-114,main_street,minecraft:black_concrete
-9,0,-114,main_street,minecraft:black_concrete
-8,0,-114,main_street,minecraft:black_concrete
-7,0,-114,main_street,minecraft:black_concrete
-6,0,-114,main_street,minecraft:black_concrete
-5,0,-114,main_street,minecraft:black_concrete
-4,0,-114,main_street,minecraft:black_concrete
-3,0,-114,main_street,minecraft:black_concrete
-2,0,-114,main_street,minecraft:black_concrete
-1,0,-114,main_street,minecraft:black_concrete
0,0,-114,main_street,minecraft:black_concrete
1,0,-114,main_street,minecraft:black_concrete
2,0,-114,main_street,minecraft:black_concrete
3,0,-114,main_street,minecraft:black_concrete
4,0,-114,main_street,minecraft:black_concrete
5,0,-114,main_street,minecraft:black_concrete
6,0,-114,main_street,minecraft:black_concrete
7,0,-114,main_street,minecraft:black_concrete
8,0,-114,main_street,minecraft:black_concrete
9,0,-114,main_street,minecraft:black_concrete
10,0,-114,main_street,minecraft:black_concrete
11,0,-114,main_street,minecraft:black_concrete
12,0,-114,main_street,minecraft:black_concrete
13,0,-114,sidewalk,minecraft:smooth_stone
14,0,-114,sidewalk,minecraft:smooth_stone
15,0,-114,sidewalk,minecraft:smooth_stone
20,0,-114,building_footprint,minecraft:orange_concrete
21,0,-114,building_footprint,minecraft:orange_concrete
22,0,-114,building_footprint,minecraft:orange_concrete
23,0,-114,building_footprint,minecraft:orange_concrete
24,0,-114,building_footprint,minecraft:orange_concrete
25,0,-114,building_footprint,minecraft:orange_concrete
26,0,-114,building_footprint,minecraft:orange_concrete
27,0,-114,building_footprint,minecraft:orange_concrete
28,0,-114,building_footprint,minecraft:orange_concrete
29,0,-114,building_footprint,minecraft:orange_concrete
30,0,-114,building_footprint,minecraft:orange_concrete
31,0,-114,building_footprint,minecraft:orange_concrete
32,0,-114,building_footprint,minecraft:orange_concrete
33,0,-114,building_footprint,minecraft:orange_concrete
34,0,-114,building_footprint,minecraft:orange_concrete
35,0,-114,building_footprint,minecraft:orange_concrete
36,0,-114,building_footprint,minecraft:orange_concrete
37,0,-114,building_footprint,minecraft:orange_concrete
38,0,-114,building_footprint,minecraft:orange_concrete
39,0,-114,building_footprint,minecraft:orange_concrete
40,0,-114,building_footprint,minecraft:orange_concrete
41,0,-114,building_footprint,minecraft:orange_concrete
42,0,-114,building_footprint,minecraft:orange_concrete
43,0,-114,building_footprint,minecraft:orange_concrete
44,0,-114,building_footprint,minecraft:orange_concrete
45,0,-114,building_footprint,minecraft:orange_concrete
46,0,-114,building_footprint,minecraft:orange_concrete
47,0,-114,building_footprint,minecraft:orange_concrete
48,0,-114,building_footprint,minecraft:orange_concrete
66,0,-114,alley,minecraft:polished_andesite
67,0,-114,alley,minecraft:polished_andesite
68,0,-114,alley,minecraft:polished_andesite
69,0,-114,alley,minecraft:polished_andesite
-71,0,-113,alley,minecraft:polished_andesite
-70,0,-113,alley,minecraft:polished_andesite
-69,0,-113,alley,minecraft:polished_andesite
-68,0,-113,alley,minecraft:polished_andesite
-46,0,-113,building_footprint,minecraft:orange_concrete
-45,0,-113,building_footprint,minecraft:orange_concrete
-44,0,-113,building_footprint,minecraft:orange_concrete
-43,0,-113,building_footprint,minecraft:orange_concrete
-42,0,-113,building_footprint,minecraft:orange_concrete
-41,0,-113,building_footprint,minecraft:orange_concrete
-40,0,-113,building_footprint,minecraft:orange_concrete
-39,0,-113,building_footprint,minecraft:orange_concrete
-38,0,-113,building_footprint,minecraft:orange_concrete
-37,0,-113,building_footprint,minecraft:orange_concrete
-36,0,-113,building_footprint,minecraft:orange_concrete
-35,0,-113,building_footprint,minecraft:orange_concrete
-34,0,-113,building_footprint,minecraft:orange_concrete
-33,0,-113,building_footprint,minecraft:orange_concrete
-32,0,-113,building_footprint,minecraft:orange_concrete
-31,0,-113,building_footprint,minecraft:orange_concrete
-30,0,-113,building_footprint,minecraft:orange_concrete
-29,0,-113,building_footprint,minecraft:orange_concrete
-28,0,-113,building_footprint,minecraft:orange_concrete
-27,0,-113,building_footprint,minecraft:orange_concrete
-26,0,-113,building_footprint,minecraft:orange_concrete
-25,0,-113,building_footprint,minecraft:orange_concrete
-24,0,-113,building_footprint,minecraft:orange_concrete
-23,0,-113,building_footprint,minecraft:orange_concrete
-22,0,-113,building_footprint,minecraft:orange_concrete
-21,0,-113,building_footprint,minecraft:orange_concrete
-20,0,-113,building_footprint,minecraft:orange_concrete
-19,0,-113,building_footprint,minecraft:orange_concrete
-18,0,-113,building_footprint,minecraft:orange_concrete
-17,0,-113,building_footprint,minecraft:orange_concrete
-16,0,-113,sidewalk,minecraft:smooth_stone
-15,0,-113,sidewalk,minecraft:smooth_stone
-14,0,-113,sidewalk,minecraft:smooth_stone
-13,0,-113,main_street,minecraft:black_concrete
-12,0,-113,main_street,minecraft:black_concrete
-11,0,-113,main_street,minecraft:black_concrete
-10,0,-113,main_street,minecraft:black_concrete
-9,0,-113,main_street,minecraft:black_concrete
-8,0,-113,main_street,minecraft:black_concrete
-7,0,-113,main_street,minecraft:black_concrete
-6,0,-113,main_street,minecraft:black_concrete
-5,0,-113,main_street,minecraft:black_concrete
-4,0,-113,main_street,minecraft:black_concrete
-3,0,-113,main_street,minecraft:black_concrete
-2,0,-113,main_street,minecraft:black_concrete
-1,0,-113,main_street,minecraft:black_concrete
0,0,-113,main_street,minecraft:black_concrete
1,0,-113,main_street,minecraft:black_concrete
2,0,-113,main_street,minecraft:black_concrete
3,0,-113,main_street,minecraft:black_concrete
4,0,-113,main_street,minecraft:black_concrete
5,0,-113,main_street,minecraft:black_concrete
6,0,-113,main_street,minecraft:black_concrete
7,0,-113,main_street,minecraft:black_concrete
8,0,-113,main_street,minecraft:black_concrete
9,0,-113,main_street,minecraft:black_concrete
10,0,-113,main_street,minecraft:black_concrete
11,0,-113,main_street,minecraft:black_concrete
12,0,-113,main_street,minecraft:black_concrete
13,0,-113,sidewalk,minecraft:smooth_stone
14,0,-113,sidewalk,minecraft:smooth_stone
15,0,-113,sidewalk,minecraft:smooth_stone
20,0,-113,building_footprint,minecraft:orange_concrete
21,0,-113,building_footprint,minecraft:orange_concrete
22,0,-113,building_footprint,minecraft:orange_concrete
23,0,-113,building_footprint,minecraft:orange_concrete
24,0,-113,building_footprint,minecraft:orange_concrete
25,0,-113,building_footprint,minecraft:orange_concrete
26,0,-113,building_footprint,minecraft:orange_concrete
27,0,-113,building_footprint,minecraft:orange_concrete
28,0,-113,building_footprint,minecraft:orange_concrete
29,0,-113,building_footprint,minecraft:orange_concrete
30,0,-113,building_footprint,minecraft:orange_concrete
31,0,-113,building_footprint,minecraft:orange_concrete
32,0,-113,building_footprint,minecraft:orange_concrete
33,0,-113,building_footprint,minecraft:orange_concrete
34,0,-113,building_footprint,minecraft:orange_concrete
35,0,-113,building_footprint,minecraft:orange_concrete
36,0,-113,building_footprint,minecraft:orange_concrete
37,0,-113,building_footprint,minecraft:orange_concrete
38,0,-113,building_footprint,minecraft:orange_concrete
39,0,-113,building_footprint,minecraft:orange_concrete
40,0,-113,building_footprint,minecraft:orange_concrete
41,0,-113,building_footprint,minecraft:orange_concrete
42,0,-113,building_footprint,minecraft:orange_concrete
43,0,-113,building_footprint,minecraft:orange_concrete
44,0,-113,building_footprint,minecraft:orange_concrete
45,0,-113,building_footprint,minecraft:orange_concrete
46,0,-113,building_footprint,minecraft:orange_concrete
47,0,-113,building_footprint,minecraft:orange_concrete
48,0,-113,building_footprint,minecraft:orange_concrete
66,0,-113,alley,minecraft:polished_andesite
67,0,-113,alley,minecraft:polished_andesite
68,0,-113,alley,minecraft:polished_andesite
69,0,-113,alley,minecraft:polished_andesite
-71,0,-112,alley,minecraft:polished_andesite
-70,0,-112,alley,minecraft:polished_andesite
-69,0,-112,alley,minecraft:polished_andesite
-68,0,-112,alley,minecraft:polished_andesite
-46,0,-112,building_footprint,minecraft:orange_concrete
-45,0,-112,building_footprint,minecraft:orange_concrete
-44,0,-112,building_footprint,minecraft:orange_concrete
-43,0,-112,building_footprint,minecraft:orange_concrete
-42,0,-112,building_footprint,minecraft:orange_concrete
-41,0,-112,building_footprint,minecraft:orange_concrete
-40,0,-112,building_footprint,minecraft:orange_concrete
-39,0,-112,building_footprint,minecraft:orange_concrete
-38,0,-112,building_footprint,minecraft:orange_concrete
-37,0,-112,building_footprint,minecraft:orange_concrete
-36,0,-112,building_footprint,minecraft:orange_concrete
-35,0,-112,building_footprint,minecraft:orange_concrete
-34,0,-112,building_footprint,minecraft:orange_concrete
-33,0,-112,building_footprint,minecraft:orange_concrete
-32,0,-112,building_footprint,minecraft:orange_concrete
-31,0,-112,building_footprint,minecraft:orange_concrete
-30,0,-112,building_footprint,minecraft:orange_concrete
-29,0,-112,building_footprint,minecraft:orange_concrete
-28,0,-112,building_footprint,minecraft:orange_concrete
-27,0,-112,building_footprint,minecraft:orange_concrete
-26,0,-112,building_footprint,minecraft:orange_concrete
-25,0,-112,building_footprint,minecraft:orange_concrete
-24,0,-112,building_footprint,minecraft:orange_concrete
-23,0,-112,building_footprint,minecraft:orange_concrete
-22,0,-112,building_footprint,minecraft:orange_concrete
-21,0,-112,building_footprint,minecraft:orange_concrete
-20,0,-112,building_footprint,minecraft:orange_concrete
-19,0,-112,building_footprint,minecraft:orange_concrete
-18,0,-112,building_footprint,minecraft:orange_concrete
-17,0,-112,building_footprint,minecraft:orange_concrete
-16,0,-112,sidewalk,minecraft:smooth_stone
-15,0,-112,sidewalk,minecraft:smooth_stone
-14,0,-112,sidewalk,minecraft:smooth_stone
-13,0,-112,main_street,minecraft:black_concrete
-12,0,-112,main_street,minecraft:black_concrete
-11,0,-112,main_street,minecraft:black_concrete
-10,0,-112,main_street,minecraft:black_concrete
-9,0,-112,main_street,minecraft:black_concrete
-8,0,-112,main_street,minecraft:black_concrete
-7,0,-112,main_street,minecraft:black_concrete
-6,0,-112,main_street,minecraft:black_concrete
-5,0,-112,main_street,minecraft:black_concrete
-4,0,-112,main_street,minecraft:black_concrete
-3,0,-112,main_street,minecraft:black_concrete
-2,0,-112,main_street,minecraft:black_concrete
-1,0,-112,main_street,minecraft:black_concrete
0,0,-112,main_street,minecraft:black_concrete
1,0,-112,main_street,minecraft:black_concrete
2,0,-112,main_street,minecraft:black_concrete
3,0,-112,main_street,minecraft:black_concrete
4,0,-112,main_street,minecraft:black_concrete
5,0,-112,main_street,minecraft:black_concrete
6,0,-112,main_street,minecraft:black_concrete
7,0,-112,main_street,minecraft:black_concrete
8,0,-112,main_street,minecraft:black_concrete
9,0,-112,main_street,minecraft:black_concrete
10,0,-112,main_street,minecraft:black_concrete
11,0,-112,main_street,minecraft:black_concrete
12,0,-112,main_street,minecraft:black_concrete
13,0,-112,sidewalk,minecraft:smooth_stone
14,0,-112,sidewalk,minecraft:smooth_stone
15,0,-112,sidewalk,minecraft:smooth_stone
20,0,-112,building_footprint,minecraft:orange_concrete
21,0,-112,building_footprint,minecraft:orange_concrete
22,0,-112,building_footprint,minecraft:orange_concrete
23,0,-112,building_footprint,minecraft:orange_concrete
24,0,-112,building_footprint,minecraft:orange_concrete
25,0,-112,building_footprint,minecraft:orange_concrete
26,0,-112,building_footprint,minecraft:orange_concrete
27,0,-112,building_footprint,minecraft:orange_concrete
28,0,-112,building_footprint,minecraft:orange_concrete
29,0,-112,building_footprint,minecraft:orange_concrete
30,0,-112,building_footprint,minecraft:orange_concrete
31,0,-112,building_footprint,minecraft:orange_concrete
32,0,-112,building_footprint,minecraft:orange_concrete
33,0,-112,building_footprint,minecraft:orange_concrete
34,0,-112,building_footprint,minecraft:orange_concrete
35,0,-112,building_footprint,minecraft:orange_concrete
36,0,-112,building_footprint,minecraft:orange_concrete
37,0,-112,building_footprint,minecraft:orange_concrete
38,0,-112,building_footprint,minecraft:orange_concrete
39,0,-112,building_footprint,minecraft:orange_concrete
40,0,-112,building_footprint,minecraft:orange_concrete
41,0,-112,building_footprint,minecraft:orange_concrete
42,0,-112,building_footprint,minecraft:orange_concrete
43,0,-112,building_footprint,minecraft:orange_concrete
44,0,-112,building_footprint,minecraft:orange_concrete
45,0,-112,building_footprint,minecraft:orange_concrete
46,0,-112,building_footprint,minecraft:orange_concrete
47,0,-112,building_footprint,minecraft:orange_concrete
48,0,-112,building_footprint,minecraft:orange_concrete
66,0,-112,alley,minecraft:polished_andesite
67,0,-112,alley,minecraft:polished_andesite
68,0,-112,alley,minecraft:polished_andesite
69,0,-112,alley,minecraft:polished_andesite
-71,0,-111,alley,minecraft:polished_andesite
-70,0,-111,alley,minecraft:polished_andesite
-69,0,-111,alley,minecraft:polished_andesite
-68,0,-111,alley,minecraft:polished_andesite
-46,0,-111,building_footprint,minecraft:orange_concrete
-45,0,-111,building_footprint,minecraft:orange_concrete
-44,0,-111,building_footprint,minecraft:orange_concrete
-43,0,-111,building_footprint,minecraft:orange_concrete
-42,0,-111,building_footprint,minecraft:orange_concrete
-41,0,-111,building_footprint,minecraft:orange_concrete
-40,0,-111,building_footprint,minecraft:orange_concrete
-39,0,-111,building_footprint,minecraft:orange_concrete
-38,0,-111,building_footprint,minecraft:orange_concrete
-37,0,-111,building_footprint,minecraft:orange_concrete
-36,0,-111,building_footprint,minecraft:orange_concrete
-35,0,-111,building_footprint,minecraft:orange_concrete
-34,0,-111,building_footprint,minecraft:orange_concrete
-33,0,-111,building_footprint,minecraft:orange_concrete
-32,0,-111,building_footprint,minecraft:orange_concrete
-31,0,-111,building_footprint,minecraft:orange_concrete
-30,0,-111,building_footprint,minecraft:orange_concrete
-29,0,-111,building_footprint,minecraft:orange_concrete
-28,0,-111,building_footprint,minecraft:orange_concrete
-27,0,-111,building_footprint,minecraft:orange_concrete
-26,0,-111,building_footprint,minecraft:orange_concrete
-25,0,-111,building_footprint,minecraft:orange_concrete
-24,0,-111,building_footprint,minecraft:orange_concrete
-23,0,-111,building_footprint,minecraft:orange_concrete
-22,0,-111,building_footprint,minecraft:orange_concrete
-21,0,-111,building_footprint,minecraft:orange_concrete
-20,0,-111,building_footprint,minecraft:orange_concrete
-19,0,-111,building_footprint,minecraft:orange_concrete
-18,0,-111,building_footprint,minecraft:orange_concrete
-17,0,-111,building_footprint,minecraft:orange_concrete
-16,0,-111,sidewalk,minecraft:smooth_stone
-15,0,-111,sidewalk,minecraft:smooth_stone
-14,0,-111,sidewalk,minecraft:smooth_stone
-13,0,-111,main_street,minecraft:black_concrete
-12,0,-111,main_street,minecraft:black_concrete
-11,0,-111,main_street,minecraft:black_concrete
-10,0,-111,main_street,minecraft:black_concrete
-9,0,-111,main_street,minecraft:black_concrete
-8,0,-111,main_street,minecraft:black_concrete
-7,0,-111,main_street,minecraft:black_concrete
-6,0,-111,main_street,minecraft:black_concrete
-5,0,-111,main_street,minecraft:black_concrete
-4,0,-111,main_street,minecraft:black_concrete
-3,0,-111,main_street,minecraft:black_concrete
-2,0,-111,main_street,minecraft:black_concrete
-1,0,-111,main_street,minecraft:black_concrete
0,0,-111,main_street,minecraft:black_concrete
1,0,-111,main_street,minecraft:black_concrete
2,0,-111,main_street,minecraft:black_concrete
3,0,-111,main_street,minecraft:black_concrete
4,0,-111,main_street,minecraft:black_concrete
5,0,-111,main_street,minecraft:black_concrete
6,0,-111,main_street,minecraft:black_concrete
7,0,-111,main_street,minecraft:black_concrete
8,0,-111,main_street,minecraft:black_concrete
9,0,-111,main_street,minecraft:black_concrete
10,0,-111,main_street,minecraft:black_concrete
11,0,-111,main_street,minecraft:black_concrete
12,0,-111,main_street,minecraft:black_concrete
13,0,-111,sidewalk,minecraft:smooth_stone
14,0,-111,sidewalk,minecraft:smooth_stone
15,0,-111,sidewalk,minecraft:smooth_stone
20,0,-111,building_footprint,minecraft:orange_concrete
21,0,-111,building_footprint,minecraft:orange_concrete
22,0,-111,building_footprint,minecraft:orange_concrete
23,0,-111,building_footprint,minecraft:orange_concrete
24,0,-111,building_footprint,minecraft:orange_concrete
25,0,-111,building_footprint,minecraft:orange_concrete
26,0,-111,building_footprint,minecraft:orange_concrete
27,0,-111,building_footprint,minecraft:orange_concrete
28,0,-111,building_footprint,minecraft:orange_concrete
29,0,-111,building_footprint,minecraft:orange_concrete
30,0,-111,building_footprint,minecraft:orange_concrete
31,0,-111,building_footprint,minecraft:orange_concrete
32,0,-111,building_footprint,minecraft:orange_concrete
33,0,-111,building_footprint,minecraft:orange_concrete
34,0,-111,building_footprint,minecraft:orange_concrete
35,0,-111,building_footprint,minecraft:orange_concrete
36,0,-111,building_footprint,minecraft:orange_concrete
37,0,-111,building_footprint,minecraft:orange_concrete
38,0,-111,building_footprint,minecraft:orange_concrete
39,0,-111,building_footprint,minecraft:orange_concrete
40,0,-111,building_footprint,minecraft:orange_concrete
41,0,-111,building_footprint,minecraft:orange_concrete
42,0,-111,building_footprint,minecraft:orange_concrete
43,0,-111,building_footprint,minecraft:orange_concrete
44,0,-111,building_footprint,minecraft:orange_concrete
45,0,-111,building_footprint,minecraft:orange_concrete
46,0,-111,building_footprint,minecraft:orange_concrete
47,0,-111,building_footprint,minecraft:orange_concrete
48,0,-111,building_footprint,minecraft:orange_concrete
66,0,-111,alley,minecraft:polished_andesite
67,0,-111,alley,minecraft:polished_andesite
68,0,-111,alley,minecraft:polished_andesite
69,0,-111,alley,minecraft:polished_andesite
-71,0,-110,alley,minecraft:polished_andesite
-70,0,-110,alley,minecraft:polished_andesite
-69,0,-110,alley,minecraft:polished_andesite
-68,0,-110,alley,minecraft:polished_andesite
-46,0,-110,building_footprint,minecraft:orange_concrete
-45,0,-110,building_footprint,minecraft:orange_concrete
-44,0,-110,building_footprint,minecraft:orange_concrete
-43,0,-110,building_footprint,minecraft:orange_concrete
-42,0,-110,building_footprint,minecraft:orange_concrete
-41,0,-110,building_footprint,minecraft:orange_concrete
-40,0,-110,building_footprint,minecraft:orange_concrete
-39,0,-110,building_footprint,minecraft:orange_concrete
-38,0,-110,building_footprint,minecraft:orange_concrete
-37,0,-110,building_footprint,minecraft:orange_concrete
-36,0,-110,building_footprint,minecraft:orange_concrete
-35,0,-110,building_footprint,minecraft:orange_concrete
-34,0,-110,building_footprint,minecraft:orange_concrete
-33,0,-110,building_footprint,minecraft:orange_concrete
-32,0,-110,building_footprint,minecraft:orange_concrete
-31,0,-110,building_footprint,minecraft:orange_concrete
-30,0,-110,building_footprint,minecraft:orange_concrete
-29,0,-110,building_footprint,minecraft:orange_concrete
-28,0,-110,building_footprint,minecraft:orange_concrete
-27,0,-110,building_footprint,minecraft:orange_concrete
-26,0,-110,building_footprint,minecraft:orange_concrete
-25,0,-110,building_footprint,minecraft:orange_concrete
-24,0,-110,building_footprint,minecraft:orange_concrete
-23,0,-110,building_footprint,minecraft:orange_concrete
-22,0,-110,building_footprint,minecraft:orange_concrete
-21,0,-110,building_footprint,minecraft:orange_concrete
-20,0,-110,building_footprint,minecraft:orange_concrete
-19,0,-110,building_footprint,minecraft:orange_concrete
-18,0,-110,building_footprint,minecraft:orange_concrete
-17,0,-110,building_footprint,minecraft:orange_concrete
-16,0,-110,sidewalk,minecraft:smooth_stone
-15,0,-110,sidewalk,minecraft:smooth_stone
-14,0,-110,sidewalk,minecraft:smooth_stone
-13,0,-110,main_street,minecraft:black_concrete
-12,0,-110,main_street,minecraft:black_concrete
-11,0,-110,main_street,minecraft:black_concrete
-10,0,-110,main_street,minecraft:black_concrete
-9,0,-110,main_street,minecraft:black_concrete
-8,0,-110,main_street,minecraft:black_concrete
-7,0,-110,main_street,minecraft:black_concrete
-6,0,-110,main_street,minecraft:black_concrete
-5,0,-110,main_street,minecraft:black_concrete
-4,0,-110,main_street,minecraft:black_concrete
-3,0,-110,main_street,minecraft:black_concrete
-2,0,-110,main_street,minecraft:black_concrete
-1,0,-110,main_street,minecraft:black_concrete
0,0,-110,main_street,minecraft:black_concrete
1,0,-110,main_street,minecraft:black_concrete
2,0,-110,main_street,minecraft:black_concrete
3,0,-110,main_street,minecraft:black_concrete
4,0,-110,main_street,minecraft:black_concrete
5,0,-110,main_street,minecraft:black_concrete
6,0,-110,main_street,minecraft:black_concrete
7,0,-110,main_street,minecraft:black_concrete
8,0,-110,main_street,minecraft:black_concrete
9,0,-110,main_street,minecraft:black_concrete
10,0,-110,main_street,minecraft:black_concrete
11,0,-110,main_street,minecraft:black_concrete
12,0,-110,main_street,minecraft:black_concrete
13,0,-110,sidewalk,minecraft:smooth_stone
14,0,-110,sidewalk,minecraft:smooth_stone
15,0,-110,sidewalk,minecraft:smooth_stone
20,0,-110,building_footprint,minecraft:orange_concrete
21,0,-110,building_footprint,minecraft:orange_concrete
22,0,-110,building_footprint,minecraft:orange_concrete
23,0,-110,building_footprint,minecraft:orange_concrete
24,0,-110,building_footprint,minecraft:orange_concrete
25,0,-110,building_footprint,minecraft:orange_concrete
26,0,-110,building_footprint,minecraft:orange_concrete
27,0,-110,building_footprint,minecraft:orange_concrete
28,0,-110,building_footprint,minecraft:orange_concrete
29,0,-110,building_footprint,minecraft:orange_concrete
30,0,-110,building_footprint,minecraft:orange_concrete
31,0,-110,building_footprint,minecraft:orange_concrete
32,0,-110,building_footprint,minecraft:orange_concrete
33,0,-110,building_footprint,minecraft:orange_concrete
34,0,-110,building_footprint,minecraft:orange_concrete
35,0,-110,building_footprint,minecraft:orange_concrete
36,0,-110,building_footprint,minecraft:orange_concrete
37,0,-110,building_footprint,minecraft:orange_concrete
38,0,-110,building_footprint,minecraft:orange_concrete
39,0,-110,building_footprint,minecraft:orange_concrete
40,0,-110,building_footprint,minecraft:orange_concrete
41,0,-110,building_footprint,minecraft:orange_concrete
42,0,-110,building_footprint,minecraft:orange_concrete
43,0,-110,building_footprint,minecraft:orange_concrete
44,0,-110,building_footprint,minecraft:orange_concrete
45,0,-110,building_footprint,minecraft:orange_concrete
46,0,-110,building_footprint,minecraft:orange_concrete
47,0,-110,building_footprint,minecraft:orange_concrete
48,0,-110,building_footprint,minecraft:orange_concrete
66,0,-110,alley,minecraft:polished_andesite
67,0,-110,alley,minecraft:polished_andesite
68,0,-110,alley,minecraft:polished_andesite
69,0,-110,alley,minecraft:polished_andesite
-71,0,-109,alley,minecraft:polished_andesite
-70,0,-109,alley,minecraft:polished_andesite
-69,0,-109,alley,minecraft:polished_andesite
-68,0,-109,alley,minecraft:polished_andesite
-46,0,-109,building_footprint,minecraft:orange_concrete
-45,0,-109,building_footprint,minecraft:orange_concrete
-44,0,-109,building_footprint,minecraft:orange_concrete
-43,0,-109,building_footprint,minecraft:orange_concrete
-42,0,-109,building_footprint,minecraft:orange_concrete
-41,0,-109,building_footprint,minecraft:orange_concrete
-40,0,-109,building_footprint,minecraft:orange_concrete
-39,0,-109,building_footprint,minecraft:orange_concrete
-38,0,-109,building_footprint,minecraft:orange_concrete
-37,0,-109,building_footprint,minecraft:orange_concrete
-36,0,-109,building_footprint,minecraft:orange_concrete
-35,0,-109,building_footprint,minecraft:orange_concrete
-34,0,-109,building_footprint,minecraft:orange_concrete
-33,0,-109,building_footprint,minecraft:orange_concrete
-32,0,-109,building_footprint,minecraft:orange_concrete
-31,0,-109,building_footprint,minecraft:orange_concrete
-30,0,-109,building_footprint,minecraft:orange_concrete
-29,0,-109,building_footprint,minecraft:orange_concrete
-28,0,-109,building_footprint,minecraft:orange_concrete
-27,0,-109,building_footprint,minecraft:orange_concrete
-26,0,-109,building_footprint,minecraft:orange_concrete
-25,0,-109,building_footprint,minecraft:orange_concrete
-24,0,-109,building_footprint,minecraft:orange_concrete
-23,0,-109,building_footprint,minecraft:orange_concrete
-22,0,-109,building_footprint,minecraft:orange_concrete
-21,0,-109,building_footprint,minecraft:orange_concrete
-20,0,-109,building_footprint,minecraft:orange_concrete
-19,0,-109,building_footprint,minecraft:orange_concrete
-18,0,-109,building_footprint,minecraft:orange_concrete
-17,0,-109,building_footprint,minecraft:orange_concrete
-16,0,-109,sidewalk,minecraft:smooth_stone
-15,0,-109,sidewalk,minecraft:smooth_stone
-14,0,-109,sidewalk,minecraft:smooth_stone
-13,0,-109,main_street,minecraft:black_concrete
-12,0,-109,main_street,minecraft:black_concrete
-11,0,-109,main_street,minecraft:black_concrete
-10,0,-109,main_street,minecraft:black_concrete
-9,0,-109,main_street,minecraft:black_concrete
-8,0,-109,main_street,minecraft:black_concrete
-7,0,-109,main_street,minecraft:black_concrete
-6,0,-109,main_street,minecraft:black_concrete
-5,0,-109,main_street,minecraft:black_concrete
-4,0,-109,main_street,minecraft:black_concrete
-3,0,-109,main_street,minecraft:black_concrete
-2,0,-109,main_street,minecraft:black_concrete
-1,0,-109,main_street,minecraft:black_concrete
0,0,-109,main_street,minecraft:black_concrete
1,0,-109,main_street,minecraft:black_concrete
2,0,-109,main_street,minecraft:black_concrete
3,0,-109,main_street,minecraft:black_concrete
4,0,-109,main_street,minecraft:black_concrete
5,0,-109,main_street,minecraft:black_concrete
6,0,-109,main_street,minecraft:black_concrete
7,0,-109,main_street,minecraft:black_concrete
8,0,-109,main_street,minecraft:black_concrete
9,0,-109,main_street,minecraft:black_concrete
10,0,-109,main_street,minecraft:black_concrete
11,0,-109,main_street,minecraft:black_concrete
12,0,-109,main_street,minecraft:black_concrete
13,0,-109,sidewalk,minecraft:smooth_stone
14,0,-109,sidewalk,minecraft:smooth_stone
15,0,-109,sidewalk,minecraft:smooth_stone
20,0,-109,building_footprint,minecraft:orange_concrete
21,0,-109,building_footprint,minecraft:orange_concrete
22,0,-109,building_footprint,minecraft:orange_concrete
23,0,-109,building_footprint,minecraft:orange_concrete
24,0,-109,building_footprint,minecraft:orange_concrete
25,0,-109,building_footprint,minecraft:orange_concrete
26,0,-109,building_footprint,minecraft:orange_concrete
27,0,-109,building_footprint,minecraft:orange_concrete
28,0,-109,building_footprint,minecraft:orange_concrete
29,0,-109,building_footprint,minecraft:orange_concrete
30,0,-109,building_footprint,minecraft:orange_concrete
31,0,-109,building_footprint,minecraft:orange_concrete
32,0,-109,building_footprint,minecraft:orange_concrete
33,0,-109,building_footprint,minecraft:orange_concrete
34,0,-109,building_footprint,minecraft:orange_concrete
35,0,-109,building_footprint,minecraft:orange_concrete
36,0,-109,building_footprint,minecraft:orange_concrete
37,0,-109,building_footprint,minecraft:orange_concrete
38,0,-109,building_footprint,minecraft:orange_concrete
39,0,-109,building_footprint,minecraft:orange_concrete
40,0,-109,building_footprint,minecraft:orange_concrete
41,0,-109,building_footprint,minecraft:orange_concrete
42,0,-109,building_footprint,minecraft:orange_concrete
43,0,-109,building_footprint,minecraft:orange_concrete
44,0,-109,building_footprint,minecraft:orange_concrete
45,0,-109,building_footprint,minecraft:orange_concrete
46,0,-109,building_footprint,minecraft:orange_concrete
47,0,-109,building_footprint,minecraft:orange_concrete
48,0,-109,building_footprint,minecraft:orange_concrete
66,0,-109,alley,minecraft:polished_andesite
67,0,-109,alley,minecraft:polished_andesite
68,0,-109,alley,minecraft:polished_andesite
69,0,-109,alley,minecraft:polished_andesite
-71,0,-108,alley,minecraft:polished_andesite
-70,0,-108,alley,minecraft:polished_andesite
-69,0,-108,alley,minecraft:polished_andesite
-68,0,-108,alley,minecraft:polished_andesite
-46,0,-108,building_footprint,minecraft:orange_concrete
-45,0,-108,building_footprint,minecraft:orange_concrete
-44,0,-108,building_footprint,minecraft:orange_concrete
-43,0,-108,building_footprint,minecraft:orange_concrete
-42,0,-108,building_footprint,minecraft:orange_concrete
-41,0,-108,building_footprint,minecraft:orange_concrete
-40,0,-108,building_footprint,minecraft:orange_concrete
-39,0,-108,building_footprint,minecraft:orange_concrete
-38,0,-108,building_footprint,minecraft:orange_concrete
-37,0,-108,building_footprint,minecraft:orange_concrete
-36,0,-108,building_footprint,minecraft:orange_concrete
-35,0,-108,building_footprint,minecraft:orange_concrete
-34,0,-108,building_footprint,minecraft:orange_concrete
-33,0,-108,building_footprint,minecraft:orange_concrete
-32,0,-108,building_footprint,minecraft:orange_concrete
-31,0,-108,building_footprint,minecraft:orange_concrete
-30,0,-108,building_footprint,minecraft:orange_concrete
-29,0,-108,building_footprint,minecraft:orange_concrete
-28,0,-108,building_footprint,minecraft:orange_concrete
-27,0,-108,building_footprint,minecraft:orange_concrete
-26,0,-108,building_footprint,minecraft:orange_concrete
-25,0,-108,building_footprint,minecraft:orange_concrete
-24,0,-108,building_footprint,minecraft:orange_concrete
-23,0,-108,building_footprint,minecraft:orange_concrete
-22,0,-108,building_footprint,minecraft:orange_concrete
-21,0,-108,building_footprint,minecraft:orange_concrete
-20,0,-108,building_footprint,minecraft:orange_concrete
-19,0,-108,building_footprint,minecraft:orange_concrete
-18,0,-108,building_footprint,minecraft:orange_concrete
-17,0,-108,building_footprint,minecraft:orange_concrete
-16,0,-108,sidewalk,minecraft:smooth_stone
-15,0,-108,sidewalk,minecraft:smooth_stone
-14,0,-108,sidewalk,minecraft:smooth_stone
-13,0,-108,main_street,minecraft:black_concrete
-12,0,-108,main_street,minecraft:black_concrete
-11,0,-108,main_street,minecraft:black_concrete
-10,0,-108,main_street,minecraft:black_concrete
-9,0,-108,main_street,minecraft:black_concrete
-8,0,-108,main_street,minecraft:black_concrete
-7,0,-108,main_street,minecraft:black_concrete
-6,0,-108,main_street,minecraft:black_concrete
-5,0,-108,main_street,minecraft:black_concrete
-4,0,-108,main_street,minecraft:black_concrete
-3,0,-108,main_street,minecraft:black_concrete
-2,0,-108,main_street,minecraft:black_concrete
-1,0,-108,main_street,minecraft:black_concrete
0,0,-108,main_street,minecraft:black_concrete
1,0,-108,main_street,minecraft:black_concrete
2,0,-108,main_street,minecraft:black_concrete
3,0,-108,main_street,minecraft:black_concrete
4,0,-108,main_street,minecraft:black_concrete
5,0,-108,main_street,minecraft:black_concrete
6,0,-108,main_street,minecraft:black_concrete
7,0,-108,main_street,minecraft:black_concrete
8,0,-108,main_street,minecraft:black_concrete
9,0,-108,main_street,minecraft:black_concrete
10,0,-108,main_street,minecraft:black_concrete
11,0,-108,main_street,minecraft:black_concrete
12,0,-108,main_street,minecraft:black_concrete
13,0,-108,sidewalk,minecraft:smooth_stone
14,0,-108,sidewalk,minecraft:smooth_stone
15,0,-108,sidewalk,minecraft:smooth_stone
20,0,-108,building_footprint,minecraft:orange_concrete
21,0,-108,building_footprint,minecraft:orange_concrete
22,0,-108,building_footprint,minecraft:orange_concrete
23,0,-108,building_footprint,minecraft:orange_concrete
24,0,-108,building_footprint,minecraft:orange_concrete
25,0,-108,building_footprint,minecraft:orange_concrete
26,0,-108,building_footprint,minecraft:orange_concrete
27,0,-108,building_footprint,minecraft:orange_concrete
28,0,-108,building_footprint,minecraft:orange_concrete
29,0,-108,building_footprint,minecraft:orange_concrete
30,0,-108,building_footprint,minecraft:orange_concrete
31,0,-108,building_footprint,minecraft:orange_concrete
32,0,-108,building_footprint,minecraft:orange_concrete
33,0,-108,building_footprint,minecraft:orange_concrete
34,0,-108,building_footprint,minecraft:orange_concrete
35,0,-108,building_footprint,minecraft:orange_concrete
36,0,-108,building_footprint,minecraft:orange_concrete
37,0,-108,building_footprint,minecraft:orange_concrete
38,0,-108,building_footprint,minecraft:orange_concrete
39,0,-108,building_footprint,minecraft:orange_concrete
40,0,-108,building_footprint,minecraft:orange_concrete
41,0,-108,building_footprint,minecraft:orange_concrete
42,0,-108,building_footprint,minecraft:orange_concrete
43,0,-108,building_footprint,minecraft:orange_concrete
44,0,-108,building_footprint,minecraft:orange_concrete
45,0,-108,building_footprint,minecraft:orange_concrete
46,0,-108,building_footprint,minecraft:orange_concrete
47,0,-108,building_footprint,minecraft:orange_concrete
48,0,-108,building_footprint,minecraft:orange_concrete
66,0,-108,alley,minecraft:polished_andesite
67,0,-108,alley,minecraft:polished_andesite
68,0,-108,alley,minecraft:polished_andesite
69,0,-108,alley,minecraft:polished_andesite
-71,0,-107,alley,minecraft:polished_andesite
-70,0,-107,alley,minecraft:polished_andesite
-69,0,-107,alley,minecraft:polished_andesite
-68,0,-107,alley,minecraft:polished_andesite
-46,0,-107,building_footprint,minecraft:orange_concrete
-45,0,-107,building_footprint,minecraft:orange_concrete
-44,0,-107,building_footprint,minecraft:orange_concrete
-43,0,-107,building_footprint,minecraft:orange_concrete
-42,0,-107,building_footprint,minecraft:orange_concrete
-41,0,-107,building_footprint,minecraft:orange_concrete
-40,0,-107,building_footprint,minecraft:orange_concrete
-39,0,-107,building_footprint,minecraft:orange_concrete
-38,0,-107,building_footprint,minecraft:orange_concrete
-37,0,-107,building_footprint,minecraft:orange_concrete
-36,0,-107,building_footprint,minecraft:orange_concrete
-35,0,-107,building_footprint,minecraft:orange_concrete
-34,0,-107,building_footprint,minecraft:orange_concrete
-33,0,-107,building_footprint,minecraft:orange_concrete
-32,0,-107,building_footprint,minecraft:orange_concrete
-31,0,-107,building_footprint,minecraft:orange_concrete
-30,0,-107,building_footprint,minecraft:orange_concrete
-29,0,-107,building_footprint,minecraft:orange_concrete
-28,0,-107,building_footprint,minecraft:orange_concrete
-27,0,-107,building_footprint,minecraft:orange_concrete
-26,0,-107,building_footprint,minecraft:orange_concrete
-25,0,-107,building_footprint,minecraft:orange_concrete
-24,0,-107,building_footprint,minecraft:orange_concrete
-23,0,-107,building_footprint,minecraft:orange_concrete
-22,0,-107,building_footprint,minecraft:orange_concrete
-21,0,-107,building_footprint,minecraft:orange_concrete
-20,0,-107,building_footprint,minecraft:orange_concrete
-19,0,-107,building_footprint,minecraft:orange_concrete
-18,0,-107,building_footprint,minecraft:orange_concrete
-17,0,-107,building_footprint,minecraft:orange_concrete
-16,0,-107,sidewalk,minecraft:smooth_stone
-15,0,-107,sidewalk,minecraft:smooth_stone
-14,0,-107,sidewalk,minecraft:smooth_stone
-13,0,-107,main_street,minecraft:black_concrete
-12,0,-107,main_street,minecraft:black_concrete
-11,0,-107,main_street,minecraft:black_concrete
-10,0,-107,main_street,minecraft:black_concrete
-9,0,-107,main_street,minecraft:black_concrete
-8,0,-107,main_street,minecraft:black_concrete
-7,0,-107,main_street,minecraft:black_concrete
-6,0,-107,main_street,minecraft:black_concrete
-5,0,-107,main_street,minecraft:black_concrete
-4,0,-107,main_street,minecraft:black_concrete
-3,0,-107,main_street,minecraft:black_concrete
-2,0,-107,main_street,minecraft:black_concrete
-1,0,-107,main_street,minecraft:black_concrete
0,0,-107,main_street,minecraft:black_concrete
1,0,-107,main_street,minecraft:black_concrete
2,0,-107,main_street,minecraft:black_concrete
3,0,-107,main_street,minecraft:black_concrete
4,0,-107,main_street,minecraft:black_concrete
5,0,-107,main_street,minecraft:black_concrete
6,0,-107,main_street,minecraft:black_concrete
7,0,-107,main_street,minecraft:black_concrete
8,0,-107,main_street,minecraft:black_concrete
9,0,-107,main_street,minecraft:black_concrete
10,0,-107,main_street,minecraft:black_concrete
11,0,-107,main_street,minecraft:black_concrete
12,0,-107,main_street,minecraft:black_concrete
13,0,-107,sidewalk,minecraft:smooth_stone
14,0,-107,sidewalk,minecraft:smooth_stone
15,0,-107,sidewalk,minecraft:smooth_stone
66,0,-107,alley,minecraft:polished_andesite
67,0,-107,alley,minecraft:polished_andesite
68,0,-107,alley,minecraft:polished_andesite
69,0,-107,alley,minecraft:polished_andesite
-71,0,-106,alley,minecraft:polished_andesite
-70,0,-106,alley,minecraft:polished_andesite
-69,0,-106,alley,minecraft:polished_andesite
-68,0,-106,alley,minecraft:polished_andesite
-46,0,-106,building_footprint,minecraft:orange_concrete
-45,0,-106,building_footprint,minecraft:orange_concrete
-44,0,-106,building_footprint,minecraft:orange_concrete
-43,0,-106,building_footprint,minecraft:orange_concrete
-42,0,-106,building_footprint,minecraft:orange_concrete
-41,0,-106,building_footprint,minecraft:orange_concrete
-40,0,-106,building_footprint,minecraft:orange_concrete
-39,0,-106,building_footprint,minecraft:orange_concrete
-38,0,-106,building_footprint,minecraft:orange_concrete
-37,0,-106,building_footprint,minecraft:orange_concrete
-36,0,-106,building_footprint,minecraft:orange_concrete
-35,0,-106,building_footprint,minecraft:orange_concrete
-34,0,-106,building_footprint,minecraft:orange_concrete
-33,0,-106,building_footprint,minecraft:orange_concrete
-32,0,-106,building_footprint,minecraft:orange_concrete
-31,0,-106,building_footprint,minecraft:orange_concrete
-30,0,-106,building_footprint,minecraft:orange_concrete
-29,0,-106,building_footprint,minecraft:orange_concrete
-28,0,-106,building_footprint,minecraft:orange_concrete
-27,0,-106,building_footprint,minecraft:orange_concrete
-26,0,-106,building_footprint,minecraft:orange_concrete
-25,0,-106,building_footprint,minecraft:orange_concrete
-24,0,-106,building_footprint,minecraft:orange_concrete
-23,0,-106,building_footprint,minecraft:orange_concrete
-22,0,-106,building_footprint,minecraft:orange_concrete
-21,0,-106,building_footprint,minecraft:orange_concrete
-20,0,-106,building_footprint,minecraft:orange_concrete
-19,0,-106,building_footprint,minecraft:orange_concrete
-18,0,-106,building_footprint,minecraft:orange_concrete
-17,0,-106,building_footprint,minecraft:orange_concrete
-16,0,-106,sidewalk,minecraft:smooth_stone
-15,0,-106,sidewalk,minecraft:smooth_stone
-14,0,-106,sidewalk,minecraft:smooth_stone
-13,0,-106,main_street,minecraft:black_concrete
-12,0,-106,main_street,minecraft:black_concrete
-11,0,-106,main_street,minecraft:black_concrete
-10,0,-106,main_street,minecraft:black_concrete
-9,0,-106,main_street,minecraft:black_concrete
-8,0,-106,main_street,minecraft:black_concrete
-7,0,-106,main_street,minecraft:black_concrete
-6,0,-106,main_street,minecraft:black_concrete
-5,0,-106,main_street,minecraft:black_concrete
-4,0,-106,main_street,minecraft:black_concrete
-3,0,-106,main_street,minecraft:black_concrete
-2,0,-106,main_street,minecraft:black_concrete
-1,0,-106,main_street,minecraft:black_concrete
0,0,-106,main_street,minecraft:black_concrete
1,0,-106,main_street,minecraft:black_concrete
2,0,-106,main_street,minecraft:black_concrete
3,0,-106,main_street,minecraft:black_concrete
4,0,-106,main_street,minecraft:black_concrete
5,0,-106,main_street,minecraft:black_concrete
6,0,-106,main_street,minecraft:black_concrete
7,0,-106,main_street,minecraft:black_concrete
8,0,-106,main_street,minecraft:black_concrete
9,0,-106,main_street,minecraft:black_concrete
10,0,-106,main_street,minecraft:black_concrete
11,0,-106,main_street,minecraft:black_concrete
12,0,-106,main_street,minecraft:black_concrete
13,0,-106,sidewalk,minecraft:smooth_stone
14,0,-106,sidewalk,minecraft:smooth_stone
15,0,-106,building_footprint,minecraft:orange_concrete
16,0,-106,building_footprint,minecraft:orange_concrete
17,0,-106,building_footprint,minecraft:orange_concrete
18,0,-106,building_footprint,minecraft:orange_concrete
19,0,-106,building_footprint,minecraft:orange_concrete
20,0,-106,building_footprint,minecraft:orange_concrete
21,0,-106,building_footprint,minecraft:orange_concrete
22,0,-106,building_footprint,minecraft:orange_concrete
23,0,-106,building_footprint,minecraft:orange_concrete
24,0,-106,building_footprint,minecraft:orange_concrete
25,0,-106,building_footprint,minecraft:orange_concrete
66,0,-106,alley,minecraft:polished_andesite
67,0,-106,alley,minecraft:polished_andesite
68,0,-106,alley,minecraft:polished_andesite
69,0,-106,alley,minecraft:polished_andesite
-71,0,-105,alley,minecraft:polished_andesite
-70,0,-105,alley,minecraft:polished_andesite
-69,0,-105,alley,minecraft:polished_andesite
-68,0,-105,alley,minecraft:polished_andesite
-61,0,-105,building_footprint,minecraft:orange_concrete
-60,0,-105,building_footprint,minecraft:orange_concrete
-59,0,-105,building_footprint,minecraft:orange_concrete
-58,0,-105,building_footprint,minecraft:orange_concrete
-57,0,-105,building_footprint,minecraft:orange_concrete
-56,0,-105,building_footprint,minecraft:orange_concrete
-55,0,-105,building_footprint,minecraft:orange_concrete
-54,0,-105,building_footprint,minecraft:orange_concrete
-53,0,-105,building_footprint,minecraft:orange_concrete
-52,0,-105,building_footprint,minecraft:orange_concrete
-51,0,-105,building_footprint,minecraft:orange_concrete
-50,0,-105,building_footprint,minecraft:orange_concrete
-49,0,-105,building_footprint,minecraft:orange_concrete
-48,0,-105,building_footprint,minecraft:orange_concrete
-47,0,-105,building_footprint,minecraft:orange_concrete
-46,0,-105,building_footprint,minecraft:orange_concrete
-45,0,-105,building_footprint,minecraft:orange_concrete
-44,0,-105,building_footprint,minecraft:orange_concrete
-43,0,-105,building_footprint,minecraft:orange_concrete
-42,0,-105,building_footprint,minecraft:orange_concrete
-41,0,-105,building_footprint,minecraft:orange_concrete
-40,0,-105,building_footprint,minecraft:orange_concrete
-39,0,-105,building_footprint,minecraft:orange_concrete
-38,0,-105,building_footprint,minecraft:orange_concrete
-37,0,-105,building_footprint,minecraft:orange_concrete
-36,0,-105,building_footprint,minecraft:orange_concrete
-35,0,-105,building_footprint,minecraft:orange_concrete
-34,0,-105,building_footprint,minecraft:orange_concrete
-33,0,-105,building_footprint,minecraft:orange_concrete
-32,0,-105,building_footprint,minecraft:orange_concrete
-31,0,-105,building_footprint,minecraft:orange_concrete
-30,0,-105,building_footprint,minecraft:orange_concrete
-29,0,-105,building_footprint,minecraft:orange_concrete
-28,0,-105,building_footprint,minecraft:orange_concrete
-27,0,-105,building_footprint,minecraft:orange_concrete
-26,0,-105,building_footprint,minecraft:orange_concrete
-25,0,-105,building_footprint,minecraft:orange_concrete
-24,0,-105,building_footprint,minecraft:orange_concrete
-23,0,-105,building_footprint,minecraft:orange_concrete
-22,0,-105,building_footprint,minecraft:orange_concrete
-21,0,-105,building_footprint,minecraft:orange_concrete
-20,0,-105,building_footprint,minecraft:orange_concrete
-19,0,-105,building_footprint,minecraft:orange_concrete
-18,0,-105,building_footprint,minecraft:orange_concrete
-17,0,-105,building_footprint,minecraft:orange_concrete
-16,0,-105,sidewalk,minecraft:smooth_stone
-15,0,-105,sidewalk,minecraft:smooth_stone
-14,0,-105,sidewalk,minecraft:smooth_stone
-13,0,-105,main_street,minecraft:black_concrete
-12,0,-105,main_street,minecraft:black_concrete
-11,0,-105,main_street,minecraft:black_concrete
-10,0,-105,main_street,minecraft:black_concrete
-9,0,-105,main_street,minecraft:black_concrete
-8,0,-105,main_street,minecraft:black_concrete
-7,0,-105,main_street,minecraft:black_concrete
-6,0,-105,main_street,minecraft:black_concrete
-5,0,-105,main_street,minecraft:black_concrete
-4,0,-105,main_street,minecraft:black_concrete
-3,0,-105,main_street,minecraft:black_concrete
-2,0,-105,main_street,minecraft:black_concrete
-1,0,-105,main_street,minecraft:black_concrete
0,0,-105,main_street,minecraft:black_concrete
1,0,-105,main_street,minecraft:black_concrete
2,0,-105,main_street,minecraft:black_concrete
3,0,-105,main_street,minecraft:black_concrete
4,0,-105,main_street,minecraft:black_concrete
5,0,-105,main_street,minecraft:black_concrete
6,0,-105,main_street,minecraft:black_concrete
7,0,-105,main_street,minecraft:black_concrete
8,0,-105,main_street,minecraft:black_concrete
9,0,-105,main_street,minecraft:black_concrete
10,0,-105,main_street,minecraft:black_concrete
11,0,-105,main_street,minecraft:black_concrete
12,0,-105,main_street,minecraft:black_concrete
13,0,-105,sidewalk,minecraft:smooth_stone
14,0,-105,sidewalk,minecraft:smooth_stone
15,0,-105,building_footprint,minecraft:orange_concrete
16,0,-105,building_footprint,minecraft:orange_concrete
17,0,-105,building_footprint,minecraft:orange_concrete
18,0,-105,building_footprint,minecraft:orange_concrete
19,0,-105,building_footprint,minecraft:orange_concrete
20,0,-105,building_footprint,minecraft:orange_concrete
21,0,-105,building_footprint,minecraft:orange_concrete
22,0,-105,building_footprint,minecraft:orange_concrete
23,0,-105,building_footprint,minecraft:orange_concrete
24,0,-105,building_footprint,minecraft:orange_concrete
25,0,-105,building_footprint,minecraft:orange_concrete
66,0,-105,alley,minecraft:polished_andesite
67,0,-105,alley,minecraft:polished_andesite
68,0,-105,alley,minecraft:polished_andesite
69,0,-105,alley,minecraft:polished_andesite
-71,0,-104,alley,minecraft:polished_andesite
-70,0,-104,alley,minecraft:polished_andesite
-69,0,-104,alley,minecraft:polished_andesite
-68,0,-104,alley,minecraft:polished_andesite
-61,0,-104,building_footprint,minecraft:orange_concrete
-60,0,-104,building_footprint,minecraft:orange_concrete
-59,0,-104,building_footprint,minecraft:orange_concrete
-58,0,-104,building_footprint,minecraft:orange_concrete
-57,0,-104,building_footprint,minecraft:orange_concrete
-56,0,-104,building_footprint,minecraft:orange_concrete
-55,0,-104,building_footprint,minecraft:orange_concrete
-54,0,-104,building_footprint,minecraft:orange_concrete
-53,0,-104,building_footprint,minecraft:orange_concrete
-52,0,-104,building_footprint,minecraft:orange_concrete
-51,0,-104,building_footprint,minecraft:orange_concrete
-50,0,-104,building_footprint,minecraft:orange_concrete
-49,0,-104,building_footprint,minecraft:orange_concrete
-48,0,-104,building_footprint,minecraft:orange_concrete
-47,0,-104,building_footprint,minecraft:orange_concrete
-46,0,-104,building_footprint,minecraft:orange_concrete
-45,0,-104,building_footprint,minecraft:orange_concrete
-44,0,-104,building_footprint,minecraft:orange_concrete
-43,0,-104,building_footprint,minecraft:orange_concrete
-42,0,-104,building_footprint,minecraft:orange_concrete
-41,0,-104,building_footprint,minecraft:orange_concrete
-40,0,-104,building_footprint,minecraft:orange_concrete
-39,0,-104,building_footprint,minecraft:orange_concrete
-38,0,-104,building_footprint,minecraft:orange_concrete
-37,0,-104,building_footprint,minecraft:orange_concrete
-36,0,-104,building_footprint,minecraft:orange_concrete
-35,0,-104,building_footprint,minecraft:orange_concrete
-34,0,-104,building_footprint,minecraft:orange_concrete
-33,0,-104,building_footprint,minecraft:orange_concrete
-32,0,-104,building_footprint,minecraft:orange_concrete
-31,0,-104,building_footprint,minecraft:orange_concrete
-30,0,-104,building_footprint,minecraft:orange_concrete
-29,0,-104,building_footprint,minecraft:orange_concrete
-28,0,-104,building_footprint,minecraft:orange_concrete
-27,0,-104,building_footprint,minecraft:orange_concrete
-26,0,-104,building_footprint,minecraft:orange_concrete
-25,0,-104,building_footprint,minecraft:orange_concrete
-24,0,-104,building_footprint,minecraft:orange_concrete
-23,0,-104,building_footprint,minecraft:orange_concrete
-22,0,-104,building_footprint,minecraft:orange_concrete
-21,0,-104,building_footprint,minecraft:orange_concrete
-20,0,-104,building_footprint,minecraft:orange_concrete
-19,0,-104,building_footprint,minecraft:orange_concrete
-18,0,-104,building_footprint,minecraft:orange_concrete
-17,0,-104,building_footprint,minecraft:orange_concrete
-16,0,-104,sidewalk,minecraft:smooth_stone
-15,0,-104,sidewalk,minecraft:smooth_stone
-14,0,-104,sidewalk,minecraft:smooth_stone
-13,0,-104,main_street,minecraft:black_concrete
-12,0,-104,main_street,minecraft:black_concrete
-11,0,-104,main_street,minecraft:black_concrete
-10,0,-104,main_street,minecraft:black_concrete
-9,0,-104,main_street,minecraft:black_concrete
-8,0,-104,main_street,minecraft:black_concrete
-7,0,-104,main_street,minecraft:black_concrete
-6,0,-104,main_street,minecraft:black_concrete
-5,0,-104,main_street,minecraft:black_concrete
-4,0,-104,main_street,minecraft:black_concrete
-3,0,-104,main_street,minecraft:black_concrete
-2,0,-104,main_street,minecraft:black_concrete
-1,0,-104,main_street,minecraft:black_concrete
0,0,-104,main_street,minecraft:black_concrete
1,0,-104,main_street,minecraft:black_concrete
2,0,-104,main_street,minecraft:black_concrete
3,0,-104,main_street,minecraft:black_concrete
4,0,-104,main_street,minecraft:black_concrete
5,0,-104,main_street,minecraft:black_concrete
6,0,-104,main_street,minecraft:black_concrete
7,0,-104,main_street,minecraft:black_concrete
8,0,-104,main_street,minecraft:black_concrete
9,0,-104,main_street,minecraft:black_concrete
10,0,-104,main_street,minecraft:black_concrete
11,0,-104,main_street,minecraft:black_concrete
12,0,-104,main_street,minecraft:black_concrete
13,0,-104,sidewalk,minecraft:smooth_stone
14,0,-104,sidewalk,minecraft:smooth_stone
15,0,-104,building_footprint,minecraft:orange_concrete
16,0,-104,building_footprint,minecraft:orange_concrete
17,0,-104,building_footprint,minecraft:orange_concrete
18,0,-104,building_footprint,minecraft:orange_concrete
19,0,-104,building_footprint,minecraft:orange_concrete
20,0,-104,building_footprint,minecraft:orange_concrete
21,0,-104,building_footprint,minecraft:orange_concrete
22,0,-104,building_footprint,minecraft:orange_concrete
23,0,-104,building_footprint,minecraft:orange_concrete
24,0,-104,building_footprint,minecraft:orange_concrete
25,0,-104,building_footprint,minecraft:orange_concrete
26,0,-104,building_footprint,minecraft:orange_concrete
27,0,-104,building_footprint,minecraft:orange_concrete
28,0,-104,building_footprint,minecraft:orange_concrete
29,0,-104,building_footprint,minecraft:orange_concrete
30,0,-104,building_footprint,minecraft:orange_concrete
31,0,-104,building_footprint,minecraft:orange_concrete
32,0,-104,building_footprint,minecraft:orange_concrete
33,0,-104,building_footprint,minecraft:orange_concrete
34,0,-104,building_footprint,minecraft:orange_concrete
35,0,-104,building_footprint,minecraft:orange_concrete
36,0,-104,building_footprint,minecraft:orange_concrete
37,0,-104,building_footprint,minecraft:orange_concrete
38,0,-104,building_footprint,minecraft:orange_concrete
39,0,-104,building_footprint,minecraft:orange_concrete
40,0,-104,building_footprint,minecraft:orange_concrete
41,0,-104,building_footprint,minecraft:orange_concrete
42,0,-104,building_footprint,minecraft:orange_concrete
43,0,-104,building_footprint,minecraft:orange_concrete
44,0,-104,building_footprint,minecraft:orange_concrete
45,0,-104,building_footprint,minecraft:orange_concrete
46,0,-104,building_footprint,minecraft:orange_concrete
47,0,-104,building_footprint,minecraft:orange_concrete
48,0,-104,building_footprint,minecraft:orange_concrete
49,0,-104,building_footprint,minecraft:orange_concrete
50,0,-104,building_footprint,minecraft:orange_concrete
51,0,-104,building_footprint,minecraft:orange_concrete
54,0,-104,building_footprint,minecraft:orange_concrete
55,0,-104,building_footprint,minecraft:orange_concrete
56,0,-104,building_footprint,minecraft:orange_concrete
57,0,-104,building_footprint,minecraft:orange_concrete
58,0,-104,building_footprint,minecraft:orange_concrete
59,0,-104,building_footprint,minecraft:orange_concrete
66,0,-104,alley,minecraft:polished_andesite
67,0,-104,alley,minecraft:polished_andesite
68,0,-104,alley,minecraft:polished_andesite
69,0,-104,alley,minecraft:polished_andesite
-71,0,-103,alley,minecraft:polished_andesite
-70,0,-103,alley,minecraft:polished_andesite
-69,0,-103,alley,minecraft:polished_andesite
-68,0,-103,alley,minecraft:polished_andesite
-61,0,-103,building_footprint,minecraft:orange_concrete
-60,0,-103,building_footprint,minecraft:orange_concrete
-59,0,-103,building_footprint,minecraft:orange_concrete
-58,0,-103,building_footprint,minecraft:orange_concrete
-57,0,-103,building_footprint,minecraft:orange_concrete
-56,0,-103,building_footprint,minecraft:orange_concrete
-55,0,-103,building_footprint,minecraft:orange_concrete
-54,0,-103,building_footprint,minecraft:orange_concrete
-53,0,-103,building_footprint,minecraft:orange_concrete
-52,0,-103,building_footprint,minecraft:orange_concrete
-51,0,-103,building_footprint,minecraft:orange_concrete
-50,0,-103,building_footprint,minecraft:orange_concrete
-49,0,-103,building_footprint,minecraft:orange_concrete
-48,0,-103,building_footprint,minecraft:orange_concrete
-47,0,-103,building_footprint,minecraft:orange_concrete
-46,0,-103,building_footprint,minecraft:orange_concrete
-45,0,-103,building_footprint,minecraft:orange_concrete
-44,0,-103,building_footprint,minecraft:orange_concrete
-43,0,-103,building_footprint,minecraft:orange_concrete
-42,0,-103,building_footprint,minecraft:orange_concrete
-41,0,-103,building_footprint,minecraft:orange_concrete
-40,0,-103,building_footprint,minecraft:orange_concrete
-39,0,-103,building_footprint,minecraft:orange_concrete
-38,0,-103,building_footprint,minecraft:orange_concrete
-37,0,-103,building_footprint,minecraft:orange_concrete
-36,0,-103,building_footprint,minecraft:orange_concrete
-35,0,-103,building_footprint,minecraft:orange_concrete
-34,0,-103,building_footprint,minecraft:orange_concrete
-33,0,-103,building_footprint,minecraft:orange_concrete
-32,0,-103,building_footprint,minecraft:orange_concrete
-31,0,-103,building_footprint,minecraft:orange_concrete
-30,0,-103,building_footprint,minecraft:orange_concrete
-29,0,-103,building_footprint,minecraft:orange_concrete
-28,0,-103,building_footprint,minecraft:orange_concrete
-27,0,-103,building_footprint,minecraft:orange_concrete
-26,0,-103,building_footprint,minecraft:orange_concrete
-25,0,-103,building_footprint,minecraft:orange_concrete
-24,0,-103,building_footprint,minecraft:orange_concrete
-23,0,-103,building_footprint,minecraft:orange_concrete
-22,0,-103,building_footprint,minecraft:orange_concrete
-21,0,-103,building_footprint,minecraft:orange_concrete
-20,0,-103,building_footprint,minecraft:orange_concrete
-19,0,-103,building_footprint,minecraft:orange_concrete
-18,0,-103,building_footprint,minecraft:orange_concrete
-17,0,-103,building_footprint,minecraft:orange_concrete
-16,0,-103,sidewalk,minecraft:smooth_stone
-15,0,-103,sidewalk,minecraft:smooth_stone
-14,0,-103,sidewalk,minecraft:smooth_stone
-13,0,-103,main_street,minecraft:black_concrete
-12,0,-103,main_street,minecraft:black_concrete
-11,0,-103,main_street,minecraft:black_concrete
-10,0,-103,main_street,minecraft:black_concrete
-9,0,-103,main_street,minecraft:black_concrete
-8,0,-103,main_street,minecraft:black_concrete
-7,0,-103,main_street,minecraft:black_concrete
-6,0,-103,main_street,minecraft:black_concrete
-5,0,-103,main_street,minecraft:black_concrete
-4,0,-103,main_street,minecraft:black_concrete
-3,0,-103,main_street,minecraft:black_concrete
-2,0,-103,main_street,minecraft:black_concrete
-1,0,-103,main_street,minecraft:black_concrete
0,0,-103,main_street,minecraft:black_concrete
1,0,-103,main_street,minecraft:black_concrete
2,0,-103,main_street,minecraft:black_concrete
3,0,-103,main_street,minecraft:black_concrete
4,0,-103,main_street,minecraft:black_concrete
5,0,-103,main_street,minecraft:black_concrete
6,0,-103,main_street,minecraft:black_concrete
7,0,-103,main_street,minecraft:black_concrete
8,0,-103,main_street,minecraft:black_concrete
9,0,-103,main_street,minecraft:black_concrete
10,0,-103,main_street,minecraft:black_concrete
11,0,-103,main_street,minecraft:black_concrete
12,0,-103,main_street,minecraft:black_concrete
13,0,-103,sidewalk,minecraft:smooth_stone
14,0,-103,sidewalk,minecraft:smooth_stone
15,0,-103,building_footprint,minecraft:orange_concrete
16,0,-103,building_footprint,minecraft:orange_concrete
17,0,-103,building_footprint,minecraft:orange_concrete
18,0,-103,building_footprint,minecraft:orange_concrete
19,0,-103,building_footprint,minecraft:orange_concrete
20,0,-103,building_footprint,minecraft:orange_concrete
21,0,-103,building_footprint,minecraft:orange_concrete
22,0,-103,building_footprint,minecraft:orange_concrete
23,0,-103,building_footprint,minecraft:orange_concrete
24,0,-103,building_footprint,minecraft:orange_concrete
25,0,-103,building_footprint,minecraft:orange_concrete
26,0,-103,building_footprint,minecraft:orange_concrete
27,0,-103,building_footprint,minecraft:orange_concrete
28,0,-103,building_footprint,minecraft:orange_concrete
29,0,-103,building_footprint,minecraft:orange_concrete
30,0,-103,building_footprint,minecraft:orange_concrete
31,0,-103,building_footprint,minecraft:orange_concrete
32,0,-103,building_footprint,minecraft:orange_concrete
33,0,-103,building_footprint,minecraft:orange_concrete
34,0,-103,building_footprint,minecraft:orange_concrete
35,0,-103,building_footprint,minecraft:orange_concrete
36,0,-103,building_footprint,minecraft:orange_concrete
37,0,-103,building_footprint,minecraft:orange_concrete
38,0,-103,building_footprint,minecraft:orange_concrete
39,0,-103,building_footprint,minecraft:orange_concrete
40,0,-103,building_footprint,minecraft:orange_concrete
41,0,-103,building_footprint,minecraft:orange_concrete
42,0,-103,building_footprint,minecraft:orange_concrete
43,0,-103,building_footprint,minecraft:orange_concrete
44,0,-103,building_footprint,minecraft:orange_concrete
45,0,-103,building_footprint,minecraft:orange_concrete
46,0,-103,building_footprint,minecraft:orange_concrete
47,0,-103,building_footprint,minecraft:orange_concrete
48,0,-103,building_footprint,minecraft:orange_concrete
49,0,-103,building_footprint,minecraft:orange_concrete
50,0,-103,building_footprint,minecraft:orange_concrete
51,0,-103,building_footprint,minecraft:orange_concrete
54,0,-103,building_footprint,minecraft:orange_concrete
55,0,-103,building_footprint,minecraft:orange_concrete
56,0,-103,building_footprint,minecraft:orange_concrete
57,0,-103,building_footprint,minecraft:orange_concrete
58,0,-103,building_footprint,minecraft:orange_concrete
59,0,-103,building_footprint,minecraft:orange_concrete
66,0,-103,alley,minecraft:polished_andesite
67,0,-103,alley,minecraft:polished_andesite
68,0,-103,alley,minecraft:polished_andesite
69,0,-103,alley,minecraft:polished_andesite
-71,0,-102,alley,minecraft:polished_andesite
-70,0,-102,alley,minecraft:polished_andesite
-69,0,-102,alley,minecraft:polished_andesite
-68,0,-102,alley,minecraft:polished_andesite
-61,0,-102,building_footprint,minecraft:orange_concrete
-60,0,-102,building_footprint,minecraft:orange_concrete
-59,0,-102,building_footprint,minecraft:orange_concrete
-58,0,-102,building_footprint,minecraft:orange_concrete
-57,0,-102,building_footprint,minecraft:orange_concrete
-56,0,-102,building_footprint,minecraft:orange_concrete
-55,0,-102,building_footprint,minecraft:orange_concrete
-54,0,-102,building_footprint,minecraft:orange_concrete
-53,0,-102,building_footprint,minecraft:orange_concrete
-52,0,-102,building_footprint,minecraft:orange_concrete
-51,0,-102,building_footprint,minecraft:orange_concrete
-50,0,-102,building_footprint,minecraft:orange_concrete
-49,0,-102,building_footprint,minecraft:orange_concrete
-48,0,-102,building_footprint,minecraft:orange_concrete
-47,0,-102,building_footprint,minecraft:orange_concrete
-46,0,-102,building_footprint,minecraft:orange_concrete
-45,0,-102,building_footprint,minecraft:orange_concrete
-44,0,-102,building_footprint,minecraft:orange_concrete
-43,0,-102,building_footprint,minecraft:orange_concrete
-42,0,-102,building_footprint,minecraft:orange_concrete
-41,0,-102,building_footprint,minecraft:orange_concrete
-40,0,-102,building_footprint,minecraft:orange_concrete
-39,0,-102,building_footprint,minecraft:orange_concrete
-38,0,-102,building_footprint,minecraft:orange_concrete
-37,0,-102,building_footprint,minecraft:orange_concrete
-36,0,-102,building_footprint,minecraft:orange_concrete
-35,0,-102,building_footprint,minecraft:orange_concrete
-34,0,-102,building_footprint,minecraft:orange_concrete
-33,0,-102,building_footprint,minecraft:orange_concrete
-32,0,-102,building_footprint,minecraft:orange_concrete
-31,0,-102,building_footprint,minecraft:orange_concrete
-30,0,-102,building_footprint,minecraft:orange_concrete
-29,0,-102,building_footprint,minecraft:orange_concrete
-28,0,-102,building_footprint,minecraft:orange_concrete
-27,0,-102,building_footprint,minecraft:orange_concrete
-26,0,-102,building_footprint,minecraft:orange_concrete
-25,0,-102,building_footprint,minecraft:orange_concrete
-24,0,-102,building_footprint,minecraft:orange_concrete
-23,0,-102,building_footprint,minecraft:orange_concrete
-22,0,-102,building_footprint,minecraft:orange_concrete
-21,0,-102,building_footprint,minecraft:orange_concrete
-20,0,-102,building_footprint,minecraft:orange_concrete
-19,0,-102,building_footprint,minecraft:orange_concrete
-18,0,-102,building_footprint,minecraft:orange_concrete
-17,0,-102,building_footprint,minecraft:orange_concrete
-16,0,-102,sidewalk,minecraft:smooth_stone
-15,0,-102,sidewalk,minecraft:smooth_stone
-14,0,-102,sidewalk,minecraft:smooth_stone
-13,0,-102,main_street,minecraft:black_concrete
-12,0,-102,main_street,minecraft:black_concrete
-11,0,-102,main_street,minecraft:black_concrete
-10,0,-102,main_street,minecraft:black_concrete
-9,0,-102,main_street,minecraft:black_concrete
-8,0,-102,main_street,minecraft:black_concrete
-7,0,-102,main_street,minecraft:black_concrete
-6,0,-102,main_street,minecraft:black_concrete
-5,0,-102,main_street,minecraft:black_concrete
-4,0,-102,main_street,minecraft:black_concrete
-3,0,-102,main_street,minecraft:black_concrete
-2,0,-102,main_street,minecraft:black_concrete
-1,0,-102,main_street,minecraft:black_concrete
0,0,-102,main_street,minecraft:black_concrete
1,0,-102,main_street,minecraft:black_concrete
2,0,-102,main_street,minecraft:black_concrete
3,0,-102,main_street,minecraft:black_concrete
4,0,-102,main_street,minecraft:black_concrete
5,0,-102,main_street,minecraft:black_concrete
6,0,-102,main_street,minecraft:black_concrete
7,0,-102,main_street,minecraft:black_concrete
8,0,-102,main_street,minecraft:black_concrete
9,0,-102,main_street,minecraft:black_concrete
10,0,-102,main_street,minecraft:black_concrete
11,0,-102,main_street,minecraft:black_concrete
12,0,-102,main_street,minecraft:black_concrete
13,0,-102,sidewalk,minecraft:smooth_stone
14,0,-102,sidewalk,minecraft:smooth_stone
15,0,-102,building_footprint,minecraft:orange_concrete
16,0,-102,building_footprint,minecraft:orange_concrete
17,0,-102,building_footprint,minecraft:orange_concrete
18,0,-102,building_footprint,minecraft:orange_concrete
19,0,-102,building_footprint,minecraft:orange_concrete
20,0,-102,building_footprint,minecraft:orange_concrete
21,0,-102,building_footprint,minecraft:orange_concrete
22,0,-102,building_footprint,minecraft:orange_concrete
23,0,-102,building_footprint,minecraft:orange_concrete
24,0,-102,building_footprint,minecraft:orange_concrete
25,0,-102,building_footprint,minecraft:orange_concrete
26,0,-102,building_footprint,minecraft:orange_concrete
27,0,-102,building_footprint,minecraft:orange_concrete
28,0,-102,building_footprint,minecraft:orange_concrete
29,0,-102,building_footprint,minecraft:orange_concrete
30,0,-102,building_footprint,minecraft:orange_concrete
31,0,-102,building_footprint,minecraft:orange_concrete
32,0,-102,building_footprint,minecraft:orange_concrete
33,0,-102,building_footprint,minecraft:orange_concrete
34,0,-102,building_footprint,minecraft:orange_concrete
35,0,-102,building_footprint,minecraft:orange_concrete
36,0,-102,building_footprint,minecraft:orange_concrete
37,0,-102,building_footprint,minecraft:orange_concrete
38,0,-102,building_footprint,minecraft:orange_concrete
39,0,-102,building_footprint,minecraft:orange_concrete
40,0,-102,building_footprint,minecraft:orange_concrete
41,0,-102,building_footprint,minecraft:orange_concrete
42,0,-102,building_footprint,minecraft:orange_concrete
43,0,-102,building_footprint,minecraft:orange_concrete
44,0,-102,building_footprint,minecraft:orange_concrete
45,0,-102,building_footprint,minecraft:orange_concrete
46,0,-102,building_footprint,minecraft:orange_concrete
47,0,-102,building_footprint,minecraft:orange_concrete
48,0,-102,building_footprint,minecraft:orange_concrete
49,0,-102,building_footprint,minecraft:orange_concrete
50,0,-102,building_footprint,minecraft:orange_concrete
51,0,-102,building_footprint,minecraft:orange_concrete
54,0,-102,building_footprint,minecraft:orange_concrete
55,0,-102,building_footprint,minecraft:orange_concrete
56,0,-102,building_footprint,minecraft:orange_concrete
57,0,-102,building_footprint,minecraft:orange_concrete
58,0,-102,building_footprint,minecraft:orange_concrete
59,0,-102,building_footprint,minecraft:orange_concrete
66,0,-102,alley,minecraft:polished_andesite
67,0,-102,alley,minecraft:polished_andesite
68,0,-102,alley,minecraft:polished_andesite
69,0,-102,alley,minecraft:polished_andesite
-71,0,-101,alley,minecraft:polished_andesite
-70,0,-101,alley,minecraft:polished_andesite
-69,0,-101,alley,minecraft:polished_andesite
-68,0,-101,alley,minecraft:polished_andesite
-61,0,-101,building_footprint,minecraft:orange_concrete
-60,0,-101,building_footprint,minecraft:orange_concrete
-59,0,-101,building_footprint,minecraft:orange_concrete
-58,0,-101,building_footprint,minecraft:orange_concrete
-57,0,-101,building_footprint,minecraft:orange_concrete
-56,0,-101,building_footprint,minecraft:orange_concrete
-55,0,-101,building_footprint,minecraft:orange_concrete
-54,0,-101,building_footprint,minecraft:orange_concrete
-53,0,-101,building_footprint,minecraft:orange_concrete
-52,0,-101,building_footprint,minecraft:orange_concrete
-51,0,-101,building_footprint,minecraft:orange_concrete
-50,0,-101,building_footprint,minecraft:orange_concrete
-49,0,-101,building_footprint,minecraft:orange_concrete
-48,0,-101,building_footprint,minecraft:orange_concrete
-47,0,-101,building_footprint,minecraft:orange_concrete
-46,0,-101,building_footprint,minecraft:orange_concrete
-45,0,-101,building_footprint,minecraft:orange_concrete
-44,0,-101,building_footprint,minecraft:orange_concrete
-43,0,-101,building_footprint,minecraft:orange_concrete
-42,0,-101,building_footprint,minecraft:orange_concrete
-41,0,-101,building_footprint,minecraft:orange_concrete
-40,0,-101,building_footprint,minecraft:orange_concrete
-39,0,-101,building_footprint,minecraft:orange_concrete
-38,0,-101,building_footprint,minecraft:orange_concrete
-37,0,-101,building_footprint,minecraft:orange_concrete
-36,0,-101,building_footprint,minecraft:orange_concrete
-35,0,-101,building_footprint,minecraft:orange_concrete
-34,0,-101,building_footprint,minecraft:orange_concrete
-33,0,-101,building_footprint,minecraft:orange_concrete
-32,0,-101,building_footprint,minecraft:orange_concrete
-31,0,-101,building_footprint,minecraft:orange_concrete
-30,0,-101,building_footprint,minecraft:orange_concrete
-29,0,-101,building_footprint,minecraft:orange_concrete
-28,0,-101,building_footprint,minecraft:orange_concrete
-27,0,-101,building_footprint,minecraft:orange_concrete
-26,0,-101,building_footprint,minecraft:orange_concrete
-25,0,-101,building_footprint,minecraft:orange_concrete
-24,0,-101,building_footprint,minecraft:orange_concrete
-23,0,-101,building_footprint,minecraft:orange_concrete
-22,0,-101,building_footprint,minecraft:orange_concrete
-21,0,-101,building_footprint,minecraft:orange_concrete
-20,0,-101,building_footprint,minecraft:orange_concrete
-19,0,-101,building_footprint,minecraft:orange_concrete
-18,0,-101,building_footprint,minecraft:orange_concrete
-17,0,-101,building_footprint,minecraft:orange_concrete
-16,0,-101,sidewalk,minecraft:smooth_stone
-15,0,-101,sidewalk,minecraft:smooth_stone
-14,0,-101,sidewalk,minecraft:smooth_stone
-13,0,-101,main_street,minecraft:black_concrete
-12,0,-101,main_street,minecraft:black_concrete
-11,0,-101,main_street,minecraft:black_concrete
-10,0,-101,main_street,minecraft:black_concrete
-9,0,-101,main_street,minecraft:black_concrete
-8,0,-101,main_street,minecraft:black_concrete
-7,0,-101,main_street,minecraft:black_concrete
-6,0,-101,main_street,minecraft:black_concrete
-5,0,-101,main_street,minecraft:black_concrete
-4,0,-101,main_street,minecraft:black_concrete
-3,0,-101,main_street,minecraft:black_concrete
-2,0,-101,main_street,minecraft:black_concrete
-1,0,-101,main_street,minecraft:black_concrete
0,0,-101,main_street,minecraft:black_concrete
1,0,-101,main_street,minecraft:black_concrete
2,0,-101,main_street,minecraft:black_concrete
3,0,-101,main_street,minecraft:black_concrete
4,0,-101,main_street,minecraft:black_concrete
5,0,-101,main_street,minecraft:black_concrete
6,0,-101,main_street,minecraft:black_concrete
7,0,-101,main_street,minecraft:black_concrete
8,0,-101,main_street,minecraft:black_concrete
9,0,-101,main_street,minecraft:black_concrete
10,0,-101,main_street,minecraft:black_concrete
11,0,-101,main_street,minecraft:black_concrete
12,0,-101,main_street,minecraft:black_concrete
13,0,-101,sidewalk,minecraft:smooth_stone
14,0,-101,sidewalk,minecraft:smooth_stone
15,0,-101,building_footprint,minecraft:orange_concrete
16,0,-101,building_footprint,minecraft:orange_concrete
17,0,-101,building_footprint,minecraft:orange_concrete
18,0,-101,building_footprint,minecraft:orange_concrete
19,0,-101,building_footprint,minecraft:orange_concrete
20,0,-101,building_footprint,minecraft:orange_concrete
21,0,-101,building_footprint,minecraft:orange_concrete
22,0,-101,building_footprint,minecraft:orange_concrete
23,0,-101,building_footprint,minecraft:orange_concrete
24,0,-101,building_footprint,minecraft:orange_concrete
25,0,-101,building_footprint,minecraft:orange_concrete
26,0,-101,building_footprint,minecraft:orange_concrete
27,0,-101,building_footprint,minecraft:orange_concrete
28,0,-101,building_footprint,minecraft:orange_concrete
29,0,-101,building_footprint,minecraft:orange_concrete
30,0,-101,building_footprint,minecraft:orange_concrete
31,0,-101,building_footprint,minecraft:orange_concrete
32,0,-101,building_footprint,minecraft:orange_concrete
33,0,-101,building_footprint,minecraft:orange_concrete
34,0,-101,building_footprint,minecraft:orange_concrete
35,0,-101,building_footprint,minecraft:orange_concrete
36,0,-101,building_footprint,minecraft:orange_concrete
37,0,-101,building_footprint,minecraft:orange_concrete
38,0,-101,building_footprint,minecraft:orange_concrete
39,0,-101,building_footprint,minecraft:orange_concrete
40,0,-101,building_footprint,minecraft:orange_concrete
41,0,-101,building_footprint,minecraft:orange_concrete
42,0,-101,building_footprint,minecraft:orange_concrete
43,0,-101,building_footprint,minecraft:orange_concrete
44,0,-101,building_footprint,minecraft:orange_concrete
45,0,-101,building_footprint,minecraft:orange_concrete
46,0,-101,building_footprint,minecraft:orange_concrete
47,0,-101,building_footprint,minecraft:orange_concrete
48,0,-101,building_footprint,minecraft:orange_concrete
49,0,-101,building_footprint,minecraft:orange_concrete
50,0,-101,building_footprint,minecraft:orange_concrete
51,0,-101,building_footprint,minecraft:orange_concrete
54,0,-101,building_footprint,minecraft:orange_concrete
55,0,-101,building_footprint,minecraft:orange_concrete
56,0,-101,building_footprint,minecraft:orange_concrete
57,0,-101,building_footprint,minecraft:orange_concrete
58,0,-101,building_footprint,minecraft:orange_concrete
59,0,-101,building_footprint,minecraft:orange_concrete
66,0,-101,alley,minecraft:polished_andesite
67,0,-101,alley,minecraft:polished_andesite
68,0,-101,alley,minecraft:polished_andesite
69,0,-101,alley,minecraft:polished_andesite
-71,0,-100,alley,minecraft:polished_andesite
-70,0,-100,alley,minecraft:polished_andesite
-69,0,-100,alley,minecraft:polished_andesite
-68,0,-100,alley,minecraft:polished_andesite
-61,0,-100,building_footprint,minecraft:orange_concrete
-60,0,-100,building_footprint,minecraft:orange_concrete
-59,0,-100,building_footprint,minecraft:orange_concrete
-58,0,-100,building_footprint,minecraft:orange_concrete
-57,0,-100,building_footprint,minecraft:orange_concrete
-56,0,-100,building_footprint,minecraft:orange_concrete
-55,0,-100,building_footprint,minecraft:orange_concrete
-54,0,-100,building_footprint,minecraft:orange_concrete
-53,0,-100,building_footprint,minecraft:orange_concrete
-52,0,-100,building_footprint,minecraft:orange_concrete
-51,0,-100,building_footprint,minecraft:orange_concrete
-50,0,-100,building_footprint,minecraft:orange_concrete
-49,0,-100,building_footprint,minecraft:orange_concrete
-48,0,-100,building_footprint,minecraft:orange_concrete
-47,0,-100,building_footprint,minecraft:orange_concrete
-46,0,-100,building_footprint,minecraft:orange_concrete
-45,0,-100,building_footprint,minecraft:orange_concrete
-44,0,-100,building_footprint,minecraft:orange_concrete
-43,0,-100,building_footprint,minecraft:orange_concrete
-42,0,-100,building_footprint,minecraft:orange_concrete
-41,0,-100,building_footprint,minecraft:orange_concrete
-40,0,-100,building_footprint,minecraft:orange_concrete
-39,0,-100,building_footprint,minecraft:orange_concrete
-38,0,-100,building_footprint,minecraft:orange_concrete
-37,0,-100,building_footprint,minecraft:orange_concrete
-36,0,-100,building_footprint,minecraft:orange_concrete
-35,0,-100,building_footprint,minecraft:orange_concrete
-34,0,-100,building_footprint,minecraft:orange_concrete
-33,0,-100,building_footprint,minecraft:orange_concrete
-32,0,-100,building_footprint,minecraft:orange_concrete
-31,0,-100,building_footprint,minecraft:orange_concrete
-30,0,-100,building_footprint,minecraft:orange_concrete
-29,0,-100,building_footprint,minecraft:orange_concrete
-28,0,-100,building_footprint,minecraft:orange_concrete
-27,0,-100,building_footprint,minecraft:orange_concrete
-26,0,-100,building_footprint,minecraft:orange_concrete
-25,0,-100,building_footprint,minecraft:orange_concrete
-24,0,-100,building_footprint,minecraft:orange_concrete
-23,0,-100,building_footprint,minecraft:orange_concrete
-22,0,-100,building_footprint,minecraft:orange_concrete
-21,0,-100,building_footprint,minecraft:orange_concrete
-20,0,-100,building_footprint,minecraft:orange_concrete
-19,0,-100,building_footprint,minecraft:orange_concrete
-18,0,-100,building_footprint,minecraft:orange_concrete
-17,0,-100,building_footprint,minecraft:orange_concrete
-16,0,-100,sidewalk,minecraft:smooth_stone
-15,0,-100,sidewalk,minecraft:smooth_stone
-14,0,-100,sidewalk,minecraft:smooth_stone
-13,0,-100,main_street,minecraft:black_concrete
-12,0,-100,main_street,minecraft:black_concrete
-11,0,-100,main_street,minecraft:black_concrete
-10,0,-100,main_street,minecraft:black_concrete
-9,0,-100,main_street,minecraft:black_concrete
-8,0,-100,main_street,minecraft:black_concrete
-7,0,-100,main_street,minecraft:black_concrete
-6,0,-100,main_street,minecraft:black_concrete
-5,0,-100,main_street,minecraft:black_concrete
-4,0,-100,main_street,minecraft:black_concrete
-3,0,-100,main_street,minecraft:black_concrete
-2,0,-100,main_street,minecraft:black_concrete
-1,0,-100,main_street,minecraft:black_concrete
0,0,-100,main_street,minecraft:black_concrete
1,0,-100,main_street,minecraft:black_concrete
2,0,-100,main_street,minecraft:black_concrete
3,0,-100,main_street,minecraft:black_concrete
4,0,-100,main_street,minecraft:black_concrete
5,0,-100,main_street,minecraft:black_concrete
6,0,-100,main_street,minecraft:black_concrete
7,0,-100,main_street,minecraft:black_concrete
8,0,-100,main_street,minecraft:black_concrete
9,0,-100,main_street,minecraft:black_concrete
10,0,-100,main_street,minecraft:black_concrete
11,0,-100,main_street,minecraft:black_concrete
12,0,-100,main_street,minecraft:black_concrete
13,0,-100,sidewalk,minecraft:smooth_stone
14,0,-100,sidewalk,minecraft:smooth_stone
15,0,-100,building_footprint,minecraft:orange_concrete
16,0,-100,building_footprint,minecraft:orange_concrete
17,0,-100,building_footprint,minecraft:orange_concrete
18,0,-100,building_footprint,minecraft:orange_concrete
19,0,-100,building_footprint,minecraft:orange_concrete
20,0,-100,building_footprint,minecraft:orange_concrete
21,0,-100,building_footprint,minecraft:orange_concrete
22,0,-100,building_footprint,minecraft:orange_concrete
23,0,-100,building_footprint,minecraft:orange_concrete
24,0,-100,building_footprint,minecraft:orange_concrete
25,0,-100,building_footprint,minecraft:orange_concrete
26,0,-100,building_footprint,minecraft:orange_concrete
27,0,-100,building_footprint,minecraft:orange_concrete
28,0,-100,building_footprint,minecraft:orange_concrete
29,0,-100,building_footprint,minecraft:orange_concrete
30,0,-100,building_footprint,minecraft:orange_concrete
31,0,-100,building_footprint,minecraft:orange_concrete
32,0,-100,building_footprint,minecraft:orange_concrete
33,0,-100,building_footprint,minecraft:orange_concrete
34,0,-100,building_footprint,minecraft:orange_concrete
35,0,-100,building_footprint,minecraft:orange_concrete
36,0,-100,building_footprint,minecraft:orange_concrete
37,0,-100,building_footprint,minecraft:orange_concrete
38,0,-100,building_footprint,minecraft:orange_concrete
39,0,-100,building_footprint,minecraft:orange_concrete
40,0,-100,building_footprint,minecraft:orange_concrete
41,0,-100,building_footprint,minecraft:orange_concrete
42,0,-100,building_footprint,minecraft:orange_concrete
43,0,-100,building_footprint,minecraft:orange_concrete
44,0,-100,building_footprint,minecraft:orange_concrete
45,0,-100,building_footprint,minecraft:orange_concrete
46,0,-100,building_footprint,minecraft:orange_concrete
47,0,-100,building_footprint,minecraft:orange_concrete
48,0,-100,building_footprint,minecraft:orange_concrete
49,0,-100,building_footprint,minecraft:orange_concrete
50,0,-100,building_footprint,minecraft:orange_concrete
51,0,-100,building_footprint,minecraft:orange_concrete
66,0,-100,alley,minecraft:polished_andesite
67,0,-100,alley,minecraft:polished_andesite
68,0,-100,alley,minecraft:polished_andesite
69,0,-100,alley,minecraft:polished_andesite
-71,0,-99,alley,minecraft:polished_andesite
-70,0,-99,alley,minecraft:polished_andesite
-69,0,-99,alley,minecraft:polished_andesite
-68,0,-99,alley,minecraft:polished_andesite
-61,0,-99,building_footprint,minecraft:orange_concrete
-60,0,-99,building_footprint,minecraft:orange_concrete
-59,0,-99,building_footprint,minecraft:orange_concrete
-58,0,-99,building_footprint,minecraft:orange_concrete
-57,0,-99,building_footprint,minecraft:orange_concrete
-56,0,-99,building_footprint,minecraft:orange_concrete
-55,0,-99,building_footprint,minecraft:orange_concrete
-54,0,-99,building_footprint,minecraft:orange_concrete
-53,0,-99,building_footprint,minecraft:orange_concrete
-52,0,-99,building_footprint,minecraft:orange_concrete
-51,0,-99,building_footprint,minecraft:orange_concrete
-50,0,-99,building_footprint,minecraft:orange_concrete
-49,0,-99,building_footprint,minecraft:orange_concrete
-48,0,-99,building_footprint,minecraft:orange_concrete
-47,0,-99,building_footprint,minecraft:orange_concrete
-46,0,-99,building_footprint,minecraft:orange_concrete
-45,0,-99,building_footprint,minecraft:orange_concrete
-44,0,-99,building_footprint,minecraft:orange_concrete
-43,0,-99,building_footprint,minecraft:orange_concrete
-42,0,-99,building_footprint,minecraft:orange_concrete
-41,0,-99,building_footprint,minecraft:orange_concrete
-40,0,-99,building_footprint,minecraft:orange_concrete
-39,0,-99,building_footprint,minecraft:orange_concrete
-38,0,-99,building_footprint,minecraft:orange_concrete
-37,0,-99,building_footprint,minecraft:orange_concrete
-36,0,-99,building_footprint,minecraft:orange_concrete
-35,0,-99,building_footprint,minecraft:orange_concrete
-34,0,-99,building_footprint,minecraft:orange_concrete
-33,0,-99,building_footprint,minecraft:orange_concrete
-32,0,-99,building_footprint,minecraft:orange_concrete
-31,0,-99,building_footprint,minecraft:orange_concrete
-30,0,-99,building_footprint,minecraft:orange_concrete
-29,0,-99,building_footprint,minecraft:orange_concrete
-28,0,-99,building_footprint,minecraft:orange_concrete
-27,0,-99,building_footprint,minecraft:orange_concrete
-26,0,-99,building_footprint,minecraft:orange_concrete
-25,0,-99,building_footprint,minecraft:orange_concrete
-24,0,-99,building_footprint,minecraft:orange_concrete
-23,0,-99,building_footprint,minecraft:orange_concrete
-22,0,-99,building_footprint,minecraft:orange_concrete
-21,0,-99,building_footprint,minecraft:orange_concrete
-20,0,-99,building_footprint,minecraft:orange_concrete
-19,0,-99,building_footprint,minecraft:orange_concrete
-18,0,-99,building_footprint,minecraft:orange_concrete
-17,0,-99,building_footprint,minecraft:orange_concrete
-16,0,-99,sidewalk,minecraft:smooth_stone
-15,0,-99,sidewalk,minecraft:smooth_stone
-14,0,-99,sidewalk,minecraft:smooth_stone
-13,0,-99,main_street,minecraft:black_concrete
-12,0,-99,main_street,minecraft:black_concrete
-11,0,-99,main_street,minecraft:black_concrete
-10,0,-99,main_street,minecraft:black_concrete
-9,0,-99,main_street,minecraft:black_concrete
-8,0,-99,main_street,minecraft:black_concrete
-7,0,-99,main_street,minecraft:black_concrete
-6,0,-99,main_street,minecraft:black_concrete
-5,0,-99,main_street,minecraft:black_concrete
-4,0,-99,main_street,minecraft:black_concrete
-3,0,-99,main_street,minecraft:black_concrete
-2,0,-99,main_street,minecraft:black_concrete
-1,0,-99,main_street,minecraft:black_concrete
0,0,-99,main_street,minecraft:black_concrete
1,0,-99,main_street,minecraft:black_concrete
2,0,-99,main_street,minecraft:black_concrete
3,0,-99,main_street,minecraft:black_concrete
4,0,-99,main_street,minecraft:black_concrete
5,0,-99,main_street,minecraft:black_concrete
6,0,-99,main_street,minecraft:black_concrete
7,0,-99,main_street,minecraft:black_concrete
8,0,-99,main_street,minecraft:black_concrete
9,0,-99,main_street,minecraft:black_concrete
10,0,-99,main_street,minecraft:black_concrete
11,0,-99,main_street,minecraft:black_concrete
12,0,-99,main_street,minecraft:black_concrete
13,0,-99,sidewalk,minecraft:smooth_stone
14,0,-99,sidewalk,minecraft:smooth_stone
15,0,-99,building_footprint,minecraft:orange_concrete
16,0,-99,building_footprint,minecraft:orange_concrete
17,0,-99,building_footprint,minecraft:orange_concrete
18,0,-99,building_footprint,minecraft:orange_concrete
19,0,-99,building_footprint,minecraft:orange_concrete
20,0,-99,building_footprint,minecraft:orange_concrete
21,0,-99,building_footprint,minecraft:orange_concrete
22,0,-99,building_footprint,minecraft:orange_concrete
23,0,-99,building_footprint,minecraft:orange_concrete
24,0,-99,building_footprint,minecraft:orange_concrete
25,0,-99,building_footprint,minecraft:orange_concrete
26,0,-99,building_footprint,minecraft:orange_concrete
27,0,-99,building_footprint,minecraft:orange_concrete
28,0,-99,building_footprint,minecraft:orange_concrete
29,0,-99,building_footprint,minecraft:orange_concrete
30,0,-99,building_footprint,minecraft:orange_concrete
31,0,-99,building_footprint,minecraft:orange_concrete
32,0,-99,building_footprint,minecraft:orange_concrete
33,0,-99,building_footprint,minecraft:orange_concrete
34,0,-99,building_footprint,minecraft:orange_concrete
35,0,-99,building_footprint,minecraft:orange_concrete
36,0,-99,building_footprint,minecraft:orange_concrete
37,0,-99,building_footprint,minecraft:orange_concrete
38,0,-99,building_footprint,minecraft:orange_concrete
39,0,-99,building_footprint,minecraft:orange_concrete
40,0,-99,building_footprint,minecraft:orange_concrete
41,0,-99,building_footprint,minecraft:orange_concrete
42,0,-99,building_footprint,minecraft:orange_concrete
43,0,-99,building_footprint,minecraft:orange_concrete
44,0,-99,building_footprint,minecraft:orange_concrete
45,0,-99,building_footprint,minecraft:orange_concrete
46,0,-99,building_footprint,minecraft:orange_concrete
47,0,-99,building_footprint,minecraft:orange_concrete
48,0,-99,building_footprint,minecraft:orange_concrete
49,0,-99,building_footprint,minecraft:orange_concrete
50,0,-99,building_footprint,minecraft:orange_concrete
51,0,-99,building_footprint,minecraft:orange_concrete
66,0,-99,alley,minecraft:polished_andesite
67,0,-99,alley,minecraft:polished_andesite
68,0,-99,alley,minecraft:polished_andesite
69,0,-99,alley,minecraft:polished_andesite
-71,0,-98,alley,minecraft:polished_andesite
-70,0,-98,alley,minecraft:polished_andesite
-69,0,-98,alley,minecraft:polished_andesite
-68,0,-98,alley,minecraft:polished_andesite
-61,0,-98,building_footprint,minecraft:orange_concrete
-60,0,-98,building_footprint,minecraft:orange_concrete
-59,0,-98,building_footprint,minecraft:orange_concrete
-58,0,-98,building_footprint,minecraft:orange_concrete
-57,0,-98,building_footprint,minecraft:orange_concrete
-56,0,-98,building_footprint,minecraft:orange_concrete
-55,0,-98,building_footprint,minecraft:orange_concrete
-54,0,-98,building_footprint,minecraft:orange_concrete
-53,0,-98,building_footprint,minecraft:orange_concrete
-52,0,-98,building_footprint,minecraft:orange_concrete
-51,0,-98,building_footprint,minecraft:orange_concrete
-50,0,-98,building_footprint,minecraft:orange_concrete
-49,0,-98,building_footprint,minecraft:orange_concrete
-48,0,-98,building_footprint,minecraft:orange_concrete
-47,0,-98,building_footprint,minecraft:orange_concrete
-46,0,-98,building_footprint,minecraft:orange_concrete
-45,0,-98,building_footprint,minecraft:orange_concrete
-44,0,-98,building_footprint,minecraft:orange_concrete
-43,0,-98,building_footprint,minecraft:orange_concrete
-42,0,-98,building_footprint,minecraft:orange_concrete
-41,0,-98,building_footprint,minecraft:orange_concrete
-40,0,-98,building_footprint,minecraft:orange_concrete
-39,0,-98,building_footprint,minecraft:orange_concrete
-38,0,-98,building_footprint,minecraft:orange_concrete
-37,0,-98,building_footprint,minecraft:orange_concrete
-36,0,-98,building_footprint,minecraft:orange_concrete
-35,0,-98,building_footprint,minecraft:orange_concrete
-34,0,-98,building_footprint,minecraft:orange_concrete
-33,0,-98,building_footprint,minecraft:orange_concrete
-32,0,-98,building_footprint,minecraft:orange_concrete
-31,0,-98,building_footprint,minecraft:orange_concrete
-30,0,-98,building_footprint,minecraft:orange_concrete
-29,0,-98,building_footprint,minecraft:orange_concrete
-28,0,-98,building_footprint,minecraft:orange_concrete
-27,0,-98,building_footprint,minecraft:orange_concrete
-26,0,-98,building_footprint,minecraft:orange_concrete
-25,0,-98,building_footprint,minecraft:orange_concrete
-24,0,-98,building_footprint,minecraft:orange_concrete
-23,0,-98,building_footprint,minecraft:orange_concrete
-22,0,-98,building_footprint,minecraft:orange_concrete
-21,0,-98,building_footprint,minecraft:orange_concrete
-20,0,-98,building_footprint,minecraft:orange_concrete
-19,0,-98,building_footprint,minecraft:orange_concrete
-18,0,-98,building_footprint,minecraft:orange_concrete
-17,0,-98,building_footprint,minecraft:orange_concrete
-16,0,-98,sidewalk,minecraft:smooth_stone
-15,0,-98,sidewalk,minecraft:smooth_stone
-14,0,-98,sidewalk,minecraft:smooth_stone
-13,0,-98,main_street,minecraft:black_concrete
-12,0,-98,main_street,minecraft:black_concrete
-11,0,-98,main_street,minecraft:black_concrete
-10,0,-98,main_street,minecraft:black_concrete
-9,0,-98,main_street,minecraft:black_concrete
-8,0,-98,main_street,minecraft:black_concrete
-7,0,-98,main_street,minecraft:black_concrete
-6,0,-98,main_street,minecraft:black_concrete
-5,0,-98,main_street,minecraft:black_concrete
-4,0,-98,main_street,minecraft:black_concrete
-3,0,-98,main_street,minecraft:black_concrete
-2,0,-98,main_street,minecraft:black_concrete
-1,0,-98,main_street,minecraft:black_concrete
0,0,-98,main_street,minecraft:black_concrete
1,0,-98,main_street,minecraft:black_concrete
2,0,-98,main_street,minecraft:black_concrete
3,0,-98,main_street,minecraft:black_concrete
4,0,-98,main_street,minecraft:black_concrete
5,0,-98,main_street,minecraft:black_concrete
6,0,-98,main_street,minecraft:black_concrete
7,0,-98,main_street,minecraft:black_concrete
8,0,-98,main_street,minecraft:black_concrete
9,0,-98,main_street,minecraft:black_concrete
10,0,-98,main_street,minecraft:black_concrete
11,0,-98,main_street,minecraft:black_concrete
12,0,-98,main_street,minecraft:black_concrete
13,0,-98,sidewalk,minecraft:smooth_stone
14,0,-98,sidewalk,minecraft:smooth_stone
15,0,-98,building_footprint,minecraft:orange_concrete
16,0,-98,building_footprint,minecraft:orange_concrete
17,0,-98,building_footprint,minecraft:orange_concrete
18,0,-98,building_footprint,minecraft:orange_concrete
19,0,-98,building_footprint,minecraft:orange_concrete
20,0,-98,building_footprint,minecraft:orange_concrete
21,0,-98,building_footprint,minecraft:orange_concrete
22,0,-98,building_footprint,minecraft:orange_concrete
23,0,-98,building_footprint,minecraft:orange_concrete
24,0,-98,building_footprint,minecraft:orange_concrete
25,0,-98,building_footprint,minecraft:orange_concrete
26,0,-98,building_footprint,minecraft:orange_concrete
27,0,-98,building_footprint,minecraft:orange_concrete
28,0,-98,building_footprint,minecraft:orange_concrete
29,0,-98,building_footprint,minecraft:orange_concrete
30,0,-98,building_footprint,minecraft:orange_concrete
31,0,-98,building_footprint,minecraft:orange_concrete
32,0,-98,building_footprint,minecraft:orange_concrete
33,0,-98,building_footprint,minecraft:orange_concrete
34,0,-98,building_footprint,minecraft:orange_concrete
35,0,-98,building_footprint,minecraft:orange_concrete
36,0,-98,building_footprint,minecraft:orange_concrete
37,0,-98,building_footprint,minecraft:orange_concrete
38,0,-98,building_footprint,minecraft:orange_concrete
39,0,-98,building_footprint,minecraft:orange_concrete
40,0,-98,building_footprint,minecraft:orange_concrete
41,0,-98,building_footprint,minecraft:orange_concrete
42,0,-98,building_footprint,minecraft:orange_concrete
43,0,-98,building_footprint,minecraft:orange_concrete
44,0,-98,building_footprint,minecraft:orange_concrete
45,0,-98,building_footprint,minecraft:orange_concrete
46,0,-98,building_footprint,minecraft:orange_concrete
47,0,-98,building_footprint,minecraft:orange_concrete
48,0,-98,building_footprint,minecraft:orange_concrete
49,0,-98,building_footprint,minecraft:orange_concrete
50,0,-98,building_footprint,minecraft:orange_concrete
51,0,-98,building_footprint,minecraft:orange_concrete
66,0,-98,alley,minecraft:polished_andesite
67,0,-98,alley,minecraft:polished_andesite
68,0,-98,alley,minecraft:polished_andesite
69,0,-98,alley,minecraft:polished_andesite
-71,0,-97,alley,minecraft:polished_andesite
-70,0,-97,alley,minecraft:polished_andesite
-69,0,-97,alley,minecraft:polished_andesite
-68,0,-97,alley,minecraft:polished_andesite
-61,0,-97,building_footprint,minecraft:orange_concrete
-60,0,-97,building_footprint,minecraft:orange_concrete
-59,0,-97,building_footprint,minecraft:orange_concrete
-58,0,-97,building_footprint,minecraft:orange_concrete
-57,0,-97,building_footprint,minecraft:orange_concrete
-56,0,-97,building_footprint,minecraft:orange_concrete
-55,0,-97,building_footprint,minecraft:orange_concrete
-54,0,-97,building_footprint,minecraft:orange_concrete
-53,0,-97,building_footprint,minecraft:orange_concrete
-52,0,-97,building_footprint,minecraft:orange_concrete
-51,0,-97,building_footprint,minecraft:orange_concrete
-50,0,-97,building_footprint,minecraft:orange_concrete
-49,0,-97,building_footprint,minecraft:orange_concrete
-48,0,-97,building_footprint,minecraft:orange_concrete
-47,0,-97,building_footprint,minecraft:orange_concrete
-46,0,-97,building_footprint,minecraft:orange_concrete
-45,0,-97,building_footprint,minecraft:orange_concrete
-44,0,-97,building_footprint,minecraft:orange_concrete
-43,0,-97,building_footprint,minecraft:orange_concrete
-42,0,-97,building_footprint,minecraft:orange_concrete
-41,0,-97,building_footprint,minecraft:orange_concrete
-40,0,-97,building_footprint,minecraft:orange_concrete
-39,0,-97,building_footprint,minecraft:orange_concrete
-38,0,-97,building_footprint,minecraft:orange_concrete
-37,0,-97,building_footprint,minecraft:orange_concrete
-36,0,-97,building_footprint,minecraft:orange_concrete
-35,0,-97,building_footprint,minecraft:orange_concrete
-34,0,-97,building_footprint,minecraft:orange_concrete
-33,0,-97,building_footprint,minecraft:orange_concrete
-32,0,-97,building_footprint,minecraft:orange_concrete
-31,0,-97,building_footprint,minecraft:orange_concrete
-30,0,-97,building_footprint,minecraft:orange_concrete
-29,0,-97,building_footprint,minecraft:orange_concrete
-28,0,-97,building_footprint,minecraft:orange_concrete
-27,0,-97,building_footprint,minecraft:orange_concrete
-26,0,-97,building_footprint,minecraft:orange_concrete
-25,0,-97,building_footprint,minecraft:orange_concrete
-24,0,-97,building_footprint,minecraft:orange_concrete
-23,0,-97,building_footprint,minecraft:orange_concrete
-22,0,-97,building_footprint,minecraft:orange_concrete
-21,0,-97,building_footprint,minecraft:orange_concrete
-20,0,-97,building_footprint,minecraft:orange_concrete
-19,0,-97,building_footprint,minecraft:orange_concrete
-18,0,-97,building_footprint,minecraft:orange_concrete
-17,0,-97,building_footprint,minecraft:orange_concrete
-16,0,-97,sidewalk,minecraft:smooth_stone
-15,0,-97,sidewalk,minecraft:smooth_stone
-14,0,-97,sidewalk,minecraft:smooth_stone
-13,0,-97,main_street,minecraft:black_concrete
-12,0,-97,main_street,minecraft:black_concrete
-11,0,-97,main_street,minecraft:black_concrete
-10,0,-97,main_street,minecraft:black_concrete
-9,0,-97,main_street,minecraft:black_concrete
-8,0,-97,main_street,minecraft:black_concrete
-7,0,-97,main_street,minecraft:black_concrete
-6,0,-97,main_street,minecraft:black_concrete
-5,0,-97,main_street,minecraft:black_concrete
-4,0,-97,main_street,minecraft:black_concrete
-3,0,-97,main_street,minecraft:black_concrete
-2,0,-97,main_street,minecraft:black_concrete
-1,0,-97,main_street,minecraft:black_concrete
0,0,-97,main_street,minecraft:black_concrete
1,0,-97,main_street,minecraft:black_concrete
2,0,-97,main_street,minecraft:black_concrete
3,0,-97,main_street,minecraft:black_concrete
4,0,-97,main_street,minecraft:black_concrete
5,0,-97,main_street,minecraft:black_concrete
6,0,-97,main_street,minecraft:black_concrete
7,0,-97,main_street,minecraft:black_concrete
8,0,-97,main_street,minecraft:black_concrete
9,0,-97,main_street,minecraft:black_concrete
10,0,-97,main_street,minecraft:black_concrete
11,0,-97,main_street,minecraft:black_concrete
12,0,-97,main_street,minecraft:black_concrete
13,0,-97,sidewalk,minecraft:smooth_stone
14,0,-97,sidewalk,minecraft:smooth_stone
15,0,-97,building_footprint,minecraft:orange_concrete
16,0,-97,building_footprint,minecraft:orange_concrete
17,0,-97,building_footprint,minecraft:orange_concrete
18,0,-97,building_footprint,minecraft:orange_concrete
19,0,-97,building_footprint,minecraft:orange_concrete
20,0,-97,building_footprint,minecraft:orange_concrete
21,0,-97,building_footprint,minecraft:orange_concrete
22,0,-97,building_footprint,minecraft:orange_concrete
23,0,-97,building_footprint,minecraft:orange_concrete
24,0,-97,building_footprint,minecraft:orange_concrete
25,0,-97,building_footprint,minecraft:orange_concrete
26,0,-97,building_footprint,minecraft:orange_concrete
27,0,-97,building_footprint,minecraft:orange_concrete
28,0,-97,building_footprint,minecraft:orange_concrete
29,0,-97,building_footprint,minecraft:orange_concrete
30,0,-97,building_footprint,minecraft:orange_concrete
31,0,-97,building_footprint,minecraft:orange_concrete
32,0,-97,building_footprint,minecraft:orange_concrete
33,0,-97,building_footprint,minecraft:orange_concrete
34,0,-97,building_footprint,minecraft:orange_concrete
35,0,-97,building_footprint,minecraft:orange_concrete
36,0,-97,building_footprint,minecraft:orange_concrete
37,0,-97,building_footprint,minecraft:orange_concrete
38,0,-97,building_footprint,minecraft:orange_concrete
39,0,-97,building_footprint,minecraft:orange_concrete
40,0,-97,building_footprint,minecraft:orange_concrete
41,0,-97,building_footprint,minecraft:orange_concrete
42,0,-97,building_footprint,minecraft:orange_concrete
43,0,-97,building_footprint,minecraft:orange_concrete
44,0,-97,building_footprint,minecraft:orange_concrete
45,0,-97,building_footprint,minecraft:orange_concrete
46,0,-97,building_footprint,minecraft:orange_concrete
47,0,-97,building_footprint,minecraft:orange_concrete
48,0,-97,building_footprint,minecraft:orange_concrete
49,0,-97,building_footprint,minecraft:orange_concrete
50,0,-97,building_footprint,minecraft:orange_concrete
51,0,-97,building_footprint,minecraft:orange_concrete
66,0,-97,alley,minecraft:polished_andesite
67,0,-97,alley,minecraft:polished_andesite
68,0,-97,alley,minecraft:polished_andesite
69,0,-97,alley,minecraft:polished_andesite
-71,0,-96,alley,minecraft:polished_andesite
-70,0,-96,alley,minecraft:polished_andesite
-69,0,-96,alley,minecraft:polished_andesite
-68,0,-96,alley,minecraft:polished_andesite
-61,0,-96,building_footprint,minecraft:orange_concrete
-60,0,-96,building_footprint,minecraft:orange_concrete
-59,0,-96,building_footprint,minecraft:orange_concrete
-58,0,-96,building_footprint,minecraft:orange_concrete
-57,0,-96,building_footprint,minecraft:orange_concrete
-56,0,-96,building_footprint,minecraft:orange_concrete
-55,0,-96,building_footprint,minecraft:orange_concrete
-54,0,-96,building_footprint,minecraft:orange_concrete
-53,0,-96,building_footprint,minecraft:orange_concrete
-52,0,-96,building_footprint,minecraft:orange_concrete
-51,0,-96,building_footprint,minecraft:orange_concrete
-50,0,-96,building_footprint,minecraft:orange_concrete
-49,0,-96,building_footprint,minecraft:orange_concrete
-48,0,-96,building_footprint,minecraft:orange_concrete
-47,0,-96,building_footprint,minecraft:orange_concrete
-46,0,-96,building_footprint,minecraft:orange_concrete
-45,0,-96,building_footprint,minecraft:orange_concrete
-44,0,-96,building_footprint,minecraft:orange_concrete
-43,0,-96,building_footprint,minecraft:orange_concrete
-42,0,-96,building_footprint,minecraft:orange_concrete
-41,0,-96,building_footprint,minecraft:orange_concrete
-40,0,-96,building_footprint,minecraft:orange_concrete
-39,0,-96,building_footprint,minecraft:orange_concrete
-38,0,-96,building_footprint,minecraft:orange_concrete
-37,0,-96,building_footprint,minecraft:orange_concrete
-36,0,-96,building_footprint,minecraft:orange_concrete
-35,0,-96,building_footprint,minecraft:orange_concrete
-34,0,-96,building_footprint,minecraft:orange_concrete
-33,0,-96,building_footprint,minecraft:orange_concrete
-32,0,-96,building_footprint,minecraft:orange_concrete
-31,0,-96,building_footprint,minecraft:orange_concrete
-30,0,-96,building_footprint,minecraft:orange_concrete
-29,0,-96,building_footprint,minecraft:orange_concrete
-28,0,-96,building_footprint,minecraft:orange_concrete
-27,0,-96,building_footprint,minecraft:orange_concrete
-26,0,-96,building_footprint,minecraft:orange_concrete
-25,0,-96,building_footprint,minecraft:orange_concrete
-24,0,-96,building_footprint,minecraft:orange_concrete
-23,0,-96,building_footprint,minecraft:orange_concrete
-22,0,-96,building_footprint,minecraft:orange_concrete
-21,0,-96,building_footprint,minecraft:orange_concrete
-20,0,-96,building_footprint,minecraft:orange_concrete
-19,0,-96,building_footprint,minecraft:orange_concrete
-18,0,-96,building_footprint,minecraft:orange_concrete
-17,0,-96,building_footprint,minecraft:orange_concrete
-16,0,-96,sidewalk,minecraft:smooth_stone
-15,0,-96,sidewalk,minecraft:smooth_stone
-14,0,-96,sidewalk,minecraft:smooth_stone
-13,0,-96,main_street,minecraft:black_concrete
-12,0,-96,main_street,minecraft:black_concrete
-11,0,-96,main_street,minecraft:black_concrete
-10,0,-96,main_street,minecraft:black_concrete
-9,0,-96,main_street,minecraft:black_concrete
-8,0,-96,main_street,minecraft:black_concrete
-7,0,-96,main_street,minecraft:black_concrete
-6,0,-96,main_street,minecraft:black_concrete
-5,0,-96,main_street,minecraft:black_concrete
-4,0,-96,main_street,minecraft:black_concrete
-3,0,-96,main_street,minecraft:black_concrete
-2,0,-96,main_street,minecraft:black_concrete
-1,0,-96,main_street,minecraft:black_concrete
0,0,-96,main_street,minecraft:black_concrete
1,0,-96,main_street,minecraft:black_concrete
2,0,-96,main_street,minecraft:black_concrete
3,0,-96,main_street,minecraft:black_concrete
4,0,-96,main_street,minecraft:black_concrete
5,0,-96,main_street,minecraft:black_concrete
6,0,-96,main_street,minecraft:black_concrete
7,0,-96,main_street,minecraft:black_concrete
8,0,-96,main_street,minecraft:black_concrete
9,0,-96,main_street,minecraft:black_concrete
10,0,-96,main_street,minecraft:black_concrete
11,0,-96,main_street,minecraft:black_concrete
12,0,-96,main_street,minecraft:black_concrete
13,0,-96,sidewalk,minecraft:smooth_stone
14,0,-96,sidewalk,minecraft:smooth_stone
15,0,-96,building_footprint,minecraft:orange_concrete
16,0,-96,building_footprint,minecraft:orange_concrete
17,0,-96,building_footprint,minecraft:orange_concrete
18,0,-96,building_footprint,minecraft:orange_concrete
19,0,-96,building_footprint,minecraft:orange_concrete
20,0,-96,building_footprint,minecraft:orange_concrete
21,0,-96,building_footprint,minecraft:orange_concrete
22,0,-96,building_footprint,minecraft:orange_concrete
23,0,-96,building_footprint,minecraft:orange_concrete
24,0,-96,building_footprint,minecraft:orange_concrete
25,0,-96,building_footprint,minecraft:orange_concrete
26,0,-96,building_footprint,minecraft:orange_concrete
27,0,-96,building_footprint,minecraft:orange_concrete
28,0,-96,building_footprint,minecraft:orange_concrete
29,0,-96,building_footprint,minecraft:orange_concrete
30,0,-96,building_footprint,minecraft:orange_concrete
31,0,-96,building_footprint,minecraft:orange_concrete
32,0,-96,building_footprint,minecraft:orange_concrete
33,0,-96,building_footprint,minecraft:orange_concrete
34,0,-96,building_footprint,minecraft:orange_concrete
35,0,-96,building_footprint,minecraft:orange_concrete
36,0,-96,building_footprint,minecraft:orange_concrete
37,0,-96,building_footprint,minecraft:orange_concrete
38,0,-96,building_footprint,minecraft:orange_concrete
39,0,-96,building_footprint,minecraft:orange_concrete
40,0,-96,building_footprint,minecraft:orange_concrete
41,0,-96,building_footprint,minecraft:orange_concrete
42,0,-96,building_footprint,minecraft:orange_concrete
43,0,-96,building_footprint,minecraft:orange_concrete
44,0,-96,building_footprint,minecraft:orange_concrete
45,0,-96,building_footprint,minecraft:orange_concrete
46,0,-96,building_footprint,minecraft:orange_concrete
47,0,-96,building_footprint,minecraft:orange_concrete
48,0,-96,building_footprint,minecraft:orange_concrete
49,0,-96,building_footprint,minecraft:orange_concrete
50,0,-96,building_footprint,minecraft:orange_concrete
51,0,-96,building_footprint,minecraft:orange_concrete
66,0,-96,alley,minecraft:polished_andesite
67,0,-96,alley,minecraft:polished_andesite
68,0,-96,alley,minecraft:polished_andesite
69,0,-96,alley,minecraft:polished_andesite
-71,0,-95,alley,minecraft:polished_andesite
-70,0,-95,alley,minecraft:polished_andesite
-69,0,-95,alley,minecraft:polished_andesite
-68,0,-95,alley,minecraft:polished_andesite
-61,0,-95,building_footprint,minecraft:orange_concrete
-60,0,-95,building_footprint,minecraft:orange_concrete
-59,0,-95,building_footprint,minecraft:orange_concrete
-58,0,-95,building_footprint,minecraft:orange_concrete
-57,0,-95,building_footprint,minecraft:orange_concrete
-56,0,-95,building_footprint,minecraft:orange_concrete
-55,0,-95,building_footprint,minecraft:orange_concrete
-54,0,-95,building_footprint,minecraft:orange_concrete
-53,0,-95,building_footprint,minecraft:orange_concrete
-52,0,-95,building_footprint,minecraft:orange_concrete
-51,0,-95,building_footprint,minecraft:orange_concrete
-50,0,-95,building_footprint,minecraft:orange_concrete
-49,0,-95,building_footprint,minecraft:orange_concrete
-48,0,-95,building_footprint,minecraft:orange_concrete
-47,0,-95,building_footprint,minecraft:orange_concrete
-46,0,-95,building_footprint,minecraft:orange_concrete
-45,0,-95,building_footprint,minecraft:orange_concrete
-44,0,-95,building_footprint,minecraft:orange_concrete
-43,0,-95,building_footprint,minecraft:orange_concrete
-42,0,-95,building_footprint,minecraft:orange_concrete
-41,0,-95,building_footprint,minecraft:orange_concrete
-40,0,-95,building_footprint,minecraft:orange_concrete
-39,0,-95,building_footprint,minecraft:orange_concrete
-38,0,-95,building_footprint,minecraft:orange_concrete
-37,0,-95,building_footprint,minecraft:orange_concrete
-36,0,-95,building_footprint,minecraft:orange_concrete
-35,0,-95,building_footprint,minecraft:orange_concrete
-34,0,-95,building_footprint,minecraft:orange_concrete
-33,0,-95,building_footprint,minecraft:orange_concrete
-32,0,-95,building_footprint,minecraft:orange_concrete
-31,0,-95,building_footprint,minecraft:orange_concrete
-30,0,-95,building_footprint,minecraft:orange_concrete
-29,0,-95,building_footprint,minecraft:orange_concrete
-28,0,-95,building_footprint,minecraft:orange_concrete
-27,0,-95,building_footprint,minecraft:orange_concrete
-26,0,-95,building_footprint,minecraft:orange_concrete
-25,0,-95,building_footprint,minecraft:orange_concrete
-24,0,-95,building_footprint,minecraft:orange_concrete
-23,0,-95,building_footprint,minecraft:orange_concrete
-22,0,-95,building_footprint,minecraft:orange_concrete
-21,0,-95,building_footprint,minecraft:orange_concrete
-20,0,-95,building_footprint,minecraft:orange_concrete
-19,0,-95,building_footprint,minecraft:orange_concrete
-18,0,-95,building_footprint,minecraft:orange_concrete
-17,0,-95,building_footprint,minecraft:orange_concrete
-16,0,-95,sidewalk,minecraft:smooth_stone
-15,0,-95,sidewalk,minecraft:smooth_stone
-14,0,-95,sidewalk,minecraft:smooth_stone
-13,0,-95,main_street,minecraft:black_concrete
-12,0,-95,main_street,minecraft:black_concrete
-11,0,-95,main_street,minecraft:black_concrete
-10,0,-95,main_street,minecraft:black_concrete
-9,0,-95,main_street,minecraft:black_concrete
-8,0,-95,main_street,minecraft:black_concrete
-7,0,-95,main_street,minecraft:black_concrete
-6,0,-95,main_street,minecraft:black_concrete
-5,0,-95,main_street,minecraft:black_concrete
-4,0,-95,main_street,minecraft:black_concrete
-3,0,-95,main_street,minecraft:black_concrete
-2,0,-95,main_street,minecraft:black_concrete
-1,0,-95,main_street,minecraft:black_concrete
0,0,-95,main_street,minecraft:black_concrete
1,0,-95,main_street,minecraft:black_concrete
2,0,-95,main_street,minecraft:black_concrete
3,0,-95,main_street,minecraft:black_concrete
4,0,-95,main_street,minecraft:black_concrete
5,0,-95,main_street,minecraft:black_concrete
6,0,-95,main_street,minecraft:black_concrete
7,0,-95,main_street,minecraft:black_concrete
8,0,-95,main_street,minecraft:black_concrete
9,0,-95,main_street,minecraft:black_concrete
10,0,-95,main_street,minecraft:black_concrete
11,0,-95,main_street,minecraft:black_concrete
12,0,-95,main_street,minecraft:black_concrete
13,0,-95,sidewalk,minecraft:smooth_stone
14,0,-95,sidewalk,minecraft:smooth_stone
15,0,-95,building_footprint,minecraft:orange_concrete
16,0,-95,building_footprint,minecraft:orange_concrete
17,0,-95,building_footprint,minecraft:orange_concrete
18,0,-95,building_footprint,minecraft:orange_concrete
19,0,-95,building_footprint,minecraft:orange_concrete
20,0,-95,building_footprint,minecraft:orange_concrete
21,0,-95,building_footprint,minecraft:orange_concrete
22,0,-95,building_footprint,minecraft:orange_concrete
23,0,-95,building_footprint,minecraft:orange_concrete
24,0,-95,building_footprint,minecraft:orange_concrete
25,0,-95,building_footprint,minecraft:orange_concrete
26,0,-95,building_footprint,minecraft:orange_concrete
27,0,-95,building_footprint,minecraft:orange_concrete
28,0,-95,building_footprint,minecraft:orange_concrete
29,0,-95,building_footprint,minecraft:orange_concrete
30,0,-95,building_footprint,minecraft:orange_concrete
31,0,-95,building_footprint,minecraft:orange_concrete
32,0,-95,building_footprint,minecraft:orange_concrete
33,0,-95,building_footprint,minecraft:orange_concrete
34,0,-95,building_footprint,minecraft:orange_concrete
35,0,-95,building_footprint,minecraft:orange_concrete
36,0,-95,building_footprint,minecraft:orange_concrete
37,0,-95,building_footprint,minecraft:orange_concrete
38,0,-95,building_footprint,minecraft:orange_concrete
39,0,-95,building_footprint,minecraft:orange_concrete
40,0,-95,building_footprint,minecraft:orange_concrete
41,0,-95,building_footprint,minecraft:orange_concrete
42,0,-95,building_footprint,minecraft:orange_concrete
43,0,-95,building_footprint,minecraft:orange_concrete
44,0,-95,building_footprint,minecraft:orange_concrete
45,0,-95,building_footprint,minecraft:orange_concrete
46,0,-95,building_footprint,minecraft:orange_concrete
47,0,-95,building_footprint,minecraft:orange_concrete
48,0,-95,building_footprint,minecraft:orange_concrete
49,0,-95,building_footprint,minecraft:orange_concrete
50,0,-95,building_footprint,minecraft:orange_concrete
51,0,-95,building_footprint,minecraft:orange_concrete
66,0,-95,alley,minecraft:polished_andesite
67,0,-95,alley,minecraft:polished_andesite
68,0,-95,alley,minecraft:polished_andesite
69,0,-95,alley,minecraft:polished_andesite
-71,0,-94,alley,minecraft:polished_andesite
-70,0,-94,alley,minecraft:polished_andesite
-69,0,-94,alley,minecraft:polished_andesite
-68,0,-94,alley,minecraft:polished_andesite
-61,0,-94,building_footprint,minecraft:orange_concrete
-60,0,-94,building_footprint,minecraft:orange_concrete
-59,0,-94,building_footprint,minecraft:orange_concrete
-58,0,-94,building_footprint,minecraft:orange_concrete
-57,0,-94,building_footprint,minecraft:orange_concrete
-56,0,-94,building_footprint,minecraft:orange_concrete
-55,0,-94,building_footprint,minecraft:orange_concrete
-54,0,-94,building_footprint,minecraft:orange_concrete
-53,0,-94,building_footprint,minecraft:orange_concrete
-52,0,-94,building_footprint,minecraft:orange_concrete
-51,0,-94,building_footprint,minecraft:orange_concrete
-50,0,-94,building_footprint,minecraft:orange_concrete
-49,0,-94,building_footprint,minecraft:orange_concrete
-48,0,-94,building_footprint,minecraft:orange_concrete
-47,0,-94,building_footprint,minecraft:orange_concrete
-46,0,-94,building_footprint,minecraft:orange_concrete
-45,0,-94,building_footprint,minecraft:orange_concrete
-44,0,-94,building_footprint,minecraft:orange_concrete
-43,0,-94,building_footprint,minecraft:orange_concrete
-42,0,-94,building_footprint,minecraft:orange_concrete
-41,0,-94,building_footprint,minecraft:orange_concrete
-40,0,-94,building_footprint,minecraft:orange_concrete
-39,0,-94,building_footprint,minecraft:orange_concrete
-38,0,-94,building_footprint,minecraft:orange_concrete
-37,0,-94,building_footprint,minecraft:orange_concrete
-36,0,-94,building_footprint,minecraft:orange_concrete
-35,0,-94,building_footprint,minecraft:orange_concrete
-34,0,-94,building_footprint,minecraft:orange_concrete
-33,0,-94,building_footprint,minecraft:orange_concrete
-32,0,-94,building_footprint,minecraft:orange_concrete
-31,0,-94,building_footprint,minecraft:orange_concrete
-30,0,-94,building_footprint,minecraft:orange_concrete
-29,0,-94,building_footprint,minecraft:orange_concrete
-28,0,-94,building_footprint,minecraft:orange_concrete
-27,0,-94,building_footprint,minecraft:orange_concrete
-26,0,-94,building_footprint,minecraft:orange_concrete
-25,0,-94,building_footprint,minecraft:orange_concrete
-24,0,-94,building_footprint,minecraft:orange_concrete
-23,0,-94,building_footprint,minecraft:orange_concrete
-22,0,-94,building_footprint,minecraft:orange_concrete
-21,0,-94,building_footprint,minecraft:orange_concrete
-20,0,-94,building_footprint,minecraft:orange_concrete
-19,0,-94,building_footprint,minecraft:orange_concrete
-18,0,-94,building_footprint,minecraft:orange_concrete
-17,0,-94,building_footprint,minecraft:orange_concrete
-16,0,-94,sidewalk,minecraft:smooth_stone
-15,0,-94,sidewalk,minecraft:smooth_stone
-14,0,-94,sidewalk,minecraft:smooth_stone
-13,0,-94,main_street,minecraft:black_concrete
-12,0,-94,main_street,minecraft:black_concrete
-11,0,-94,main_street,minecraft:black_concrete
-10,0,-94,main_street,minecraft:black_concrete
-9,0,-94,main_street,minecraft:black_concrete
-8,0,-94,main_street,minecraft:black_concrete
-7,0,-94,main_street,minecraft:black_concrete
-6,0,-94,main_street,minecraft:black_concrete
-5,0,-94,main_street,minecraft:black_concrete
-4,0,-94,main_street,minecraft:black_concrete
-3,0,-94,main_street,minecraft:black_concrete
-2,0,-94,main_street,minecraft:black_concrete
-1,0,-94,main_street,minecraft:black_concrete
0,0,-94,main_street,minecraft:black_concrete
1,0,-94,main_street,minecraft:black_concrete
2,0,-94,main_street,minecraft:black_concrete
3,0,-94,main_street,minecraft:black_concrete
4,0,-94,main_street,minecraft:black_concrete
5,0,-94,main_street,minecraft:black_concrete
6,0,-94,main_street,minecraft:black_concrete
7,0,-94,main_street,minecraft:black_concrete
8,0,-94,main_street,minecraft:black_concrete
9,0,-94,main_street,minecraft:black_concrete
10,0,-94,main_street,minecraft:black_concrete
11,0,-94,main_street,minecraft:black_concrete
12,0,-94,main_street,minecraft:black_concrete
13,0,-94,sidewalk,minecraft:smooth_stone
14,0,-94,sidewalk,minecraft:smooth_stone
15,0,-94,building_footprint,minecraft:orange_concrete
16,0,-94,building_footprint,minecraft:orange_concrete
17,0,-94,building_footprint,minecraft:orange_concrete
18,0,-94,building_footprint,minecraft:orange_concrete
19,0,-94,building_footprint,minecraft:orange_concrete
20,0,-94,building_footprint,minecraft:orange_concrete
21,0,-94,building_footprint,minecraft:orange_concrete
22,0,-94,building_footprint,minecraft:orange_concrete
23,0,-94,building_footprint,minecraft:orange_concrete
24,0,-94,building_footprint,minecraft:orange_concrete
25,0,-94,building_footprint,minecraft:orange_concrete
26,0,-94,building_footprint,minecraft:orange_concrete
27,0,-94,building_footprint,minecraft:orange_concrete
28,0,-94,building_footprint,minecraft:orange_concrete
29,0,-94,building_footprint,minecraft:orange_concrete
30,0,-94,building_footprint,minecraft:orange_concrete
31,0,-94,building_footprint,minecraft:orange_concrete
32,0,-94,building_footprint,minecraft:orange_concrete
33,0,-94,building_footprint,minecraft:orange_concrete
34,0,-94,building_footprint,minecraft:orange_concrete
35,0,-94,building_footprint,minecraft:orange_concrete
36,0,-94,building_footprint,minecraft:orange_concrete
37,0,-94,building_footprint,minecraft:orange_concrete
38,0,-94,building_footprint,minecraft:orange_concrete
39,0,-94,building_footprint,minecraft:orange_concrete
40,0,-94,building_footprint,minecraft:orange_concrete
41,0,-94,building_footprint,minecraft:orange_concrete
42,0,-94,building_footprint,minecraft:orange_concrete
43,0,-94,building_footprint,minecraft:orange_concrete
44,0,-94,building_footprint,minecraft:orange_concrete
45,0,-94,building_footprint,minecraft:orange_concrete
46,0,-94,building_footprint,minecraft:orange_concrete
47,0,-94,building_footprint,minecraft:orange_concrete
48,0,-94,building_footprint,minecraft:orange_concrete
49,0,-94,building_footprint,minecraft:orange_concrete
50,0,-94,building_footprint,minecraft:orange_concrete
51,0,-94,building_footprint,minecraft:orange_concrete
66,0,-94,alley,minecraft:polished_andesite
67,0,-94,alley,minecraft:polished_andesite
68,0,-94,alley,minecraft:polished_andesite
69,0,-94,alley,minecraft:polished_andesite
-71,0,-93,alley,minecraft:polished_andesite
-70,0,-93,alley,minecraft:polished_andesite
-69,0,-93,alley,minecraft:polished_andesite
-68,0,-93,alley,minecraft:polished_andesite
-61,0,-93,building_footprint,minecraft:orange_concrete
-60,0,-93,building_footprint,minecraft:orange_concrete
-59,0,-93,building_footprint,minecraft:orange_concrete
-58,0,-93,building_footprint,minecraft:orange_concrete
-57,0,-93,building_footprint,minecraft:orange_concrete
-56,0,-93,building_footprint,minecraft:orange_concrete
-55,0,-93,building_footprint,minecraft:orange_concrete
-54,0,-93,building_footprint,minecraft:orange_concrete
-53,0,-93,building_footprint,minecraft:orange_concrete
-52,0,-93,building_footprint,minecraft:orange_concrete
-51,0,-93,building_footprint,minecraft:orange_concrete
-50,0,-93,building_footprint,minecraft:orange_concrete
-49,0,-93,building_footprint,minecraft:orange_concrete
-48,0,-93,building_footprint,minecraft:orange_concrete
-47,0,-93,building_footprint,minecraft:orange_concrete
-46,0,-93,building_footprint,minecraft:orange_concrete
-45,0,-93,building_footprint,minecraft:orange_concrete
-44,0,-93,building_footprint,minecraft:orange_concrete
-43,0,-93,building_footprint,minecraft:orange_concrete
-42,0,-93,building_footprint,minecraft:orange_concrete
-41,0,-93,building_footprint,minecraft:orange_concrete
-40,0,-93,building_footprint,minecraft:orange_concrete
-39,0,-93,building_footprint,minecraft:orange_concrete
-38,0,-93,building_footprint,minecraft:orange_concrete
-37,0,-93,building_footprint,minecraft:orange_concrete
-36,0,-93,building_footprint,minecraft:orange_concrete
-35,0,-93,building_footprint,minecraft:orange_concrete
-34,0,-93,building_footprint,minecraft:orange_concrete
-33,0,-93,building_footprint,minecraft:orange_concrete
-32,0,-93,building_footprint,minecraft:orange_concrete
-31,0,-93,building_footprint,minecraft:orange_concrete
-30,0,-93,building_footprint,minecraft:orange_concrete
-29,0,-93,building_footprint,minecraft:orange_concrete
-28,0,-93,building_footprint,minecraft:orange_concrete
-27,0,-93,building_footprint,minecraft:orange_concrete
-26,0,-93,building_footprint,minecraft:orange_concrete
-25,0,-93,building_footprint,minecraft:orange_concrete
-24,0,-93,building_footprint,minecraft:orange_concrete
-23,0,-93,building_footprint,minecraft:orange_concrete
-22,0,-93,building_footprint,minecraft:orange_concrete
-21,0,-93,building_footprint,minecraft:orange_concrete
-20,0,-93,building_footprint,minecraft:orange_concrete
-19,0,-93,building_footprint,minecraft:orange_concrete
-18,0,-93,building_footprint,minecraft:orange_concrete
-17,0,-93,building_footprint,minecraft:orange_concrete
-16,0,-93,sidewalk,minecraft:smooth_stone
-15,0,-93,sidewalk,minecraft:smooth_stone
-14,0,-93,sidewalk,minecraft:smooth_stone
-13,0,-93,main_street,minecraft:black_concrete
-12,0,-93,main_street,minecraft:black_concrete
-11,0,-93,main_street,minecraft:black_concrete
-10,0,-93,main_street,minecraft:black_concrete
-9,0,-93,main_street,minecraft:black_concrete
-8,0,-93,main_street,minecraft:black_concrete
-7,0,-93,main_street,minecraft:black_concrete
-6,0,-93,main_street,minecraft:black_concrete
-5,0,-93,main_street,minecraft:black_concrete
-4,0,-93,main_street,minecraft:black_concrete
-3,0,-93,main_street,minecraft:black_concrete
-2,0,-93,main_street,minecraft:black_concrete
-1,0,-93,main_street,minecraft:black_concrete
0,0,-93,main_street,minecraft:black_concrete
1,0,-93,main_street,minecraft:black_concrete
2,0,-93,main_street,minecraft:black_concrete
3,0,-93,main_street,minecraft:black_concrete
4,0,-93,main_street,minecraft:black_concrete
5,0,-93,main_street,minecraft:black_concrete
6,0,-93,main_street,minecraft:black_concrete
7,0,-93,main_street,minecraft:black_concrete
8,0,-93,main_street,minecraft:black_concrete
9,0,-93,main_street,minecraft:black_concrete
10,0,-93,main_street,minecraft:black_concrete
11,0,-93,main_street,minecraft:black_concrete
12,0,-93,main_street,minecraft:black_concrete
13,0,-93,sidewalk,minecraft:smooth_stone
14,0,-93,sidewalk,minecraft:smooth_stone
15,0,-93,building_footprint,minecraft:orange_concrete
16,0,-93,building_footprint,minecraft:orange_concrete
17,0,-93,building_footprint,minecraft:orange_concrete
18,0,-93,building_footprint,minecraft:orange_concrete
19,0,-93,building_footprint,minecraft:orange_concrete
20,0,-93,building_footprint,minecraft:orange_concrete
21,0,-93,building_footprint,minecraft:orange_concrete
22,0,-93,building_footprint,minecraft:orange_concrete
23,0,-93,building_footprint,minecraft:orange_concrete
24,0,-93,building_footprint,minecraft:orange_concrete
25,0,-93,building_footprint,minecraft:orange_concrete
26,0,-93,building_footprint,minecraft:orange_concrete
27,0,-93,building_footprint,minecraft:orange_concrete
28,0,-93,building_footprint,minecraft:orange_concrete
29,0,-93,building_footprint,minecraft:orange_concrete
30,0,-93,building_footprint,minecraft:orange_concrete
31,0,-93,building_footprint,minecraft:orange_concrete
32,0,-93,building_footprint,minecraft:orange_concrete
33,0,-93,building_footprint,minecraft:orange_concrete
34,0,-93,building_footprint,minecraft:orange_concrete
35,0,-93,building_footprint,minecraft:orange_concrete
36,0,-93,building_footprint,minecraft:orange_concrete
37,0,-93,building_footprint,minecraft:orange_concrete
38,0,-93,building_footprint,minecraft:orange_concrete
39,0,-93,building_footprint,minecraft:orange_concrete
40,0,-93,building_footprint,minecraft:orange_concrete
41,0,-93,building_footprint,minecraft:orange_concrete
42,0,-93,building_footprint,minecraft:orange_concrete
43,0,-93,building_footprint,minecraft:orange_concrete
44,0,-93,building_footprint,minecraft:orange_concrete
45,0,-93,building_footprint,minecraft:orange_concrete
46,0,-93,building_footprint,minecraft:orange_concrete
47,0,-93,building_footprint,minecraft:orange_concrete
48,0,-93,building_footprint,minecraft:orange_concrete
49,0,-93,building_footprint,minecraft:orange_concrete
50,0,-93,building_footprint,minecraft:orange_concrete
51,0,-93,building_footprint,minecraft:orange_concrete
66,0,-93,alley,minecraft:polished_andesite
67,0,-93,alley,minecraft:polished_andesite
68,0,-93,alley,minecraft:polished_andesite
69,0,-93,alley,minecraft:polished_andesite
-71,0,-92,alley,minecraft:polished_andesite
-70,0,-92,alley,minecraft:polished_andesite
-69,0,-92,alley,minecraft:polished_andesite
-68,0,-92,alley,minecraft:polished_andesite
-61,0,-92,building_footprint,minecraft:orange_concrete
-60,0,-92,building_footprint,minecraft:orange_concrete
-59,0,-92,building_footprint,minecraft:orange_concrete
-58,0,-92,building_footprint,minecraft:orange_concrete
-57,0,-92,building_footprint,minecraft:orange_concrete
-56,0,-92,building_footprint,minecraft:orange_concrete
-55,0,-92,building_footprint,minecraft:orange_concrete
-54,0,-92,building_footprint,minecraft:orange_concrete
-53,0,-92,building_footprint,minecraft:orange_concrete
-52,0,-92,building_footprint,minecraft:orange_concrete
-51,0,-92,building_footprint,minecraft:orange_concrete
-50,0,-92,building_footprint,minecraft:orange_concrete
-49,0,-92,building_footprint,minecraft:orange_concrete
-48,0,-92,building_footprint,minecraft:orange_concrete
-47,0,-92,building_footprint,minecraft:orange_concrete
-46,0,-92,building_footprint,minecraft:orange_concrete
-45,0,-92,building_footprint,minecraft:orange_concrete
-44,0,-92,building_footprint,minecraft:orange_concrete
-43,0,-92,building_footprint,minecraft:orange_concrete
-42,0,-92,building_footprint,minecraft:orange_concrete
-41,0,-92,building_footprint,minecraft:orange_concrete
-40,0,-92,building_footprint,minecraft:orange_concrete
-39,0,-92,building_footprint,minecraft:orange_concrete
-38,0,-92,building_footprint,minecraft:orange_concrete
-37,0,-92,building_footprint,minecraft:orange_concrete
-36,0,-92,building_footprint,minecraft:orange_concrete
-35,0,-92,building_footprint,minecraft:orange_concrete
-34,0,-92,building_footprint,minecraft:orange_concrete
-33,0,-92,building_footprint,minecraft:orange_concrete
-32,0,-92,building_footprint,minecraft:orange_concrete
-31,0,-92,building_footprint,minecraft:orange_concrete
-30,0,-92,building_footprint,minecraft:orange_concrete
-29,0,-92,building_footprint,minecraft:orange_concrete
-28,0,-92,building_footprint,minecraft:orange_concrete
-27,0,-92,building_footprint,minecraft:orange_concrete
-26,0,-92,building_footprint,minecraft:orange_concrete
-25,0,-92,building_footprint,minecraft:orange_concrete
-24,0,-92,building_footprint,minecraft:orange_concrete
-23,0,-92,building_footprint,minecraft:orange_concrete
-22,0,-92,building_footprint,minecraft:orange_concrete
-21,0,-92,building_footprint,minecraft:orange_concrete
-20,0,-92,building_footprint,minecraft:orange_concrete
-19,0,-92,building_footprint,minecraft:orange_concrete
-18,0,-92,building_footprint,minecraft:orange_concrete
-17,0,-92,building_footprint,minecraft:orange_concrete
-16,0,-92,sidewalk,minecraft:smooth_stone
-15,0,-92,sidewalk,minecraft:smooth_stone
-14,0,-92,sidewalk,minecraft:smooth_stone
-13,0,-92,main_street,minecraft:black_concrete
-12,0,-92,main_street,minecraft:black_concrete
-11,0,-92,main_street,minecraft:black_concrete
-10,0,-92,main_street,minecraft:black_concrete
-9,0,-92,main_street,minecraft:black_concrete
-8,0,-92,main_street,minecraft:black_concrete
-7,0,-92,main_street,minecraft:black_concrete
-6,0,-92,main_street,minecraft:black_concrete
-5,0,-92,main_street,minecraft:black_concrete
-4,0,-92,main_street,minecraft:black_concrete
-3,0,-92,main_street,minecraft:black_concrete
-2,0,-92,main_street,minecraft:black_concrete
-1,0,-92,main_street,minecraft:black_concrete
0,0,-92,main_street,minecraft:black_concrete
1,0,-92,main_street,minecraft:black_concrete
2,0,-92,main_street,minecraft:black_concrete
3,0,-92,main_street,minecraft:black_concrete
4,0,-92,main_street,minecraft:black_concrete
5,0,-92,main_street,minecraft:black_concrete
6,0,-92,main_street,minecraft:black_concrete
7,0,-92,main_street,minecraft:black_concrete
8,0,-92,main_street,minecraft:black_concrete
9,0,-92,main_street,minecraft:black_concrete
10,0,-92,main_street,minecraft:black_concrete
11,0,-92,main_street,minecraft:black_concrete
12,0,-92,main_street,minecraft:black_concrete
13,0,-92,sidewalk,minecraft:smooth_stone
14,0,-92,sidewalk,minecraft:smooth_stone
15,0,-92,building_footprint,minecraft:orange_concrete
16,0,-92,building_footprint,minecraft:orange_concrete
17,0,-92,building_footprint,minecraft:orange_concrete
18,0,-92,building_footprint,minecraft:orange_concrete
19,0,-92,building_footprint,minecraft:orange_concrete
20,0,-92,building_footprint,minecraft:orange_concrete
21,0,-92,building_footprint,minecraft:orange_concrete
22,0,-92,building_footprint,minecraft:orange_concrete
23,0,-92,building_footprint,minecraft:orange_concrete
24,0,-92,building_footprint,minecraft:orange_concrete
25,0,-92,building_footprint,minecraft:orange_concrete
26,0,-92,building_footprint,minecraft:orange_concrete
27,0,-92,building_footprint,minecraft:orange_concrete
28,0,-92,building_footprint,minecraft:orange_concrete
29,0,-92,building_footprint,minecraft:orange_concrete
30,0,-92,building_footprint,minecraft:orange_concrete
31,0,-92,building_footprint,minecraft:orange_concrete
32,0,-92,building_footprint,minecraft:orange_concrete
33,0,-92,building_footprint,minecraft:orange_concrete
34,0,-92,building_footprint,minecraft:orange_concrete
35,0,-92,building_footprint,minecraft:orange_concrete
36,0,-92,building_footprint,minecraft:orange_concrete
37,0,-92,building_footprint,minecraft:orange_concrete
38,0,-92,building_footprint,minecraft:orange_concrete
39,0,-92,building_footprint,minecraft:orange_concrete
40,0,-92,building_footprint,minecraft:orange_concrete
41,0,-92,building_footprint,minecraft:orange_concrete
42,0,-92,building_footprint,minecraft:orange_concrete
43,0,-92,building_footprint,minecraft:orange_concrete
44,0,-92,building_footprint,minecraft:orange_concrete
45,0,-92,building_footprint,minecraft:orange_concrete
46,0,-92,building_footprint,minecraft:orange_concrete
47,0,-92,building_footprint,minecraft:orange_concrete
48,0,-92,building_footprint,minecraft:orange_concrete
49,0,-92,building_footprint,minecraft:orange_concrete
50,0,-92,building_footprint,minecraft:orange_concrete
51,0,-92,building_footprint,minecraft:orange_concrete
66,0,-92,alley,minecraft:polished_andesite
67,0,-92,alley,minecraft:polished_andesite
68,0,-92,alley,minecraft:polished_andesite
69,0,-92,alley,minecraft:polished_andesite
-71,0,-91,alley,minecraft:polished_andesite
-70,0,-91,alley,minecraft:polished_andesite
-69,0,-91,alley,minecraft:polished_andesite
-68,0,-91,alley,minecraft:polished_andesite
-61,0,-91,building_footprint,minecraft:orange_concrete
-60,0,-91,building_footprint,minecraft:orange_concrete
-59,0,-91,building_footprint,minecraft:orange_concrete
-58,0,-91,building_footprint,minecraft:orange_concrete
-57,0,-91,building_footprint,minecraft:orange_concrete
-56,0,-91,building_footprint,minecraft:orange_concrete
-55,0,-91,building_footprint,minecraft:orange_concrete
-54,0,-91,building_footprint,minecraft:orange_concrete
-53,0,-91,building_footprint,minecraft:orange_concrete
-52,0,-91,building_footprint,minecraft:orange_concrete
-51,0,-91,building_footprint,minecraft:orange_concrete
-50,0,-91,building_footprint,minecraft:orange_concrete
-49,0,-91,building_footprint,minecraft:orange_concrete
-48,0,-91,building_footprint,minecraft:orange_concrete
-47,0,-91,building_footprint,minecraft:orange_concrete
-46,0,-91,building_footprint,minecraft:orange_concrete
-45,0,-91,building_footprint,minecraft:orange_concrete
-44,0,-91,building_footprint,minecraft:orange_concrete
-43,0,-91,building_footprint,minecraft:orange_concrete
-42,0,-91,building_footprint,minecraft:orange_concrete
-41,0,-91,building_footprint,minecraft:orange_concrete
-40,0,-91,building_footprint,minecraft:orange_concrete
-39,0,-91,building_footprint,minecraft:orange_concrete
-38,0,-91,building_footprint,minecraft:orange_concrete
-37,0,-91,building_footprint,minecraft:orange_concrete
-36,0,-91,building_footprint,minecraft:orange_concrete
-35,0,-91,building_footprint,minecraft:orange_concrete
-34,0,-91,building_footprint,minecraft:orange_concrete
-33,0,-91,building_footprint,minecraft:orange_concrete
-32,0,-91,building_footprint,minecraft:orange_concrete
-31,0,-91,building_footprint,minecraft:orange_concrete
-30,0,-91,building_footprint,minecraft:orange_concrete
-29,0,-91,building_footprint,minecraft:orange_concrete
-28,0,-91,building_footprint,minecraft:orange_concrete
-27,0,-91,building_footprint,minecraft:orange_concrete
-26,0,-91,building_footprint,minecraft:orange_concrete
-25,0,-91,building_footprint,minecraft:orange_concrete
-24,0,-91,building_footprint,minecraft:orange_concrete
-23,0,-91,building_footprint,minecraft:orange_concrete
-22,0,-91,building_footprint,minecraft:orange_concrete
-21,0,-91,building_footprint,minecraft:orange_concrete
-20,0,-91,building_footprint,minecraft:orange_concrete
-19,0,-91,building_footprint,minecraft:orange_concrete
-18,0,-91,building_footprint,minecraft:orange_concrete
-17,0,-91,building_footprint,minecraft:orange_concrete
-16,0,-91,sidewalk,minecraft:smooth_stone
-15,0,-91,sidewalk,minecraft:smooth_stone
-14,0,-91,sidewalk,minecraft:smooth_stone
-13,0,-91,main_street,minecraft:black_concrete
-12,0,-91,main_street,minecraft:black_concrete
-11,0,-91,main_street,minecraft:black_concrete
-10,0,-91,main_street,minecraft:black_concrete
-9,0,-91,main_street,minecraft:black_concrete
-8,0,-91,main_street,minecraft:black_concrete
-7,0,-91,main_street,minecraft:black_concrete
-6,0,-91,main_street,minecraft:black_concrete
-5,0,-91,main_street,minecraft:black_concrete
-4,0,-91,main_street,minecraft:black_concrete
-3,0,-91,main_street,minecraft:black_concrete
-2,0,-91,main_street,minecraft:black_concrete
-1,0,-91,main_street,minecraft:black_concrete
0,0,-91,main_street,minecraft:black_concrete
1,0,-91,main_street,minecraft:black_concrete
2,0,-91,main_street,minecraft:black_concrete
3,0,-91,main_street,minecraft:black_concrete
4,0,-91,main_street,minecraft:black_concrete
5,0,-91,main_street,minecraft:black_concrete
6,0,-91,main_street,minecraft:black_concrete
7,0,-91,main_street,minecraft:black_concrete
8,0,-91,main_street,minecraft:black_concrete
9,0,-91,main_street,minecraft:black_concrete
10,0,-91,main_street,minecraft:black_concrete
11,0,-91,main_street,minecraft:black_concrete
12,0,-91,main_street,minecraft:black_concrete
13,0,-91,sidewalk,minecraft:smooth_stone
14,0,-91,sidewalk,minecraft:smooth_stone
15,0,-91,building_footprint,minecraft:orange_concrete
16,0,-91,building_footprint,minecraft:orange_concrete
17,0,-91,building_footprint,minecraft:orange_concrete
18,0,-91,building_footprint,minecraft:orange_concrete
19,0,-91,building_footprint,minecraft:orange_concrete
20,0,-91,building_footprint,minecraft:orange_concrete
21,0,-91,building_footprint,minecraft:orange_concrete
22,0,-91,building_footprint,minecraft:orange_concrete
23,0,-91,building_footprint,minecraft:orange_concrete
24,0,-91,building_footprint,minecraft:orange_concrete
25,0,-91,building_footprint,minecraft:orange_concrete
26,0,-91,building_footprint,minecraft:orange_concrete
27,0,-91,building_footprint,minecraft:orange_concrete
28,0,-91,building_footprint,minecraft:orange_concrete
29,0,-91,building_footprint,minecraft:orange_concrete
30,0,-91,building_footprint,minecraft:orange_concrete
31,0,-91,building_footprint,minecraft:orange_concrete
32,0,-91,building_footprint,minecraft:orange_concrete
33,0,-91,building_footprint,minecraft:orange_concrete
34,0,-91,building_footprint,minecraft:orange_concrete
35,0,-91,building_footprint,minecraft:orange_concrete
36,0,-91,building_footprint,minecraft:orange_concrete
37,0,-91,building_footprint,minecraft:orange_concrete
38,0,-91,building_footprint,minecraft:orange_concrete
39,0,-91,building_footprint,minecraft:orange_concrete
40,0,-91,building_footprint,minecraft:orange_concrete
41,0,-91,building_footprint,minecraft:orange_concrete
42,0,-91,building_footprint,minecraft:orange_concrete
43,0,-91,building_footprint,minecraft:orange_concrete
44,0,-91,building_footprint,minecraft:orange_concrete
45,0,-91,building_footprint,minecraft:orange_concrete
46,0,-91,building_footprint,minecraft:orange_concrete
47,0,-91,building_footprint,minecraft:orange_concrete
48,0,-91,building_footprint,minecraft:orange_concrete
49,0,-91,building_footprint,minecraft:orange_concrete
50,0,-91,building_footprint,minecraft:orange_concrete
51,0,-91,building_footprint,minecraft:orange_concrete
66,0,-91,alley,minecraft:polished_andesite
67,0,-91,alley,minecraft:polished_andesite
68,0,-91,alley,minecraft:polished_andesite
69,0,-91,alley,minecraft:polished_andesite
-71,0,-90,alley,minecraft:polished_andesite
-70,0,-90,alley,minecraft:polished_andesite
-69,0,-90,alley,minecraft:polished_andesite
-68,0,-90,alley,minecraft:polished_andesite
-37,0,-90,building_footprint,minecraft:orange_concrete
-36,0,-90,building_footprint,minecraft:orange_concrete
-35,0,-90,building_footprint,minecraft:orange_concrete
-34,0,-90,building_footprint,minecraft:orange_concrete
-33,0,-90,building_footprint,minecraft:orange_concrete
-32,0,-90,building_footprint,minecraft:orange_concrete
-31,0,-90,building_footprint,minecraft:orange_concrete
-30,0,-90,building_footprint,minecraft:orange_concrete
-29,0,-90,building_footprint,minecraft:orange_concrete
-28,0,-90,building_footprint,minecraft:orange_concrete
-27,0,-90,building_footprint,minecraft:orange_concrete
-26,0,-90,building_footprint,minecraft:orange_concrete
-25,0,-90,building_footprint,minecraft:orange_concrete
-24,0,-90,building_footprint,minecraft:orange_concrete
-23,0,-90,building_footprint,minecraft:orange_concrete
-22,0,-90,building_footprint,minecraft:orange_concrete
-21,0,-90,building_footprint,minecraft:orange_concrete
-20,0,-90,building_footprint,minecraft:orange_concrete
-19,0,-90,building_footprint,minecraft:orange_concrete
-18,0,-90,building_footprint,minecraft:orange_concrete
-17,0,-90,building_footprint,minecraft:orange_concrete
-16,0,-90,sidewalk,minecraft:smooth_stone
-15,0,-90,sidewalk,minecraft:smooth_stone
-14,0,-90,sidewalk,minecraft:smooth_stone
-13,0,-90,main_street,minecraft:black_concrete
-12,0,-90,main_street,minecraft:black_concrete
-11,0,-90,main_street,minecraft:black_concrete
-10,0,-90,main_street,minecraft:black_concrete
-9,0,-90,main_street,minecraft:black_concrete
-8,0,-90,main_street,minecraft:black_concrete
-7,0,-90,main_street,minecraft:black_concrete
-6,0,-90,main_street,minecraft:black_concrete
-5,0,-90,main_street,minecraft:black_concrete
-4,0,-90,main_street,minecraft:black_concrete
-3,0,-90,main_street,minecraft:black_concrete
-2,0,-90,main_street,minecraft:black_concrete
-1,0,-90,main_street,minecraft:black_concrete
0,0,-90,main_street,minecraft:black_concrete
1,0,-90,main_street,minecraft:black_concrete
2,0,-90,main_street,minecraft:black_concrete
3,0,-90,main_street,minecraft:black_concrete
4,0,-90,main_street,minecraft:black_concrete
5,0,-90,main_street,minecraft:black_concrete
6,0,-90,main_street,minecraft:black_concrete
7,0,-90,main_street,minecraft:black_concrete
8,0,-90,main_street,minecraft:black_concrete
9,0,-90,main_street,minecraft:black_concrete
10,0,-90,main_street,minecraft:black_concrete
11,0,-90,main_street,minecraft:black_concrete
12,0,-90,main_street,minecraft:black_concrete
13,0,-90,sidewalk,minecraft:smooth_stone
14,0,-90,sidewalk,minecraft:smooth_stone
15,0,-90,building_footprint,minecraft:orange_concrete
16,0,-90,building_footprint,minecraft:orange_concrete
17,0,-90,building_footprint,minecraft:orange_concrete
18,0,-90,building_footprint,minecraft:orange_concrete
19,0,-90,building_footprint,minecraft:orange_concrete
20,0,-90,building_footprint,minecraft:orange_concrete
21,0,-90,building_footprint,minecraft:orange_concrete
22,0,-90,building_footprint,minecraft:orange_concrete
23,0,-90,building_footprint,minecraft:orange_concrete
24,0,-90,building_footprint,minecraft:orange_concrete
25,0,-90,building_footprint,minecraft:orange_concrete
26,0,-90,building_footprint,minecraft:orange_concrete
27,0,-90,building_footprint,minecraft:orange_concrete
28,0,-90,building_footprint,minecraft:orange_concrete
29,0,-90,building_footprint,minecraft:orange_concrete
30,0,-90,building_footprint,minecraft:orange_concrete
31,0,-90,building_footprint,minecraft:orange_concrete
32,0,-90,building_footprint,minecraft:orange_concrete
33,0,-90,building_footprint,minecraft:orange_concrete
34,0,-90,building_footprint,minecraft:orange_concrete
35,0,-90,building_footprint,minecraft:orange_concrete
36,0,-90,building_footprint,minecraft:orange_concrete
37,0,-90,building_footprint,minecraft:orange_concrete
38,0,-90,building_footprint,minecraft:orange_concrete
39,0,-90,building_footprint,minecraft:orange_concrete
40,0,-90,building_footprint,minecraft:orange_concrete
41,0,-90,building_footprint,minecraft:orange_concrete
42,0,-90,building_footprint,minecraft:orange_concrete
43,0,-90,building_footprint,minecraft:orange_concrete
44,0,-90,building_footprint,minecraft:orange_concrete
45,0,-90,building_footprint,minecraft:orange_concrete
46,0,-90,building_footprint,minecraft:orange_concrete
47,0,-90,building_footprint,minecraft:orange_concrete
48,0,-90,building_footprint,minecraft:orange_concrete
49,0,-90,building_footprint,minecraft:orange_concrete
50,0,-90,building_footprint,minecraft:orange_concrete
51,0,-90,building_footprint,minecraft:orange_concrete
66,0,-90,alley,minecraft:polished_andesite
67,0,-90,alley,minecraft:polished_andesite
68,0,-90,alley,minecraft:polished_andesite
69,0,-90,alley,minecraft:polished_andesite
-71,0,-89,alley,minecraft:polished_andesite
-70,0,-89,alley,minecraft:polished_andesite
-69,0,-89,alley,minecraft:polished_andesite
-68,0,-89,alley,minecraft:polished_andesite
-37,0,-89,building_footprint,minecraft:orange_concrete
-36,0,-89,building_footprint,minecraft:orange_concrete
-35,0,-89,building_footprint,minecraft:orange_concrete
-34,0,-89,building_footprint,minecraft:orange_concrete
-33,0,-89,building_footprint,minecraft:orange_concrete
-32,0,-89,building_footprint,minecraft:orange_concrete
-31,0,-89,building_footprint,minecraft:orange_concrete
-30,0,-89,building_footprint,minecraft:orange_concrete
-29,0,-89,building_footprint,minecraft:orange_concrete
-28,0,-89,building_footprint,minecraft:orange_concrete
-27,0,-89,building_footprint,minecraft:orange_concrete
-26,0,-89,building_footprint,minecraft:orange_concrete
-25,0,-89,building_footprint,minecraft:orange_concrete
-24,0,-89,building_footprint,minecraft:orange_concrete
-23,0,-89,building_footprint,minecraft:orange_concrete
-22,0,-89,building_footprint,minecraft:orange_concrete
-21,0,-89,building_footprint,minecraft:orange_concrete
-20,0,-89,building_footprint,minecraft:orange_concrete
-19,0,-89,building_footprint,minecraft:orange_concrete
-18,0,-89,building_footprint,minecraft:orange_concrete
-17,0,-89,building_footprint,minecraft:orange_concrete
-16,0,-89,sidewalk,minecraft:smooth_stone
-15,0,-89,sidewalk,minecraft:smooth_stone
-14,0,-89,sidewalk,minecraft:smooth_stone
-13,0,-89,main_street,minecraft:black_concrete
-12,0,-89,main_street,minecraft:black_concrete
-11,0,-89,main_street,minecraft:black_concrete
-10,0,-89,main_street,minecraft:black_concrete
-9,0,-89,main_street,minecraft:black_concrete
-8,0,-89,main_street,minecraft:black_concrete
-7,0,-89,main_street,minecraft:black_concrete
-6,0,-89,main_street,minecraft:black_concrete
-5,0,-89,main_street,minecraft:black_concrete
-4,0,-89,main_street,minecraft:black_concrete
-3,0,-89,main_street,minecraft:black_concrete
-2,0,-89,main_street,minecraft:black_concrete
-1,0,-89,main_street,minecraft:black_concrete
0,0,-89,main_street,minecraft:black_concrete
1,0,-89,main_street,minecraft:black_concrete
2,0,-89,main_street,minecraft:black_concrete
3,0,-89,main_street,minecraft:black_concrete
4,0,-89,main_street,minecraft:black_concrete
5,0,-89,main_street,minecraft:black_concrete
6,0,-89,main_street,minecraft:black_concrete
7,0,-89,main_street,minecraft:black_concrete
8,0,-89,main_street,minecraft:black_concrete
9,0,-89,main_street,minecraft:black_concrete
10,0,-89,main_street,minecraft:black_concrete
11,0,-89,main_street,minecraft:black_concrete
12,0,-89,main_street,minecraft:black_concrete
13,0,-89,sidewalk,minecraft:smooth_stone
14,0,-89,sidewalk,minecraft:smooth_stone
15,0,-89,building_footprint,minecraft:orange_concrete
16,0,-89,building_footprint,minecraft:orange_concrete
17,0,-89,building_footprint,minecraft:orange_concrete
18,0,-89,building_footprint,minecraft:orange_concrete
19,0,-89,building_footprint,minecraft:orange_concrete
20,0,-89,building_footprint,minecraft:orange_concrete
21,0,-89,building_footprint,minecraft:orange_concrete
22,0,-89,building_footprint,minecraft:orange_concrete
23,0,-89,building_footprint,minecraft:orange_concrete
24,0,-89,building_footprint,minecraft:orange_concrete
25,0,-89,building_footprint,minecraft:orange_concrete
26,0,-89,building_footprint,minecraft:orange_concrete
27,0,-89,building_footprint,minecraft:orange_concrete
28,0,-89,building_footprint,minecraft:orange_concrete
29,0,-89,building_footprint,minecraft:orange_concrete
30,0,-89,building_footprint,minecraft:orange_concrete
31,0,-89,building_footprint,minecraft:orange_concrete
32,0,-89,building_footprint,minecraft:orange_concrete
33,0,-89,building_footprint,minecraft:orange_concrete
34,0,-89,building_footprint,minecraft:orange_concrete
35,0,-89,building_footprint,minecraft:orange_concrete
36,0,-89,building_footprint,minecraft:orange_concrete
37,0,-89,building_footprint,minecraft:orange_concrete
38,0,-89,building_footprint,minecraft:orange_concrete
39,0,-89,building_footprint,minecraft:orange_concrete
40,0,-89,building_footprint,minecraft:orange_concrete
41,0,-89,building_footprint,minecraft:orange_concrete
42,0,-89,building_footprint,minecraft:orange_concrete
43,0,-89,building_footprint,minecraft:orange_concrete
44,0,-89,building_footprint,minecraft:orange_concrete
45,0,-89,building_footprint,minecraft:orange_concrete
46,0,-89,building_footprint,minecraft:orange_concrete
47,0,-89,building_footprint,minecraft:orange_concrete
48,0,-89,building_footprint,minecraft:orange_concrete
49,0,-89,building_footprint,minecraft:orange_concrete
50,0,-89,building_footprint,minecraft:orange_concrete
51,0,-89,building_footprint,minecraft:orange_concrete
66,0,-89,alley,minecraft:polished_andesite
67,0,-89,alley,minecraft:polished_andesite
68,0,-89,alley,minecraft:polished_andesite
69,0,-89,alley,minecraft:polished_andesite
-71,0,-88,alley,minecraft:polished_andesite
-70,0,-88,alley,minecraft:polished_andesite
-69,0,-88,alley,minecraft:polished_andesite
-68,0,-88,alley,minecraft:polished_andesite
-37,0,-88,building_footprint,minecraft:orange_concrete
-36,0,-88,building_footprint,minecraft:orange_concrete
-35,0,-88,building_footprint,minecraft:orange_concrete
-34,0,-88,building_footprint,minecraft:orange_concrete
-33,0,-88,building_footprint,minecraft:orange_concrete
-32,0,-88,building_footprint,minecraft:orange_concrete
-31,0,-88,building_footprint,minecraft:orange_concrete
-30,0,-88,building_footprint,minecraft:orange_concrete
-29,0,-88,building_footprint,minecraft:orange_concrete
-28,0,-88,building_footprint,minecraft:orange_concrete
-27,0,-88,building_footprint,minecraft:orange_concrete
-26,0,-88,building_footprint,minecraft:orange_concrete
-25,0,-88,building_footprint,minecraft:orange_concrete
-24,0,-88,building_footprint,minecraft:orange_concrete
-23,0,-88,building_footprint,minecraft:orange_concrete
-22,0,-88,building_footprint,minecraft:orange_concrete
-21,0,-88,building_footprint,minecraft:orange_concrete
-20,0,-88,building_footprint,minecraft:orange_concrete
-19,0,-88,building_footprint,minecraft:orange_concrete
-18,0,-88,building_footprint,minecraft:orange_concrete
-17,0,-88,building_footprint,minecraft:orange_concrete
-16,0,-88,sidewalk,minecraft:smooth_stone
-15,0,-88,sidewalk,minecraft:smooth_stone
-14,0,-88,sidewalk,minecraft:smooth_stone
-13,0,-88,main_street,minecraft:black_concrete
-12,0,-88,main_street,minecraft:black_concrete
-11,0,-88,main_street,minecraft:black_concrete
-10,0,-88,main_street,minecraft:black_concrete
-9,0,-88,main_street,minecraft:black_concrete
-8,0,-88,main_street,minecraft:black_concrete
-7,0,-88,main_street,minecraft:black_concrete
-6,0,-88,main_street,minecraft:black_concrete
-5,0,-88,main_street,minecraft:black_concrete
-4,0,-88,main_street,minecraft:black_concrete
-3,0,-88,main_street,minecraft:black_concrete
-2,0,-88,main_street,minecraft:black_concrete
-1,0,-88,main_street,minecraft:black_concrete
0,0,-88,main_street,minecraft:black_concrete
1,0,-88,main_street,minecraft:black_concrete
2,0,-88,main_street,minecraft:black_concrete
3,0,-88,main_street,minecraft:black_concrete
4,0,-88,main_street,minecraft:black_concrete
5,0,-88,main_street,minecraft:black_concrete
6,0,-88,main_street,minecraft:black_concrete
7,0,-88,main_street,minecraft:black_concrete
8,0,-88,main_street,minecraft:black_concrete
9,0,-88,main_street,minecraft:black_concrete
10,0,-88,main_street,minecraft:black_concrete
11,0,-88,main_street,minecraft:black_concrete
12,0,-88,main_street,minecraft:black_concrete
13,0,-88,sidewalk,minecraft:smooth_stone
14,0,-88,sidewalk,minecraft:smooth_stone
15,0,-88,building_footprint,minecraft:orange_concrete
16,0,-88,building_footprint,minecraft:orange_concrete
17,0,-88,building_footprint,minecraft:orange_concrete
18,0,-88,building_footprint,minecraft:orange_concrete
19,0,-88,building_footprint,minecraft:orange_concrete
20,0,-88,building_footprint,minecraft:orange_concrete
21,0,-88,building_footprint,minecraft:orange_concrete
22,0,-88,building_footprint,minecraft:orange_concrete
23,0,-88,building_footprint,minecraft:orange_concrete
24,0,-88,building_footprint,minecraft:orange_concrete
25,0,-88,building_footprint,minecraft:orange_concrete
26,0,-88,building_footprint,minecraft:orange_concrete
27,0,-88,building_footprint,minecraft:orange_concrete
28,0,-88,building_footprint,minecraft:orange_concrete
29,0,-88,building_footprint,minecraft:orange_concrete
30,0,-88,building_footprint,minecraft:orange_concrete
31,0,-88,building_footprint,minecraft:orange_concrete
32,0,-88,building_footprint,minecraft:orange_concrete
33,0,-88,building_footprint,minecraft:orange_concrete
34,0,-88,building_footprint,minecraft:orange_concrete
35,0,-88,building_footprint,minecraft:orange_concrete
36,0,-88,building_footprint,minecraft:orange_concrete
37,0,-88,building_footprint,minecraft:orange_concrete
38,0,-88,building_footprint,minecraft:orange_concrete
39,0,-88,building_footprint,minecraft:orange_concrete
40,0,-88,building_footprint,minecraft:orange_concrete
41,0,-88,building_footprint,minecraft:orange_concrete
42,0,-88,building_footprint,minecraft:orange_concrete
43,0,-88,building_footprint,minecraft:orange_concrete
44,0,-88,building_footprint,minecraft:orange_concrete
45,0,-88,building_footprint,minecraft:orange_concrete
46,0,-88,building_footprint,minecraft:orange_concrete
47,0,-88,building_footprint,minecraft:orange_concrete
48,0,-88,building_footprint,minecraft:orange_concrete
49,0,-88,building_footprint,minecraft:orange_concrete
50,0,-88,building_footprint,minecraft:orange_concrete
51,0,-88,building_footprint,minecraft:orange_concrete
66,0,-88,alley,minecraft:polished_andesite
67,0,-88,alley,minecraft:polished_andesite
68,0,-88,alley,minecraft:polished_andesite
69,0,-88,alley,minecraft:polished_andesite
-71,0,-87,alley,minecraft:polished_andesite
-70,0,-87,alley,minecraft:polished_andesite
-69,0,-87,alley,minecraft:polished_andesite
-68,0,-87,alley,minecraft:polished_andesite
-56,0,-87,building_footprint,minecraft:orange_concrete
-55,0,-87,building_footprint,minecraft:orange_concrete
-54,0,-87,building_footprint,minecraft:orange_concrete
-53,0,-87,building_footprint,minecraft:orange_concrete
-52,0,-87,building_footprint,minecraft:orange_concrete
-51,0,-87,building_footprint,minecraft:orange_concrete
-50,0,-87,building_footprint,minecraft:orange_concrete
-49,0,-87,building_footprint,minecraft:orange_concrete
-37,0,-87,building_footprint,minecraft:orange_concrete
-36,0,-87,building_footprint,minecraft:orange_concrete
-35,0,-87,building_footprint,minecraft:orange_concrete
-34,0,-87,building_footprint,minecraft:orange_concrete
-33,0,-87,building_footprint,minecraft:orange_concrete
-32,0,-87,building_footprint,minecraft:orange_concrete
-31,0,-87,building_footprint,minecraft:orange_concrete
-30,0,-87,building_footprint,minecraft:orange_concrete
-29,0,-87,building_footprint,minecraft:orange_concrete
-28,0,-87,building_footprint,minecraft:orange_concrete
-27,0,-87,building_footprint,minecraft:orange_concrete
-26,0,-87,building_footprint,minecraft:orange_concrete
-25,0,-87,building_footprint,minecraft:orange_concrete
-24,0,-87,building_footprint,minecraft:orange_concrete
-23,0,-87,building_footprint,minecraft:orange_concrete
-22,0,-87,building_footprint,minecraft:orange_concrete
-21,0,-87,building_footprint,minecraft:orange_concrete
-20,0,-87,building_footprint,minecraft:orange_concrete
-19,0,-87,building_footprint,minecraft:orange_concrete
-18,0,-87,building_footprint,minecraft:orange_concrete
-17,0,-87,building_footprint,minecraft:orange_concrete
-16,0,-87,sidewalk,minecraft:smooth_stone
-15,0,-87,sidewalk,minecraft:smooth_stone
-14,0,-87,sidewalk,minecraft:smooth_stone
-13,0,-87,main_street,minecraft:black_concrete
-12,0,-87,main_street,minecraft:black_concrete
-11,0,-87,main_street,minecraft:black_concrete
-10,0,-87,main_street,minecraft:black_concrete
-9,0,-87,main_street,minecraft:black_concrete
-8,0,-87,main_street,minecraft:black_concrete
-7,0,-87,main_street,minecraft:black_concrete
-6,0,-87,main_street,minecraft:black_concrete
-5,0,-87,main_street,minecraft:black_concrete
-4,0,-87,main_street,minecraft:black_concrete
-3,0,-87,main_street,minecraft:black_concrete
-2,0,-87,main_street,minecraft:black_concrete
-1,0,-87,main_street,minecraft:black_concrete
0,0,-87,main_street,minecraft:black_concrete
1,0,-87,main_street,minecraft:black_concrete
2,0,-87,main_street,minecraft:black_concrete
3,0,-87,main_street,minecraft:black_concrete
4,0,-87,main_street,minecraft:black_concrete
5,0,-87,main_street,minecraft:black_concrete
6,0,-87,main_street,minecraft:black_concrete
7,0,-87,main_street,minecraft:black_concrete
8,0,-87,main_street,minecraft:black_concrete
9,0,-87,main_street,minecraft:black_concrete
10,0,-87,main_street,minecraft:black_concrete
11,0,-87,main_street,minecraft:black_concrete
12,0,-87,main_street,minecraft:black_concrete
13,0,-87,sidewalk,minecraft:smooth_stone
14,0,-87,sidewalk,minecraft:smooth_stone
15,0,-87,building_footprint,minecraft:orange_concrete
16,0,-87,building_footprint,minecraft:orange_concrete
17,0,-87,building_footprint,minecraft:orange_concrete
18,0,-87,building_footprint,minecraft:orange_concrete
19,0,-87,building_footprint,minecraft:orange_concrete
20,0,-87,building_footprint,minecraft:orange_concrete
21,0,-87,building_footprint,minecraft:orange_concrete
22,0,-87,building_footprint,minecraft:orange_concrete
23,0,-87,building_footprint,minecraft:orange_concrete
24,0,-87,building_footprint,minecraft:orange_concrete
25,0,-87,building_footprint,minecraft:orange_concrete
26,0,-87,building_footprint,minecraft:orange_concrete
27,0,-87,building_footprint,minecraft:orange_concrete
28,0,-87,building_footprint,minecraft:orange_concrete
29,0,-87,building_footprint,minecraft:orange_concrete
30,0,-87,building_footprint,minecraft:orange_concrete
31,0,-87,building_footprint,minecraft:orange_concrete
32,0,-87,building_footprint,minecraft:orange_concrete
33,0,-87,building_footprint,minecraft:orange_concrete
34,0,-87,building_footprint,minecraft:orange_concrete
35,0,-87,building_footprint,minecraft:orange_concrete
36,0,-87,building_footprint,minecraft:orange_concrete
37,0,-87,building_footprint,minecraft:orange_concrete
38,0,-87,building_footprint,minecraft:orange_concrete
39,0,-87,building_footprint,minecraft:orange_concrete
40,0,-87,building_footprint,minecraft:orange_concrete
41,0,-87,building_footprint,minecraft:orange_concrete
42,0,-87,building_footprint,minecraft:orange_concrete
43,0,-87,building_footprint,minecraft:orange_concrete
44,0,-87,building_footprint,minecraft:orange_concrete
45,0,-87,building_footprint,minecraft:orange_concrete
46,0,-87,building_footprint,minecraft:orange_concrete
47,0,-87,building_footprint,minecraft:orange_concrete
48,0,-87,building_footprint,minecraft:orange_concrete
49,0,-87,building_footprint,minecraft:orange_concrete
50,0,-87,building_footprint,minecraft:orange_concrete
51,0,-87,building_footprint,minecraft:orange_concrete
66,0,-87,alley,minecraft:polished_andesite
67,0,-87,alley,minecraft:polished_andesite
68,0,-87,alley,minecraft:polished_andesite
69,0,-87,alley,minecraft:polished_andesite
-71,0,-86,alley,minecraft:polished_andesite
-70,0,-86,alley,minecraft:polished_andesite
-69,0,-86,alley,minecraft:polished_andesite
-68,0,-86,alley,minecraft:polished_andesite
-56,0,-86,building_footprint,minecraft:orange_concrete
-55,0,-86,building_footprint,minecraft:orange_concrete
-54,0,-86,building_footprint,minecraft:orange_concrete
-53,0,-86,building_footprint,minecraft:orange_concrete
-52,0,-86,building_footprint,minecraft:orange_concrete
-51,0,-86,building_footprint,minecraft:orange_concrete
-50,0,-86,building_footprint,minecraft:orange_concrete
-49,0,-86,building_footprint,minecraft:orange_concrete
-37,0,-86,building_footprint,minecraft:orange_concrete
-36,0,-86,building_footprint,minecraft:orange_concrete
-35,0,-86,building_footprint,minecraft:orange_concrete
-34,0,-86,building_footprint,minecraft:orange_concrete
-33,0,-86,building_footprint,minecraft:orange_concrete
-32,0,-86,building_footprint,minecraft:orange_concrete
-31,0,-86,building_footprint,minecraft:orange_concrete
-30,0,-86,building_footprint,minecraft:orange_concrete
-29,0,-86,building_footprint,minecraft:orange_concrete
-28,0,-86,building_footprint,minecraft:orange_concrete
-27,0,-86,building_footprint,minecraft:orange_concrete
-26,0,-86,building_footprint,minecraft:orange_concrete
-25,0,-86,building_footprint,minecraft:orange_concrete
-24,0,-86,building_footprint,minecraft:orange_concrete
-23,0,-86,building_footprint,minecraft:orange_concrete
-22,0,-86,building_footprint,minecraft:orange_concrete
-21,0,-86,building_footprint,minecraft:orange_concrete
-20,0,-86,building_footprint,minecraft:orange_concrete
-19,0,-86,building_footprint,minecraft:orange_concrete
-18,0,-86,building_footprint,minecraft:orange_concrete
-17,0,-86,building_footprint,minecraft:orange_concrete
-16,0,-86,sidewalk,minecraft:smooth_stone
-15,0,-86,sidewalk,minecraft:smooth_stone
-14,0,-86,sidewalk,minecraft:smooth_stone
-13,0,-86,main_street,minecraft:black_concrete
-12,0,-86,main_street,minecraft:black_concrete
-11,0,-86,main_street,minecraft:black_concrete
-10,0,-86,main_street,minecraft:black_concrete
-9,0,-86,main_street,minecraft:black_concrete
-8,0,-86,main_street,minecraft:black_concrete
-7,0,-86,main_street,minecraft:black_concrete
-6,0,-86,main_street,minecraft:black_concrete
-5,0,-86,main_street,minecraft:black_concrete
-4,0,-86,main_street,minecraft:black_concrete
-3,0,-86,main_street,minecraft:black_concrete
-2,0,-86,main_street,minecraft:black_concrete
-1,0,-86,main_street,minecraft:black_concrete
0,0,-86,main_street,minecraft:black_concrete
1,0,-86,main_street,minecraft:black_concrete
2,0,-86,main_street,minecraft:black_concrete
3,0,-86,main_street,minecraft:black_concrete
4,0,-86,main_street,minecraft:black_concrete
5,0,-86,main_street,minecraft:black_concrete
6,0,-86,main_street,minecraft:black_concrete
7,0,-86,main_street,minecraft:black_concrete
8,0,-86,main_street,minecraft:black_concrete
9,0,-86,main_street,minecraft:black_concrete
10,0,-86,main_street,minecraft:black_concrete
11,0,-86,main_street,minecraft:black_concrete
12,0,-86,main_street,minecraft:black_concrete
13,0,-86,sidewalk,minecraft:smooth_stone
14,0,-86,sidewalk,minecraft:smooth_stone
15,0,-86,building_footprint,minecraft:orange_concrete
16,0,-86,building_footprint,minecraft:orange_concrete
17,0,-86,building_footprint,minecraft:orange_concrete
18,0,-86,building_footprint,minecraft:orange_concrete
19,0,-86,building_footprint,minecraft:orange_concrete
20,0,-86,building_footprint,minecraft:orange_concrete
21,0,-86,building_footprint,minecraft:orange_concrete
22,0,-86,building_footprint,minecraft:orange_concrete
23,0,-86,building_footprint,minecraft:orange_concrete
24,0,-86,building_footprint,minecraft:orange_concrete
25,0,-86,building_footprint,minecraft:orange_concrete
26,0,-86,building_footprint,minecraft:orange_concrete
27,0,-86,building_footprint,minecraft:orange_concrete
28,0,-86,building_footprint,minecraft:orange_concrete
29,0,-86,building_footprint,minecraft:orange_concrete
30,0,-86,building_footprint,minecraft:orange_concrete
31,0,-86,building_footprint,minecraft:orange_concrete
32,0,-86,building_footprint,minecraft:orange_concrete
33,0,-86,building_footprint,minecraft:orange_concrete
34,0,-86,building_footprint,minecraft:orange_concrete
35,0,-86,building_footprint,minecraft:orange_concrete
36,0,-86,building_footprint,minecraft:orange_concrete
37,0,-86,building_footprint,minecraft:orange_concrete
38,0,-86,building_footprint,minecraft:orange_concrete
39,0,-86,building_footprint,minecraft:orange_concrete
40,0,-86,building_footprint,minecraft:orange_concrete
41,0,-86,building_footprint,minecraft:orange_concrete
42,0,-86,building_footprint,minecraft:orange_concrete
43,0,-86,building_footprint,minecraft:orange_concrete
44,0,-86,building_footprint,minecraft:orange_concrete
45,0,-86,building_footprint,minecraft:orange_concrete
46,0,-86,building_footprint,minecraft:orange_concrete
47,0,-86,building_footprint,minecraft:orange_concrete
48,0,-86,building_footprint,minecraft:orange_concrete
49,0,-86,building_footprint,minecraft:orange_concrete
50,0,-86,building_footprint,minecraft:orange_concrete
51,0,-86,building_footprint,minecraft:orange_concrete
66,0,-86,alley,minecraft:polished_andesite
67,0,-86,alley,minecraft:polished_andesite
68,0,-86,alley,minecraft:polished_andesite
69,0,-86,alley,minecraft:polished_andesite
-71,0,-85,alley,minecraft:polished_andesite
-70,0,-85,alley,minecraft:polished_andesite
-69,0,-85,alley,minecraft:polished_andesite
-68,0,-85,alley,minecraft:polished_andesite
-56,0,-85,building_footprint,minecraft:orange_concrete
-55,0,-85,building_footprint,minecraft:orange_concrete
-54,0,-85,building_footprint,minecraft:orange_concrete
-53,0,-85,building_footprint,minecraft:orange_concrete
-52,0,-85,building_footprint,minecraft:orange_concrete
-51,0,-85,building_footprint,minecraft:orange_concrete
-50,0,-85,building_footprint,minecraft:orange_concrete
-49,0,-85,building_footprint,minecraft:orange_concrete
-37,0,-85,building_footprint,minecraft:orange_concrete
-36,0,-85,building_footprint,minecraft:orange_concrete
-35,0,-85,building_footprint,minecraft:orange_concrete
-34,0,-85,building_footprint,minecraft:orange_concrete
-33,0,-85,building_footprint,minecraft:orange_concrete
-32,0,-85,building_footprint,minecraft:orange_concrete
-31,0,-85,building_footprint,minecraft:orange_concrete
-30,0,-85,building_footprint,minecraft:orange_concrete
-29,0,-85,building_footprint,minecraft:orange_concrete
-28,0,-85,building_footprint,minecraft:orange_concrete
-27,0,-85,building_footprint,minecraft:orange_concrete
-26,0,-85,building_footprint,minecraft:orange_concrete
-25,0,-85,building_footprint,minecraft:orange_concrete
-24,0,-85,building_footprint,minecraft:orange_concrete
-23,0,-85,building_footprint,minecraft:orange_concrete
-22,0,-85,building_footprint,minecraft:orange_concrete
-21,0,-85,building_footprint,minecraft:orange_concrete
-20,0,-85,building_footprint,minecraft:orange_concrete
-19,0,-85,building_footprint,minecraft:orange_concrete
-18,0,-85,building_footprint,minecraft:orange_concrete
-17,0,-85,building_footprint,minecraft:orange_concrete
-16,0,-85,sidewalk,minecraft:smooth_stone
-15,0,-85,sidewalk,minecraft:smooth_stone
-14,0,-85,sidewalk,minecraft:smooth_stone
-13,0,-85,main_street,minecraft:black_concrete
-12,0,-85,main_street,minecraft:black_concrete
-11,0,-85,main_street,minecraft:black_concrete
-10,0,-85,main_street,minecraft:black_concrete
-9,0,-85,main_street,minecraft:black_concrete
-8,0,-85,main_street,minecraft:black_concrete
-7,0,-85,main_street,minecraft:black_concrete
-6,0,-85,main_street,minecraft:black_concrete
-5,0,-85,main_street,minecraft:black_concrete
-4,0,-85,main_street,minecraft:black_concrete
-3,0,-85,main_street,minecraft:black_concrete
-2,0,-85,main_street,minecraft:black_concrete
-1,0,-85,main_street,minecraft:black_concrete
0,0,-85,main_street,minecraft:black_concrete
1,0,-85,main_street,minecraft:black_concrete
2,0,-85,main_street,minecraft:black_concrete
3,0,-85,main_street,minecraft:black_concrete
4,0,-85,main_street,minecraft:black_concrete
5,0,-85,main_street,minecraft:black_concrete
6,0,-85,main_street,minecraft:black_concrete
7,0,-85,main_street,minecraft:black_concrete
8,0,-85,main_street,minecraft:black_concrete
9,0,-85,main_street,minecraft:black_concrete
10,0,-85,main_street,minecraft:black_concrete
11,0,-85,main_street,minecraft:black_concrete
12,0,-85,main_street,minecraft:black_concrete
13,0,-85,sidewalk,minecraft:smooth_stone
14,0,-85,sidewalk,minecraft:smooth_stone
15,0,-85,building_footprint,minecraft:orange_concrete
16,0,-85,building_footprint,minecraft:orange_concrete
17,0,-85,building_footprint,minecraft:orange_concrete
18,0,-85,building_footprint,minecraft:orange_concrete
19,0,-85,building_footprint,minecraft:orange_concrete
20,0,-85,building_footprint,minecraft:orange_concrete
21,0,-85,building_footprint,minecraft:orange_concrete
22,0,-85,building_footprint,minecraft:orange_concrete
23,0,-85,building_footprint,minecraft:orange_concrete
24,0,-85,building_footprint,minecraft:orange_concrete
25,0,-85,building_footprint,minecraft:orange_concrete
26,0,-85,building_footprint,minecraft:orange_concrete
27,0,-85,building_footprint,minecraft:orange_concrete
28,0,-85,building_footprint,minecraft:orange_concrete
29,0,-85,building_footprint,minecraft:orange_concrete
30,0,-85,building_footprint,minecraft:orange_concrete
31,0,-85,building_footprint,minecraft:orange_concrete
32,0,-85,building_footprint,minecraft:orange_concrete
33,0,-85,building_footprint,minecraft:orange_concrete
34,0,-85,building_footprint,minecraft:orange_concrete
35,0,-85,building_footprint,minecraft:orange_concrete
36,0,-85,building_footprint,minecraft:orange_concrete
37,0,-85,building_footprint,minecraft:orange_concrete
38,0,-85,building_footprint,minecraft:orange_concrete
39,0,-85,building_footprint,minecraft:orange_concrete
40,0,-85,building_footprint,minecraft:orange_concrete
41,0,-85,building_footprint,minecraft:orange_concrete
42,0,-85,building_footprint,minecraft:orange_concrete
43,0,-85,building_footprint,minecraft:orange_concrete
44,0,-85,building_footprint,minecraft:orange_concrete
45,0,-85,building_footprint,minecraft:orange_concrete
46,0,-85,building_footprint,minecraft:orange_concrete
47,0,-85,building_footprint,minecraft:orange_concrete
48,0,-85,building_footprint,minecraft:orange_concrete
49,0,-85,building_footprint,minecraft:orange_concrete
50,0,-85,building_footprint,minecraft:orange_concrete
51,0,-85,building_footprint,minecraft:orange_concrete
66,0,-85,alley,minecraft:polished_andesite
67,0,-85,alley,minecraft:polished_andesite
68,0,-85,alley,minecraft:polished_andesite
69,0,-85,alley,minecraft:polished_andesite
-71,0,-84,alley,minecraft:polished_andesite
-70,0,-84,alley,minecraft:polished_andesite
-69,0,-84,alley,minecraft:polished_andesite
-68,0,-84,alley,minecraft:polished_andesite
-56,0,-84,building_footprint,minecraft:orange_concrete
-55,0,-84,building_footprint,minecraft:orange_concrete
-54,0,-84,building_footprint,minecraft:orange_concrete
-53,0,-84,building_footprint,minecraft:orange_concrete
-52,0,-84,building_footprint,minecraft:orange_concrete
-51,0,-84,building_footprint,minecraft:orange_concrete
-50,0,-84,building_footprint,minecraft:orange_concrete
-49,0,-84,building_footprint,minecraft:orange_concrete
-37,0,-84,building_footprint,minecraft:orange_concrete
-36,0,-84,building_footprint,minecraft:orange_concrete
-35,0,-84,building_footprint,minecraft:orange_concrete
-34,0,-84,building_footprint,minecraft:orange_concrete
-33,0,-84,building_footprint,minecraft:orange_concrete
-32,0,-84,building_footprint,minecraft:orange_concrete
-31,0,-84,building_footprint,minecraft:orange_concrete
-30,0,-84,building_footprint,minecraft:orange_concrete
-29,0,-84,building_footprint,minecraft:orange_concrete
-28,0,-84,building_footprint,minecraft:orange_concrete
-27,0,-84,building_footprint,minecraft:orange_concrete
-26,0,-84,building_footprint,minecraft:orange_concrete
-25,0,-84,building_footprint,minecraft:orange_concrete
-24,0,-84,building_footprint,minecraft:orange_concrete
-23,0,-84,building_footprint,minecraft:orange_concrete
-22,0,-84,building_footprint,minecraft:orange_concrete
-21,0,-84,building_footprint,minecraft:orange_concrete
-20,0,-84,building_footprint,minecraft:orange_concrete
-19,0,-84,building_footprint,minecraft:orange_concrete
-18,0,-84,building_footprint,minecraft:orange_concrete
-17,0,-84,building_footprint,minecraft:orange_concrete
-16,0,-84,sidewalk,minecraft:smooth_stone
-15,0,-84,sidewalk,minecraft:smooth_stone
-14,0,-84,sidewalk,minecraft:smooth_stone
-13,0,-84,main_street,minecraft:black_concrete
-12,0,-84,main_street,minecraft:black_concrete
-11,0,-84,main_street,minecraft:black_concrete
-10,0,-84,main_street,minecraft:black_concrete
-9,0,-84,main_street,minecraft:black_concrete
-8,0,-84,main_street,minecraft:black_concrete
-7,0,-84,main_street,minecraft:black_concrete
-6,0,-84,main_street,minecraft:black_concrete
-5,0,-84,main_street,minecraft:black_concrete
-4,0,-84,main_street,minecraft:black_concrete
-3,0,-84,main_street,minecraft:black_concrete
-2,0,-84,main_street,minecraft:black_concrete
-1,0,-84,main_street,minecraft:black_concrete
0,0,-84,main_street,minecraft:black_concrete
1,0,-84,main_street,minecraft:black_concrete
2,0,-84,main_street,minecraft:black_concrete
3,0,-84,main_street,minecraft:black_concrete
4,0,-84,main_street,minecraft:black_concrete
5,0,-84,main_street,minecraft:black_concrete
6,0,-84,main_street,minecraft:black_concrete
7,0,-84,main_street,minecraft:black_concrete
8,0,-84,main_street,minecraft:black_concrete
9,0,-84,main_street,minecraft:black_concrete
10,0,-84,main_street,minecraft:black_concrete
11,0,-84,main_street,minecraft:black_concrete
12,0,-84,main_street,minecraft:black_concrete
13,0,-84,sidewalk,minecraft:smooth_stone
14,0,-84,sidewalk,minecraft:smooth_stone
15,0,-84,building_footprint,minecraft:orange_concrete
16,0,-84,building_footprint,minecraft:orange_concrete
17,0,-84,building_footprint,minecraft:orange_concrete
18,0,-84,building_footprint,minecraft:orange_concrete
19,0,-84,building_footprint,minecraft:orange_concrete
20,0,-84,building_footprint,minecraft:orange_concrete
21,0,-84,building_footprint,minecraft:orange_concrete
22,0,-84,building_footprint,minecraft:orange_concrete
23,0,-84,building_footprint,minecraft:orange_concrete
24,0,-84,building_footprint,minecraft:orange_concrete
25,0,-84,building_footprint,minecraft:orange_concrete
26,0,-84,building_footprint,minecraft:orange_concrete
27,0,-84,building_footprint,minecraft:orange_concrete
28,0,-84,building_footprint,minecraft:orange_concrete
29,0,-84,building_footprint,minecraft:orange_concrete
30,0,-84,building_footprint,minecraft:orange_concrete
31,0,-84,building_footprint,minecraft:orange_concrete
32,0,-84,building_footprint,minecraft:orange_concrete
33,0,-84,building_footprint,minecraft:orange_concrete
34,0,-84,building_footprint,minecraft:orange_concrete
35,0,-84,building_footprint,minecraft:orange_concrete
36,0,-84,building_footprint,minecraft:orange_concrete
37,0,-84,building_footprint,minecraft:orange_concrete
38,0,-84,building_footprint,minecraft:orange_concrete
39,0,-84,building_footprint,minecraft:orange_concrete
40,0,-84,building_footprint,minecraft:orange_concrete
41,0,-84,building_footprint,minecraft:orange_concrete
42,0,-84,building_footprint,minecraft:orange_concrete
43,0,-84,building_footprint,minecraft:orange_concrete
44,0,-84,building_footprint,minecraft:orange_concrete
45,0,-84,building_footprint,minecraft:orange_concrete
46,0,-84,building_footprint,minecraft:orange_concrete
47,0,-84,building_footprint,minecraft:orange_concrete
48,0,-84,building_footprint,minecraft:orange_concrete
49,0,-84,building_footprint,minecraft:orange_concrete
50,0,-84,building_footprint,minecraft:orange_concrete
51,0,-84,building_footprint,minecraft:orange_concrete
66,0,-84,alley,minecraft:polished_andesite
67,0,-84,alley,minecraft:polished_andesite
68,0,-84,alley,minecraft:polished_andesite
69,0,-84,alley,minecraft:polished_andesite
-71,0,-83,alley,minecraft:polished_andesite
-70,0,-83,alley,minecraft:polished_andesite
-69,0,-83,alley,minecraft:polished_andesite
-68,0,-83,alley,minecraft:polished_andesite
-56,0,-83,building_footprint,minecraft:orange_concrete
-55,0,-83,building_footprint,minecraft:orange_concrete
-54,0,-83,building_footprint,minecraft:orange_concrete
-53,0,-83,building_footprint,minecraft:orange_concrete
-52,0,-83,building_footprint,minecraft:orange_concrete
-51,0,-83,building_footprint,minecraft:orange_concrete
-50,0,-83,building_footprint,minecraft:orange_concrete
-49,0,-83,building_footprint,minecraft:orange_concrete
-37,0,-83,building_footprint,minecraft:orange_concrete
-36,0,-83,building_footprint,minecraft:orange_concrete
-35,0,-83,building_footprint,minecraft:orange_concrete
-34,0,-83,building_footprint,minecraft:orange_concrete
-33,0,-83,building_footprint,minecraft:orange_concrete
-32,0,-83,building_footprint,minecraft:orange_concrete
-31,0,-83,building_footprint,minecraft:orange_concrete
-30,0,-83,building_footprint,minecraft:orange_concrete
-29,0,-83,building_footprint,minecraft:orange_concrete
-28,0,-83,building_footprint,minecraft:orange_concrete
-27,0,-83,building_footprint,minecraft:orange_concrete
-26,0,-83,building_footprint,minecraft:orange_concrete
-25,0,-83,building_footprint,minecraft:orange_concrete
-24,0,-83,building_footprint,minecraft:orange_concrete
-23,0,-83,building_footprint,minecraft:orange_concrete
-22,0,-83,building_footprint,minecraft:orange_concrete
-21,0,-83,building_footprint,minecraft:orange_concrete
-20,0,-83,building_footprint,minecraft:orange_concrete
-19,0,-83,building_footprint,minecraft:orange_concrete
-18,0,-83,building_footprint,minecraft:orange_concrete
-17,0,-83,building_footprint,minecraft:orange_concrete
-16,0,-83,sidewalk,minecraft:smooth_stone
-15,0,-83,sidewalk,minecraft:smooth_stone
-14,0,-83,sidewalk,minecraft:smooth_stone
-13,0,-83,main_street,minecraft:black_concrete
-12,0,-83,main_street,minecraft:black_concrete
-11,0,-83,main_street,minecraft:black_concrete
-10,0,-83,main_street,minecraft:black_concrete
-9,0,-83,main_street,minecraft:black_concrete
-8,0,-83,main_street,minecraft:black_concrete
-7,0,-83,main_street,minecraft:black_concrete
-6,0,-83,main_street,minecraft:black_concrete
-5,0,-83,main_street,minecraft:black_concrete
-4,0,-83,main_street,minecraft:black_concrete
-3,0,-83,main_street,minecraft:black_concrete
-2,0,-83,main_street,minecraft:black_concrete
-1,0,-83,main_street,minecraft:black_concrete
0,0,-83,main_street,minecraft:black_concrete
1,0,-83,main_street,minecraft:black_concrete
2,0,-83,main_street,minecraft:black_concrete
3,0,-83,main_street,minecraft:black_concrete
4,0,-83,main_street,minecraft:black_concrete
5,0,-83,main_street,minecraft:black_concrete
6,0,-83,main_street,minecraft:black_concrete
7,0,-83,main_street,minecraft:black_concrete
8,0,-83,main_street,minecraft:black_concrete
9,0,-83,main_street,minecraft:black_concrete
10,0,-83,main_street,minecraft:black_concrete
11,0,-83,main_street,minecraft:black_concrete
12,0,-83,main_street,minecraft:black_concrete
13,0,-83,sidewalk,minecraft:smooth_stone
14,0,-83,sidewalk,minecraft:smooth_stone
15,0,-83,building_footprint,minecraft:orange_concrete
16,0,-83,building_footprint,minecraft:orange_concrete
17,0,-83,building_footprint,minecraft:orange_concrete
18,0,-83,building_footprint,minecraft:orange_concrete
19,0,-83,building_footprint,minecraft:orange_concrete
20,0,-83,building_footprint,minecraft:orange_concrete
21,0,-83,building_footprint,minecraft:orange_concrete
22,0,-83,building_footprint,minecraft:orange_concrete
23,0,-83,building_footprint,minecraft:orange_concrete
24,0,-83,building_footprint,minecraft:orange_concrete
25,0,-83,building_footprint,minecraft:orange_concrete
26,0,-83,building_footprint,minecraft:orange_concrete
27,0,-83,building_footprint,minecraft:orange_concrete
28,0,-83,building_footprint,minecraft:orange_concrete
29,0,-83,building_footprint,minecraft:orange_concrete
30,0,-83,building_footprint,minecraft:orange_concrete
31,0,-83,building_footprint,minecraft:orange_concrete
32,0,-83,building_footprint,minecraft:orange_concrete
33,0,-83,building_footprint,minecraft:orange_concrete
34,0,-83,building_footprint,minecraft:orange_concrete
35,0,-83,building_footprint,minecraft:orange_concrete
36,0,-83,building_footprint,minecraft:orange_concrete
37,0,-83,building_footprint,minecraft:orange_concrete
38,0,-83,building_footprint,minecraft:orange_concrete
39,0,-83,building_footprint,minecraft:orange_concrete
40,0,-83,building_footprint,minecraft:orange_concrete
41,0,-83,building_footprint,minecraft:orange_concrete
42,0,-83,building_footprint,minecraft:orange_concrete
43,0,-83,building_footprint,minecraft:orange_concrete
44,0,-83,building_footprint,minecraft:orange_concrete
45,0,-83,building_footprint,minecraft:orange_concrete
46,0,-83,building_footprint,minecraft:orange_concrete
47,0,-83,building_footprint,minecraft:orange_concrete
48,0,-83,building_footprint,minecraft:orange_concrete
49,0,-83,building_footprint,minecraft:orange_concrete
50,0,-83,building_footprint,minecraft:orange_concrete
51,0,-83,building_footprint,minecraft:orange_concrete
66,0,-83,alley,minecraft:polished_andesite
67,0,-83,alley,minecraft:polished_andesite
68,0,-83,alley,minecraft:polished_andesite
69,0,-83,alley,minecraft:polished_andesite
-71,0,-82,alley,minecraft:polished_andesite
-70,0,-82,alley,minecraft:polished_andesite
-69,0,-82,alley,minecraft:polished_andesite
-68,0,-82,alley,minecraft:polished_andesite
-61,0,-82,building_footprint,minecraft:orange_concrete
-60,0,-82,building_footprint,minecraft:orange_concrete
-59,0,-82,building_footprint,minecraft:orange_concrete
-58,0,-82,building_footprint,minecraft:orange_concrete
-57,0,-82,building_footprint,minecraft:orange_concrete
-56,0,-82,building_footprint,minecraft:orange_concrete
-55,0,-82,building_footprint,minecraft:orange_concrete
-54,0,-82,building_footprint,minecraft:orange_concrete
-53,0,-82,building_footprint,minecraft:orange_concrete
-52,0,-82,building_footprint,minecraft:orange_concrete
-51,0,-82,building_footprint,minecraft:orange_concrete
-50,0,-82,building_footprint,minecraft:orange_concrete
-49,0,-82,building_footprint,minecraft:orange_concrete
-48,0,-82,building_footprint,minecraft:orange_concrete
-47,0,-82,building_footprint,minecraft:orange_concrete
-46,0,-82,building_footprint,minecraft:orange_concrete
-45,0,-82,building_footprint,minecraft:orange_concrete
-44,0,-82,building_footprint,minecraft:orange_concrete
-43,0,-82,building_footprint,minecraft:orange_concrete
-42,0,-82,building_footprint,minecraft:orange_concrete
-41,0,-82,building_footprint,minecraft:orange_concrete
-40,0,-82,building_footprint,minecraft:orange_concrete
-39,0,-82,building_footprint,minecraft:orange_concrete
-38,0,-82,building_footprint,minecraft:orange_concrete
-37,0,-82,building_footprint,minecraft:orange_concrete
-36,0,-82,building_footprint,minecraft:orange_concrete
-35,0,-82,building_footprint,minecraft:orange_concrete
-34,0,-82,building_footprint,minecraft:orange_concrete
-33,0,-82,building_footprint,minecraft:orange_concrete
-32,0,-82,building_footprint,minecraft:orange_concrete
-31,0,-82,building_footprint,minecraft:orange_concrete
-30,0,-82,building_footprint,minecraft:orange_concrete
-29,0,-82,building_footprint,minecraft:orange_concrete
-28,0,-82,building_footprint,minecraft:orange_concrete
-27,0,-82,building_footprint,minecraft:orange_concrete
-26,0,-82,building_footprint,minecraft:orange_concrete
-25,0,-82,building_footprint,minecraft:orange_concrete
-24,0,-82,building_footprint,minecraft:orange_concrete
-23,0,-82,building_footprint,minecraft:orange_concrete
-22,0,-82,building_footprint,minecraft:orange_concrete
-21,0,-82,building_footprint,minecraft:orange_concrete
-20,0,-82,building_footprint,minecraft:orange_concrete
-19,0,-82,building_footprint,minecraft:orange_concrete
-18,0,-82,building_footprint,minecraft:orange_concrete
-17,0,-82,building_footprint,minecraft:orange_concrete
-16,0,-82,sidewalk,minecraft:smooth_stone
-15,0,-82,sidewalk,minecraft:smooth_stone
-14,0,-82,sidewalk,minecraft:smooth_stone
-13,0,-82,main_street,minecraft:black_concrete
-12,0,-82,main_street,minecraft:black_concrete
-11,0,-82,main_street,minecraft:black_concrete
-10,0,-82,main_street,minecraft:black_concrete
-9,0,-82,main_street,minecraft:black_concrete
-8,0,-82,main_street,minecraft:black_concrete
-7,0,-82,main_street,minecraft:black_concrete
-6,0,-82,main_street,minecraft:black_concrete
-5,0,-82,main_street,minecraft:black_concrete
-4,0,-82,main_street,minecraft:black_concrete
-3,0,-82,main_street,minecraft:black_concrete
-2,0,-82,main_street,minecraft:black_concrete
-1,0,-82,main_street,minecraft:black_concrete
0,0,-82,main_street,minecraft:black_concrete
1,0,-82,main_street,minecraft:black_concrete
2,0,-82,main_street,minecraft:black_concrete
3,0,-82,main_street,minecraft:black_concrete
4,0,-82,main_street,minecraft:black_concrete
5,0,-82,main_street,minecraft:black_concrete
6,0,-82,main_street,minecraft:black_concrete
7,0,-82,main_street,minecraft:black_concrete
8,0,-82,main_street,minecraft:black_concrete
9,0,-82,main_street,minecraft:black_concrete
10,0,-82,main_street,minecraft:black_concrete
11,0,-82,main_street,minecraft:black_concrete
12,0,-82,main_street,minecraft:black_concrete
13,0,-82,sidewalk,minecraft:smooth_stone
14,0,-82,sidewalk,minecraft:smooth_stone
15,0,-82,building_footprint,minecraft:orange_concrete
16,0,-82,building_footprint,minecraft:orange_concrete
17,0,-82,building_footprint,minecraft:orange_concrete
18,0,-82,building_footprint,minecraft:orange_concrete
19,0,-82,building_footprint,minecraft:orange_concrete
20,0,-82,building_footprint,minecraft:orange_concrete
21,0,-82,building_footprint,minecraft:orange_concrete
22,0,-82,building_footprint,minecraft:orange_concrete
23,0,-82,building_footprint,minecraft:orange_concrete
24,0,-82,building_footprint,minecraft:orange_concrete
25,0,-82,building_footprint,minecraft:orange_concrete
26,0,-82,building_footprint,minecraft:orange_concrete
27,0,-82,building_footprint,minecraft:orange_concrete
28,0,-82,building_footprint,minecraft:orange_concrete
29,0,-82,building_footprint,minecraft:orange_concrete
30,0,-82,building_footprint,minecraft:orange_concrete
31,0,-82,building_footprint,minecraft:orange_concrete
32,0,-82,building_footprint,minecraft:orange_concrete
33,0,-82,building_footprint,minecraft:orange_concrete
34,0,-82,building_footprint,minecraft:orange_concrete
35,0,-82,building_footprint,minecraft:orange_concrete
36,0,-82,building_footprint,minecraft:orange_concrete
37,0,-82,building_footprint,minecraft:orange_concrete
38,0,-82,building_footprint,minecraft:orange_concrete
39,0,-82,building_footprint,minecraft:orange_concrete
40,0,-82,building_footprint,minecraft:orange_concrete
41,0,-82,building_footprint,minecraft:orange_concrete
42,0,-82,building_footprint,minecraft:orange_concrete
43,0,-82,building_footprint,minecraft:orange_concrete
44,0,-82,building_footprint,minecraft:orange_concrete
45,0,-82,building_footprint,minecraft:orange_concrete
46,0,-82,building_footprint,minecraft:orange_concrete
47,0,-82,building_footprint,minecraft:orange_concrete
48,0,-82,building_footprint,minecraft:orange_concrete
49,0,-82,building_footprint,minecraft:orange_concrete
50,0,-82,building_footprint,minecraft:orange_concrete
51,0,-82,building_footprint,minecraft:orange_concrete
52,0,-82,building_footprint,minecraft:orange_concrete
53,0,-82,building_footprint,minecraft:orange_concrete
54,0,-82,building_footprint,minecraft:orange_concrete
55,0,-82,building_footprint,minecraft:orange_concrete
56,0,-82,building_footprint,minecraft:orange_concrete
57,0,-82,building_footprint,minecraft:orange_concrete
58,0,-82,building_footprint,minecraft:orange_concrete
59,0,-82,building_footprint,minecraft:orange_concrete
66,0,-82,alley,minecraft:polished_andesite
67,0,-82,alley,minecraft:polished_andesite
68,0,-82,alley,minecraft:polished_andesite
69,0,-82,alley,minecraft:polished_andesite
-71,0,-81,alley,minecraft:polished_andesite
-70,0,-81,alley,minecraft:polished_andesite
-69,0,-81,alley,minecraft:polished_andesite
-68,0,-81,alley,minecraft:polished_andesite
-61,0,-81,building_footprint,minecraft:orange_concrete
-60,0,-81,building_footprint,minecraft:orange_concrete
-59,0,-81,building_footprint,minecraft:orange_concrete
-58,0,-81,building_footprint,minecraft:orange_concrete
-57,0,-81,building_footprint,minecraft:orange_concrete
-56,0,-81,building_footprint,minecraft:orange_concrete
-55,0,-81,building_footprint,minecraft:orange_concrete
-54,0,-81,building_footprint,minecraft:orange_concrete
-53,0,-81,building_footprint,minecraft:orange_concrete
-52,0,-81,building_footprint,minecraft:orange_concrete
-51,0,-81,building_footprint,minecraft:orange_concrete
-50,0,-81,building_footprint,minecraft:orange_concrete
-49,0,-81,building_footprint,minecraft:orange_concrete
-48,0,-81,building_footprint,minecraft:orange_concrete
-47,0,-81,building_footprint,minecraft:orange_concrete
-46,0,-81,building_footprint,minecraft:orange_concrete
-45,0,-81,building_footprint,minecraft:orange_concrete
-44,0,-81,building_footprint,minecraft:orange_concrete
-43,0,-81,building_footprint,minecraft:orange_concrete
-42,0,-81,building_footprint,minecraft:orange_concrete
-41,0,-81,building_footprint,minecraft:orange_concrete
-40,0,-81,building_footprint,minecraft:orange_concrete
-39,0,-81,building_footprint,minecraft:orange_concrete
-38,0,-81,building_footprint,minecraft:orange_concrete
-37,0,-81,building_footprint,minecraft:orange_concrete
-36,0,-81,building_footprint,minecraft:orange_concrete
-35,0,-81,building_footprint,minecraft:orange_concrete
-34,0,-81,building_footprint,minecraft:orange_concrete
-33,0,-81,building_footprint,minecraft:orange_concrete
-32,0,-81,building_footprint,minecraft:orange_concrete
-31,0,-81,building_footprint,minecraft:orange_concrete
-30,0,-81,building_footprint,minecraft:orange_concrete
-29,0,-81,building_footprint,minecraft:orange_concrete
-28,0,-81,building_footprint,minecraft:orange_concrete
-27,0,-81,building_footprint,minecraft:orange_concrete
-26,0,-81,building_footprint,minecraft:orange_concrete
-25,0,-81,building_footprint,minecraft:orange_concrete
-24,0,-81,building_footprint,minecraft:orange_concrete
-23,0,-81,building_footprint,minecraft:orange_concrete
-22,0,-81,building_footprint,minecraft:orange_concrete
-21,0,-81,building_footprint,minecraft:orange_concrete
-20,0,-81,building_footprint,minecraft:orange_concrete
-19,0,-81,building_footprint,minecraft:orange_concrete
-18,0,-81,building_footprint,minecraft:orange_concrete
-17,0,-81,building_footprint,minecraft:orange_concrete
-16,0,-81,sidewalk,minecraft:smooth_stone
-15,0,-81,sidewalk,minecraft:smooth_stone
-14,0,-81,sidewalk,minecraft:smooth_stone
-13,0,-81,main_street,minecraft:black_concrete
-12,0,-81,main_street,minecraft:black_concrete
-11,0,-81,main_street,minecraft:black_concrete
-10,0,-81,main_street,minecraft:black_concrete
-9,0,-81,main_street,minecraft:black_concrete
-8,0,-81,main_street,minecraft:black_concrete
-7,0,-81,main_street,minecraft:black_concrete
-6,0,-81,main_street,minecraft:black_concrete
-5,0,-81,main_street,minecraft:black_concrete
-4,0,-81,main_street,minecraft:black_concrete
-3,0,-81,main_street,minecraft:black_concrete
-2,0,-81,main_street,minecraft:black_concrete
-1,0,-81,main_street,minecraft:black_concrete
0,0,-81,main_street,minecraft:black_concrete
1,0,-81,main_street,minecraft:black_concrete
2,0,-81,main_street,minecraft:black_concrete
3,0,-81,main_street,minecraft:black_concrete
4,0,-81,main_street,minecraft:black_concrete
5,0,-81,main_street,minecraft:black_concrete
6,0,-81,main_street,minecraft:black_concrete
7,0,-81,main_street,minecraft:black_concrete
8,0,-81,main_street,minecraft:black_concrete
9,0,-81,main_street,minecraft:black_concrete
10,0,-81,main_street,minecraft:black_concrete
11,0,-81,main_street,minecraft:black_concrete
12,0,-81,main_street,minecraft:black_concrete
13,0,-81,sidewalk,minecraft:smooth_stone
14,0,-81,sidewalk,minecraft:smooth_stone
15,0,-81,building_footprint,minecraft:orange_concrete
16,0,-81,building_footprint,minecraft:orange_concrete
17,0,-81,building_footprint,minecraft:orange_concrete
18,0,-81,building_footprint,minecraft:orange_concrete
19,0,-81,building_footprint,minecraft:orange_concrete
20,0,-81,building_footprint,minecraft:orange_concrete
21,0,-81,building_footprint,minecraft:orange_concrete
22,0,-81,building_footprint,minecraft:orange_concrete
23,0,-81,building_footprint,minecraft:orange_concrete
24,0,-81,building_footprint,minecraft:orange_concrete
25,0,-81,building_footprint,minecraft:orange_concrete
26,0,-81,building_footprint,minecraft:orange_concrete
27,0,-81,building_footprint,minecraft:orange_concrete
28,0,-81,building_footprint,minecraft:orange_concrete
29,0,-81,building_footprint,minecraft:orange_concrete
30,0,-81,building_footprint,minecraft:orange_concrete
31,0,-81,building_footprint,minecraft:orange_concrete
32,0,-81,building_footprint,minecraft:orange_concrete
33,0,-81,building_footprint,minecraft:orange_concrete
34,0,-81,building_footprint,minecraft:orange_concrete
35,0,-81,building_footprint,minecraft:orange_concrete
36,0,-81,building_footprint,minecraft:orange_concrete
37,0,-81,building_footprint,minecraft:orange_concrete
38,0,-81,building_footprint,minecraft:orange_concrete
39,0,-81,building_footprint,minecraft:orange_concrete
40,0,-81,building_footprint,minecraft:orange_concrete
41,0,-81,building_footprint,minecraft:orange_concrete
42,0,-81,building_footprint,minecraft:orange_concrete
43,0,-81,building_footprint,minecraft:orange_concrete
44,0,-81,building_footprint,minecraft:orange_concrete
45,0,-81,building_footprint,minecraft:orange_concrete
46,0,-81,building_footprint,minecraft:orange_concrete
47,0,-81,building_footprint,minecraft:orange_concrete
48,0,-81,building_footprint,minecraft:orange_concrete
49,0,-81,building_footprint,minecraft:orange_concrete
50,0,-81,building_footprint,minecraft:orange_concrete
51,0,-81,building_footprint,minecraft:orange_concrete
52,0,-81,building_footprint,minecraft:orange_concrete
53,0,-81,building_footprint,minecraft:orange_concrete
54,0,-81,building_footprint,minecraft:orange_concrete
55,0,-81,building_footprint,minecraft:orange_concrete
56,0,-81,building_footprint,minecraft:orange_concrete
57,0,-81,building_footprint,minecraft:orange_concrete
58,0,-81,building_footprint,minecraft:orange_concrete
59,0,-81,building_footprint,minecraft:orange_concrete
66,0,-81,alley,minecraft:polished_andesite
67,0,-81,alley,minecraft:polished_andesite
68,0,-81,alley,minecraft:polished_andesite
69,0,-81,alley,minecraft:polished_andesite
-71,0,-80,alley,minecraft:polished_andesite
-70,0,-80,alley,minecraft:polished_andesite
-69,0,-80,alley,minecraft:polished_andesite
-68,0,-80,alley,minecraft:polished_andesite
-61,0,-80,building_footprint,minecraft:orange_concrete
-60,0,-80,building_footprint,minecraft:orange_concrete
-59,0,-80,building_footprint,minecraft:orange_concrete
-58,0,-80,building_footprint,minecraft:orange_concrete
-57,0,-80,building_footprint,minecraft:orange_concrete
-56,0,-80,building_footprint,minecraft:orange_concrete
-55,0,-80,building_footprint,minecraft:orange_concrete
-54,0,-80,building_footprint,minecraft:orange_concrete
-53,0,-80,building_footprint,minecraft:orange_concrete
-52,0,-80,building_footprint,minecraft:orange_concrete
-51,0,-80,building_footprint,minecraft:orange_concrete
-50,0,-80,building_footprint,minecraft:orange_concrete
-49,0,-80,building_footprint,minecraft:orange_concrete
-48,0,-80,building_footprint,minecraft:orange_concrete
-47,0,-80,building_footprint,minecraft:orange_concrete
-46,0,-80,building_footprint,minecraft:orange_concrete
-45,0,-80,building_footprint,minecraft:orange_concrete
-44,0,-80,building_footprint,minecraft:orange_concrete
-43,0,-80,building_footprint,minecraft:orange_concrete
-42,0,-80,building_footprint,minecraft:orange_concrete
-41,0,-80,building_footprint,minecraft:orange_concrete
-40,0,-80,building_footprint,minecraft:orange_concrete
-39,0,-80,building_footprint,minecraft:orange_concrete
-38,0,-80,building_footprint,minecraft:orange_concrete
-37,0,-80,building_footprint,minecraft:orange_concrete
-36,0,-80,building_footprint,minecraft:orange_concrete
-35,0,-80,building_footprint,minecraft:orange_concrete
-34,0,-80,building_footprint,minecraft:orange_concrete
-33,0,-80,building_footprint,minecraft:orange_concrete
-32,0,-80,building_footprint,minecraft:orange_concrete
-31,0,-80,building_footprint,minecraft:orange_concrete
-30,0,-80,building_footprint,minecraft:orange_concrete
-29,0,-80,building_footprint,minecraft:orange_concrete
-28,0,-80,building_footprint,minecraft:orange_concrete
-27,0,-80,building_footprint,minecraft:orange_concrete
-26,0,-80,building_footprint,minecraft:orange_concrete
-25,0,-80,building_footprint,minecraft:orange_concrete
-24,0,-80,building_footprint,minecraft:orange_concrete
-23,0,-80,building_footprint,minecraft:orange_concrete
-22,0,-80,building_footprint,minecraft:orange_concrete
-21,0,-80,building_footprint,minecraft:orange_concrete
-20,0,-80,building_footprint,minecraft:orange_concrete
-19,0,-80,building_footprint,minecraft:orange_concrete
-18,0,-80,building_footprint,minecraft:orange_concrete
-17,0,-80,building_footprint,minecraft:orange_concrete
-16,0,-80,sidewalk,minecraft:smooth_stone
-15,0,-80,sidewalk,minecraft:smooth_stone
-14,0,-80,sidewalk,minecraft:smooth_stone
-13,0,-80,main_street,minecraft:black_concrete
-12,0,-80,main_street,minecraft:black_concrete
-11,0,-80,main_street,minecraft:black_concrete
-10,0,-80,main_street,minecraft:black_concrete
-9,0,-80,main_street,minecraft:black_concrete
-8,0,-80,main_street,minecraft:black_concrete
-7,0,-80,main_street,minecraft:black_concrete
-6,0,-80,main_street,minecraft:black_concrete
-5,0,-80,main_street,minecraft:black_concrete
-4,0,-80,main_street,minecraft:black_concrete
-3,0,-80,main_street,minecraft:black_concrete
-2,0,-80,main_street,minecraft:black_concrete
-1,0,-80,main_street,minecraft:black_concrete
0,0,-80,main_street,minecraft:black_concrete
1,0,-80,main_street,minecraft:black_concrete
2,0,-80,main_street,minecraft:black_concrete
3,0,-80,main_street,minecraft:black_concrete
4,0,-80,main_street,minecraft:black_concrete
5,0,-80,main_street,minecraft:black_concrete
6,0,-80,main_street,minecraft:black_concrete
7,0,-80,main_street,minecraft:black_concrete
8,0,-80,main_street,minecraft:black_concrete
9,0,-80,main_street,minecraft:black_concrete
10,0,-80,main_street,minecraft:black_concrete
11,0,-80,main_street,minecraft:black_concrete
12,0,-80,main_street,minecraft:black_concrete
13,0,-80,sidewalk,minecraft:smooth_stone
14,0,-80,sidewalk,minecraft:smooth_stone
15,0,-80,building_footprint,minecraft:orange_concrete
16,0,-80,building_footprint,minecraft:orange_concrete
17,0,-80,building_footprint,minecraft:orange_concrete
18,0,-80,building_footprint,minecraft:orange_concrete
19,0,-80,building_footprint,minecraft:orange_concrete
20,0,-80,building_footprint,minecraft:orange_concrete
21,0,-80,building_footprint,minecraft:orange_concrete
22,0,-80,building_footprint,minecraft:orange_concrete
23,0,-80,building_footprint,minecraft:orange_concrete
24,0,-80,building_footprint,minecraft:orange_concrete
25,0,-80,building_footprint,minecraft:orange_concrete
26,0,-80,building_footprint,minecraft:orange_concrete
27,0,-80,building_footprint,minecraft:orange_concrete
28,0,-80,building_footprint,minecraft:orange_concrete
29,0,-80,building_footprint,minecraft:orange_concrete
30,0,-80,building_footprint,minecraft:orange_concrete
31,0,-80,building_footprint,minecraft:orange_concrete
32,0,-80,building_footprint,minecraft:orange_concrete
33,0,-80,building_footprint,minecraft:orange_concrete
34,0,-80,building_footprint,minecraft:orange_concrete
35,0,-80,building_footprint,minecraft:orange_concrete
36,0,-80,building_footprint,minecraft:orange_concrete
37,0,-80,building_footprint,minecraft:orange_concrete
38,0,-80,building_footprint,minecraft:orange_concrete
39,0,-80,building_footprint,minecraft:orange_concrete
40,0,-80,building_footprint,minecraft:orange_concrete
41,0,-80,building_footprint,minecraft:orange_concrete
42,0,-80,building_footprint,minecraft:orange_concrete
43,0,-80,building_footprint,minecraft:orange_concrete
44,0,-80,building_footprint,minecraft:orange_concrete
45,0,-80,building_footprint,minecraft:orange_concrete
46,0,-80,building_footprint,minecraft:orange_concrete
47,0,-80,building_footprint,minecraft:orange_concrete
48,0,-80,building_footprint,minecraft:orange_concrete
49,0,-80,building_footprint,minecraft:orange_concrete
50,0,-80,building_footprint,minecraft:orange_concrete
51,0,-80,building_footprint,minecraft:orange_concrete
52,0,-80,building_footprint,minecraft:orange_concrete
53,0,-80,building_footprint,minecraft:orange_concrete
54,0,-80,building_footprint,minecraft:orange_concrete
55,0,-80,building_footprint,minecraft:orange_concrete
56,0,-80,building_footprint,minecraft:orange_concrete
57,0,-80,building_footprint,minecraft:orange_concrete
58,0,-80,building_footprint,minecraft:orange_concrete
59,0,-80,building_footprint,minecraft:orange_concrete
66,0,-80,alley,minecraft:polished_andesite
67,0,-80,alley,minecraft:polished_andesite
68,0,-80,alley,minecraft:polished_andesite
69,0,-80,alley,minecraft:polished_andesite
-71,0,-79,alley,minecraft:polished_andesite
-70,0,-79,alley,minecraft:polished_andesite
-69,0,-79,alley,minecraft:polished_andesite
-68,0,-79,alley,minecraft:polished_andesite
-61,0,-79,building_footprint,minecraft:orange_concrete
-60,0,-79,building_footprint,minecraft:orange_concrete
-59,0,-79,building_footprint,minecraft:orange_concrete
-58,0,-79,building_footprint,minecraft:orange_concrete
-57,0,-79,building_footprint,minecraft:orange_concrete
-56,0,-79,building_footprint,minecraft:orange_concrete
-55,0,-79,building_footprint,minecraft:orange_concrete
-54,0,-79,building_footprint,minecraft:orange_concrete
-53,0,-79,building_footprint,minecraft:orange_concrete
-52,0,-79,building_footprint,minecraft:orange_concrete
-51,0,-79,building_footprint,minecraft:orange_concrete
-50,0,-79,building_footprint,minecraft:orange_concrete
-49,0,-79,building_footprint,minecraft:orange_concrete
-48,0,-79,building_footprint,minecraft:orange_concrete
-47,0,-79,building_footprint,minecraft:orange_concrete
-46,0,-79,building_footprint,minecraft:orange_concrete
-45,0,-79,building_footprint,minecraft:orange_concrete
-44,0,-79,building_footprint,minecraft:orange_concrete
-43,0,-79,building_footprint,minecraft:orange_concrete
-42,0,-79,building_footprint,minecraft:orange_concrete
-41,0,-79,building_footprint,minecraft:orange_concrete
-40,0,-79,building_footprint,minecraft:orange_concrete
-39,0,-79,building_footprint,minecraft:orange_concrete
-38,0,-79,building_footprint,minecraft:orange_concrete
-37,0,-79,building_footprint,minecraft:orange_concrete
-36,0,-79,building_footprint,minecraft:orange_concrete
-35,0,-79,building_footprint,minecraft:orange_concrete
-34,0,-79,building_footprint,minecraft:orange_concrete
-33,0,-79,building_footprint,minecraft:orange_concrete
-32,0,-79,building_footprint,minecraft:orange_concrete
-31,0,-79,building_footprint,minecraft:orange_concrete
-30,0,-79,building_footprint,minecraft:orange_concrete
-29,0,-79,building_footprint,minecraft:orange_concrete
-28,0,-79,building_footprint,minecraft:orange_concrete
-27,0,-79,building_footprint,minecraft:orange_concrete
-26,0,-79,building_footprint,minecraft:orange_concrete
-25,0,-79,building_footprint,minecraft:orange_concrete
-24,0,-79,building_footprint,minecraft:orange_concrete
-23,0,-79,building_footprint,minecraft:orange_concrete
-22,0,-79,building_footprint,minecraft:orange_concrete
-21,0,-79,building_footprint,minecraft:orange_concrete
-20,0,-79,building_footprint,minecraft:orange_concrete
-19,0,-79,building_footprint,minecraft:orange_concrete
-18,0,-79,building_footprint,minecraft:orange_concrete
-17,0,-79,building_footprint,minecraft:orange_concrete
-16,0,-79,sidewalk,minecraft:smooth_stone
-15,0,-79,sidewalk,minecraft:smooth_stone
-14,0,-79,sidewalk,minecraft:smooth_stone
-13,0,-79,main_street,minecraft:black_concrete
-12,0,-79,main_street,minecraft:black_concrete
-11,0,-79,main_street,minecraft:black_concrete
-10,0,-79,main_street,minecraft:black_concrete
-9,0,-79,main_street,minecraft:black_concrete
-8,0,-79,main_street,minecraft:black_concrete
-7,0,-79,main_street,minecraft:black_concrete
-6,0,-79,main_street,minecraft:black_concrete
-5,0,-79,main_street,minecraft:black_concrete
-4,0,-79,main_street,minecraft:black_concrete
-3,0,-79,main_street,minecraft:black_concrete
-2,0,-79,main_street,minecraft:black_concrete
-1,0,-79,main_street,minecraft:black_concrete
0,0,-79,main_street,minecraft:black_concrete
1,0,-79,main_street,minecraft:black_concrete
2,0,-79,main_street,minecraft:black_concrete
3,0,-79,main_street,minecraft:black_concrete
4,0,-79,main_street,minecraft:black_concrete
5,0,-79,main_street,minecraft:black_concrete
6,0,-79,main_street,minecraft:black_concrete
7,0,-79,main_street,minecraft:black_concrete
8,0,-79,main_street,minecraft:black_concrete
9,0,-79,main_street,minecraft:black_concrete
10,0,-79,main_street,minecraft:black_concrete
11,0,-79,main_street,minecraft:black_concrete
12,0,-79,main_street,minecraft:black_concrete
13,0,-79,sidewalk,minecraft:smooth_stone
14,0,-79,sidewalk,minecraft:smooth_stone
15,0,-79,building_footprint,minecraft:orange_concrete
16,0,-79,building_footprint,minecraft:orange_concrete
17,0,-79,building_footprint,minecraft:orange_concrete
18,0,-79,building_footprint,minecraft:orange_concrete
19,0,-79,building_footprint,minecraft:orange_concrete
20,0,-79,building_footprint,minecraft:orange_concrete
21,0,-79,building_footprint,minecraft:orange_concrete
22,0,-79,building_footprint,minecraft:orange_concrete
23,0,-79,building_footprint,minecraft:orange_concrete
24,0,-79,building_footprint,minecraft:orange_concrete
25,0,-79,building_footprint,minecraft:orange_concrete
26,0,-79,building_footprint,minecraft:orange_concrete
27,0,-79,building_footprint,minecraft:orange_concrete
28,0,-79,building_footprint,minecraft:orange_concrete
29,0,-79,building_footprint,minecraft:orange_concrete
30,0,-79,building_footprint,minecraft:orange_concrete
31,0,-79,building_footprint,minecraft:orange_concrete
32,0,-79,building_footprint,minecraft:orange_concrete
33,0,-79,building_footprint,minecraft:orange_concrete
34,0,-79,building_footprint,minecraft:orange_concrete
35,0,-79,building_footprint,minecraft:orange_concrete
36,0,-79,building_footprint,minecraft:orange_concrete
37,0,-79,building_footprint,minecraft:orange_concrete
38,0,-79,building_footprint,minecraft:orange_concrete
39,0,-79,building_footprint,minecraft:orange_concrete
40,0,-79,building_footprint,minecraft:orange_concrete
41,0,-79,building_footprint,minecraft:orange_concrete
42,0,-79,building_footprint,minecraft:orange_concrete
43,0,-79,building_footprint,minecraft:orange_concrete
44,0,-79,building_footprint,minecraft:orange_concrete
45,0,-79,building_footprint,minecraft:orange_concrete
46,0,-79,building_footprint,minecraft:orange_concrete
47,0,-79,building_footprint,minecraft:orange_concrete
48,0,-79,building_footprint,minecraft:orange_concrete
49,0,-79,building_footprint,minecraft:orange_concrete
50,0,-79,building_footprint,minecraft:orange_concrete
51,0,-79,building_footprint,minecraft:orange_concrete
52,0,-79,building_footprint,minecraft:orange_concrete
53,0,-79,building_footprint,minecraft:orange_concrete
54,0,-79,building_footprint,minecraft:orange_concrete
55,0,-79,building_footprint,minecraft:orange_concrete
56,0,-79,building_footprint,minecraft:orange_concrete
57,0,-79,building_footprint,minecraft:orange_concrete
58,0,-79,building_footprint,minecraft:orange_concrete
59,0,-79,building_footprint,minecraft:orange_concrete
66,0,-79,alley,minecraft:polished_andesite
67,0,-79,alley,minecraft:polished_andesite
68,0,-79,alley,minecraft:polished_andesite
69,0,-79,alley,minecraft:polished_andesite
-71,0,-78,alley,minecraft:polished_andesite
-70,0,-78,alley,minecraft:polished_andesite
-69,0,-78,alley,minecraft:polished_andesite
-68,0,-78,alley,minecraft:polished_andesite
-61,0,-78,building_footprint,minecraft:orange_concrete
-60,0,-78,building_footprint,minecraft:orange_concrete
-59,0,-78,building_footprint,minecraft:orange_concrete
-58,0,-78,building_footprint,minecraft:orange_concrete
-57,0,-78,building_footprint,minecraft:orange_concrete
-56,0,-78,building_footprint,minecraft:orange_concrete
-55,0,-78,building_footprint,minecraft:orange_concrete
-54,0,-78,building_footprint,minecraft:orange_concrete
-53,0,-78,building_footprint,minecraft:orange_concrete
-52,0,-78,building_footprint,minecraft:orange_concrete
-51,0,-78,building_footprint,minecraft:orange_concrete
-50,0,-78,building_footprint,minecraft:orange_concrete
-49,0,-78,building_footprint,minecraft:orange_concrete
-48,0,-78,building_footprint,minecraft:orange_concrete
-47,0,-78,building_footprint,minecraft:orange_concrete
-46,0,-78,building_footprint,minecraft:orange_concrete
-45,0,-78,building_footprint,minecraft:orange_concrete
-44,0,-78,building_footprint,minecraft:orange_concrete
-43,0,-78,building_footprint,minecraft:orange_concrete
-42,0,-78,building_footprint,minecraft:orange_concrete
-41,0,-78,building_footprint,minecraft:orange_concrete
-40,0,-78,building_footprint,minecraft:orange_concrete
-39,0,-78,building_footprint,minecraft:orange_concrete
-38,0,-78,building_footprint,minecraft:orange_concrete
-37,0,-78,building_footprint,minecraft:orange_concrete
-36,0,-78,building_footprint,minecraft:orange_concrete
-35,0,-78,building_footprint,minecraft:orange_concrete
-34,0,-78,building_footprint,minecraft:orange_concrete
-33,0,-78,building_footprint,minecraft:orange_concrete
-32,0,-78,building_footprint,minecraft:orange_concrete
-31,0,-78,building_footprint,minecraft:orange_concrete
-30,0,-78,building_footprint,minecraft:orange_concrete
-29,0,-78,building_footprint,minecraft:orange_concrete
-28,0,-78,building_footprint,minecraft:orange_concrete
-27,0,-78,building_footprint,minecraft:orange_concrete
-26,0,-78,building_footprint,minecraft:orange_concrete
-25,0,-78,building_footprint,minecraft:orange_concrete
-24,0,-78,building_footprint,minecraft:orange_concrete
-23,0,-78,building_footprint,minecraft:orange_concrete
-22,0,-78,building_footprint,minecraft:orange_concrete
-21,0,-78,building_footprint,minecraft:orange_concrete
-20,0,-78,building_footprint,minecraft:orange_concrete
-19,0,-78,building_footprint,minecraft:orange_concrete
-18,0,-78,building_footprint,minecraft:orange_concrete
-17,0,-78,building_footprint,minecraft:orange_concrete
-16,0,-78,sidewalk,minecraft:smooth_stone
-15,0,-78,sidewalk,minecraft:smooth_stone
-14,0,-78,sidewalk,minecraft:smooth_stone
-13,0,-78,main_street,minecraft:black_concrete
-12,0,-78,main_street,minecraft:black_concrete
-11,0,-78,main_street,minecraft:black_concrete
-10,0,-78,main_street,minecraft:black_concrete
-9,0,-78,main_street,minecraft:black_concrete
-8,0,-78,main_street,minecraft:black_concrete
-7,0,-78,main_street,minecraft:black_concrete
-6,0,-78,main_street,minecraft:black_concrete
-5,0,-78,main_street,minecraft:black_concrete
-4,0,-78,main_street,minecraft:black_concrete
-3,0,-78,main_street,minecraft:black_concrete
-2,0,-78,main_street,minecraft:black_concrete
-1,0,-78,main_street,minecraft:black_concrete
0,0,-78,main_street,minecraft:black_concrete
1,0,-78,main_street,minecraft:black_concrete
2,0,-78,main_street,minecraft:black_concrete
3,0,-78,main_street,minecraft:black_concrete
4,0,-78,main_street,minecraft:black_concrete
5,0,-78,main_street,minecraft:black_concrete
6,0,-78,main_street,minecraft:black_concrete
7,0,-78,main_street,minecraft:black_concrete
8,0,-78,main_street,minecraft:black_concrete
9,0,-78,main_street,minecraft:black_concrete
10,0,-78,main_street,minecraft:black_concrete
11,0,-78,main_street,minecraft:black_concrete
12,0,-78,main_street,minecraft:black_concrete
13,0,-78,sidewalk,minecraft:smooth_stone
14,0,-78,sidewalk,minecraft:smooth_stone
15,0,-78,building_footprint,minecraft:orange_concrete
16,0,-78,building_footprint,minecraft:orange_concrete
17,0,-78,building_footprint,minecraft:orange_concrete
18,0,-78,building_footprint,minecraft:orange_concrete
19,0,-78,building_footprint,minecraft:orange_concrete
20,0,-78,building_footprint,minecraft:orange_concrete
21,0,-78,building_footprint,minecraft:orange_concrete
22,0,-78,building_footprint,minecraft:orange_concrete
23,0,-78,building_footprint,minecraft:orange_concrete
24,0,-78,building_footprint,minecraft:orange_concrete
25,0,-78,building_footprint,minecraft:orange_concrete
26,0,-78,building_footprint,minecraft:orange_concrete
27,0,-78,building_footprint,minecraft:orange_concrete
28,0,-78,building_footprint,minecraft:orange_concrete
29,0,-78,building_footprint,minecraft:orange_concrete
30,0,-78,building_footprint,minecraft:orange_concrete
31,0,-78,building_footprint,minecraft:orange_concrete
32,0,-78,building_footprint,minecraft:orange_concrete
33,0,-78,building_footprint,minecraft:orange_concrete
34,0,-78,building_footprint,minecraft:orange_concrete
35,0,-78,building_footprint,minecraft:orange_concrete
36,0,-78,building_footprint,minecraft:orange_concrete
37,0,-78,building_footprint,minecraft:orange_concrete
38,0,-78,building_footprint,minecraft:orange_concrete
39,0,-78,building_footprint,minecraft:orange_concrete
40,0,-78,building_footprint,minecraft:orange_concrete
41,0,-78,building_footprint,minecraft:orange_concrete
42,0,-78,building_footprint,minecraft:orange_concrete
43,0,-78,building_footprint,minecraft:orange_concrete
44,0,-78,building_footprint,minecraft:orange_concrete
45,0,-78,building_footprint,minecraft:orange_concrete
46,0,-78,building_footprint,minecraft:orange_concrete
47,0,-78,building_footprint,minecraft:orange_concrete
48,0,-78,building_footprint,minecraft:orange_concrete
49,0,-78,building_footprint,minecraft:orange_concrete
50,0,-78,building_footprint,minecraft:orange_concrete
51,0,-78,building_footprint,minecraft:orange_concrete
52,0,-78,building_footprint,minecraft:orange_concrete
53,0,-78,building_footprint,minecraft:orange_concrete
54,0,-78,building_footprint,minecraft:orange_concrete
55,0,-78,building_footprint,minecraft:orange_concrete
56,0,-78,building_footprint,minecraft:orange_concrete
57,0,-78,building_footprint,minecraft:orange_concrete
58,0,-78,building_footprint,minecraft:orange_concrete
59,0,-78,building_footprint,minecraft:orange_concrete
66,0,-78,alley,minecraft:polished_andesite
67,0,-78,alley,minecraft:polished_andesite
68,0,-78,alley,minecraft:polished_andesite
69,0,-78,alley,minecraft:polished_andesite
-71,0,-77,alley,minecraft:polished_andesite
-70,0,-77,alley,minecraft:polished_andesite
-69,0,-77,alley,minecraft:polished_andesite
-68,0,-77,alley,minecraft:polished_andesite
-61,0,-77,building_footprint,minecraft:orange_concrete
-60,0,-77,building_footprint,minecraft:orange_concrete
-59,0,-77,building_footprint,minecraft:orange_concrete
-58,0,-77,building_footprint,minecraft:orange_concrete
-57,0,-77,building_footprint,minecraft:orange_concrete
-56,0,-77,building_footprint,minecraft:orange_concrete
-55,0,-77,building_footprint,minecraft:orange_concrete
-54,0,-77,building_footprint,minecraft:orange_concrete
-53,0,-77,building_footprint,minecraft:orange_concrete
-52,0,-77,building_footprint,minecraft:orange_concrete
-51,0,-77,building_footprint,minecraft:orange_concrete
-50,0,-77,building_footprint,minecraft:orange_concrete
-49,0,-77,building_footprint,minecraft:orange_concrete
-48,0,-77,building_footprint,minecraft:orange_concrete
-47,0,-77,building_footprint,minecraft:orange_concrete
-46,0,-77,building_footprint,minecraft:orange_concrete
-45,0,-77,building_footprint,minecraft:orange_concrete
-44,0,-77,building_footprint,minecraft:orange_concrete
-43,0,-77,building_footprint,minecraft:orange_concrete
-42,0,-77,building_footprint,minecraft:orange_concrete
-41,0,-77,building_footprint,minecraft:orange_concrete
-40,0,-77,building_footprint,minecraft:orange_concrete
-39,0,-77,building_footprint,minecraft:orange_concrete
-38,0,-77,building_footprint,minecraft:orange_concrete
-37,0,-77,building_footprint,minecraft:orange_concrete
-36,0,-77,building_footprint,minecraft:orange_concrete
-35,0,-77,building_footprint,minecraft:orange_concrete
-34,0,-77,building_footprint,minecraft:orange_concrete
-33,0,-77,building_footprint,minecraft:orange_concrete
-32,0,-77,building_footprint,minecraft:orange_concrete
-31,0,-77,building_footprint,minecraft:orange_concrete
-30,0,-77,building_footprint,minecraft:orange_concrete
-29,0,-77,building_footprint,minecraft:orange_concrete
-28,0,-77,building_footprint,minecraft:orange_concrete
-27,0,-77,building_footprint,minecraft:orange_concrete
-26,0,-77,building_footprint,minecraft:orange_concrete
-25,0,-77,building_footprint,minecraft:orange_concrete
-24,0,-77,building_footprint,minecraft:orange_concrete
-23,0,-77,building_footprint,minecraft:orange_concrete
-22,0,-77,building_footprint,minecraft:orange_concrete
-21,0,-77,building_footprint,minecraft:orange_concrete
-20,0,-77,building_footprint,minecraft:orange_concrete
-19,0,-77,building_footprint,minecraft:orange_concrete
-18,0,-77,building_footprint,minecraft:orange_concrete
-17,0,-77,building_footprint,minecraft:orange_concrete
-16,0,-77,sidewalk,minecraft:smooth_stone
-15,0,-77,sidewalk,minecraft:smooth_stone
-14,0,-77,sidewalk,minecraft:smooth_stone
-13,0,-77,main_street,minecraft:black_concrete
-12,0,-77,main_street,minecraft:black_concrete
-11,0,-77,main_street,minecraft:black_concrete
-10,0,-77,main_street,minecraft:black_concrete
-9,0,-77,main_street,minecraft:black_concrete
-8,0,-77,main_street,minecraft:black_concrete
-7,0,-77,main_street,minecraft:black_concrete
-6,0,-77,main_street,minecraft:black_concrete
-5,0,-77,main_street,minecraft:black_concrete
-4,0,-77,main_street,minecraft:black_concrete
-3,0,-77,main_street,minecraft:black_concrete
-2,0,-77,main_street,minecraft:black_concrete
-1,0,-77,main_street,minecraft:black_concrete
0,0,-77,main_street,minecraft:black_concrete
1,0,-77,main_street,minecraft:black_concrete
2,0,-77,main_street,minecraft:black_concrete
3,0,-77,main_street,minecraft:black_concrete
4,0,-77,main_street,minecraft:black_concrete
5,0,-77,main_street,minecraft:black_concrete
6,0,-77,main_street,minecraft:black_concrete
7,0,-77,main_street,minecraft:black_concrete
8,0,-77,main_street,minecraft:black_concrete
9,0,-77,main_street,minecraft:black_concrete
10,0,-77,main_street,minecraft:black_concrete
11,0,-77,main_street,minecraft:black_concrete
12,0,-77,main_street,minecraft:black_concrete
13,0,-77,sidewalk,minecraft:smooth_stone
14,0,-77,sidewalk,minecraft:smooth_stone
15,0,-77,building_footprint,minecraft:orange_concrete
16,0,-77,building_footprint,minecraft:orange_concrete
17,0,-77,building_footprint,minecraft:orange_concrete
18,0,-77,building_footprint,minecraft:orange_concrete
19,0,-77,building_footprint,minecraft:orange_concrete
20,0,-77,building_footprint,minecraft:orange_concrete
21,0,-77,building_footprint,minecraft:orange_concrete
22,0,-77,building_footprint,minecraft:orange_concrete
23,0,-77,building_footprint,minecraft:orange_concrete
24,0,-77,building_footprint,minecraft:orange_concrete
25,0,-77,building_footprint,minecraft:orange_concrete
26,0,-77,building_footprint,minecraft:orange_concrete
27,0,-77,building_footprint,minecraft:orange_concrete
28,0,-77,building_footprint,minecraft:orange_concrete
29,0,-77,building_footprint,minecraft:orange_concrete
30,0,-77,building_footprint,minecraft:orange_concrete
31,0,-77,building_footprint,minecraft:orange_concrete
32,0,-77,building_footprint,minecraft:orange_concrete
33,0,-77,building_footprint,minecraft:orange_concrete
34,0,-77,building_footprint,minecraft:orange_concrete
35,0,-77,building_footprint,minecraft:orange_concrete
36,0,-77,building_footprint,minecraft:orange_concrete
37,0,-77,building_footprint,minecraft:orange_concrete
38,0,-77,building_footprint,minecraft:orange_concrete
39,0,-77,building_footprint,minecraft:orange_concrete
40,0,-77,building_footprint,minecraft:orange_concrete
41,0,-77,building_footprint,minecraft:orange_concrete
42,0,-77,building_footprint,minecraft:orange_concrete
43,0,-77,building_footprint,minecraft:orange_concrete
44,0,-77,building_footprint,minecraft:orange_concrete
45,0,-77,building_footprint,minecraft:orange_concrete
46,0,-77,building_footprint,minecraft:orange_concrete
47,0,-77,building_footprint,minecraft:orange_concrete
48,0,-77,building_footprint,minecraft:orange_concrete
49,0,-77,building_footprint,minecraft:orange_concrete
50,0,-77,building_footprint,minecraft:orange_concrete
51,0,-77,building_footprint,minecraft:orange_concrete
52,0,-77,building_footprint,minecraft:orange_concrete
53,0,-77,building_footprint,minecraft:orange_concrete
54,0,-77,building_footprint,minecraft:orange_concrete
55,0,-77,building_footprint,minecraft:orange_concrete
56,0,-77,building_footprint,minecraft:orange_concrete
57,0,-77,building_footprint,minecraft:orange_concrete
58,0,-77,building_footprint,minecraft:orange_concrete
59,0,-77,building_footprint,minecraft:orange_concrete
66,0,-77,alley,minecraft:polished_andesite
67,0,-77,alley,minecraft:polished_andesite
68,0,-77,alley,minecraft:polished_andesite
69,0,-77,alley,minecraft:polished_andesite
-71,0,-76,alley,minecraft:polished_andesite
-70,0,-76,alley,minecraft:polished_andesite
-69,0,-76,alley,minecraft:polished_andesite
-68,0,-76,alley,minecraft:polished_andesite
-61,0,-76,building_footprint,minecraft:orange_concrete
-60,0,-76,building_footprint,minecraft:orange_concrete
-59,0,-76,building_footprint,minecraft:orange_concrete
-58,0,-76,building_footprint,minecraft:orange_concrete
-57,0,-76,building_footprint,minecraft:orange_concrete
-56,0,-76,building_footprint,minecraft:orange_concrete
-55,0,-76,building_footprint,minecraft:orange_concrete
-54,0,-76,building_footprint,minecraft:orange_concrete
-53,0,-76,building_footprint,minecraft:orange_concrete
-52,0,-76,building_footprint,minecraft:orange_concrete
-51,0,-76,building_footprint,minecraft:orange_concrete
-50,0,-76,building_footprint,minecraft:orange_concrete
-49,0,-76,building_footprint,minecraft:orange_concrete
-48,0,-76,building_footprint,minecraft:orange_concrete
-47,0,-76,building_footprint,minecraft:orange_concrete
-46,0,-76,building_footprint,minecraft:orange_concrete
-45,0,-76,building_footprint,minecraft:orange_concrete
-44,0,-76,building_footprint,minecraft:orange_concrete
-43,0,-76,building_footprint,minecraft:orange_concrete
-42,0,-76,building_footprint,minecraft:orange_concrete
-41,0,-76,building_footprint,minecraft:orange_concrete
-40,0,-76,building_footprint,minecraft:orange_concrete
-39,0,-76,building_footprint,minecraft:orange_concrete
-38,0,-76,building_footprint,minecraft:orange_concrete
-37,0,-76,building_footprint,minecraft:orange_concrete
-36,0,-76,building_footprint,minecraft:orange_concrete
-35,0,-76,building_footprint,minecraft:orange_concrete
-34,0,-76,building_footprint,minecraft:orange_concrete
-33,0,-76,building_footprint,minecraft:orange_concrete
-32,0,-76,building_footprint,minecraft:orange_concrete
-31,0,-76,building_footprint,minecraft:orange_concrete
-30,0,-76,building_footprint,minecraft:orange_concrete
-29,0,-76,building_footprint,minecraft:orange_concrete
-28,0,-76,building_footprint,minecraft:orange_concrete
-27,0,-76,building_footprint,minecraft:orange_concrete
-26,0,-76,building_footprint,minecraft:orange_concrete
-25,0,-76,building_footprint,minecraft:orange_concrete
-24,0,-76,building_footprint,minecraft:orange_concrete
-23,0,-76,building_footprint,minecraft:orange_concrete
-22,0,-76,building_footprint,minecraft:orange_concrete
-21,0,-76,building_footprint,minecraft:orange_concrete
-20,0,-76,building_footprint,minecraft:orange_concrete
-19,0,-76,building_footprint,minecraft:orange_concrete
-18,0,-76,building_footprint,minecraft:orange_concrete
-17,0,-76,building_footprint,minecraft:orange_concrete
-16,0,-76,sidewalk,minecraft:smooth_stone
-15,0,-76,sidewalk,minecraft:smooth_stone
-14,0,-76,sidewalk,minecraft:smooth_stone
-13,0,-76,main_street,minecraft:black_concrete
-12,0,-76,main_street,minecraft:black_concrete
-11,0,-76,main_street,minecraft:black_concrete
-10,0,-76,main_street,minecraft:black_concrete
-9,0,-76,main_street,minecraft:black_concrete
-8,0,-76,main_street,minecraft:black_concrete
-7,0,-76,main_street,minecraft:black_concrete
-6,0,-76,main_street,minecraft:black_concrete
-5,0,-76,main_street,minecraft:black_concrete
-4,0,-76,main_street,minecraft:black_concrete
-3,0,-76,main_street,minecraft:black_concrete
-2,0,-76,main_street,minecraft:black_concrete
-1,0,-76,main_street,minecraft:black_concrete
0,0,-76,main_street,minecraft:black_concrete
1,0,-76,main_street,minecraft:black_concrete
2,0,-76,main_street,minecraft:black_concrete
3,0,-76,main_street,minecraft:black_concrete
4,0,-76,main_street,minecraft:black_concrete
5,0,-76,main_street,minecraft:black_concrete
6,0,-76,main_street,minecraft:black_concrete
7,0,-76,main_street,minecraft:black_concrete
8,0,-76,main_street,minecraft:black_concrete
9,0,-76,main_street,minecraft:black_concrete
10,0,-76,main_street,minecraft:black_concrete
11,0,-76,main_street,minecraft:black_concrete
12,0,-76,main_street,minecraft:black_concrete
13,0,-76,sidewalk,minecraft:smooth_stone
14,0,-76,sidewalk,minecraft:smooth_stone
15,0,-76,building_footprint,minecraft:orange_concrete
16,0,-76,building_footprint,minecraft:orange_concrete
17,0,-76,building_footprint,minecraft:orange_concrete
18,0,-76,building_footprint,minecraft:orange_concrete
19,0,-76,building_footprint,minecraft:orange_concrete
20,0,-76,building_footprint,minecraft:orange_concrete
21,0,-76,building_footprint,minecraft:orange_concrete
22,0,-76,building_footprint,minecraft:orange_concrete
23,0,-76,building_footprint,minecraft:orange_concrete
24,0,-76,building_footprint,minecraft:orange_concrete
25,0,-76,building_footprint,minecraft:orange_concrete
26,0,-76,building_footprint,minecraft:orange_concrete
27,0,-76,building_footprint,minecraft:orange_concrete
28,0,-76,building_footprint,minecraft:orange_concrete
29,0,-76,building_footprint,minecraft:orange_concrete
30,0,-76,building_footprint,minecraft:orange_concrete
31,0,-76,building_footprint,minecraft:orange_concrete
32,0,-76,building_footprint,minecraft:orange_concrete
33,0,-76,building_footprint,minecraft:orange_concrete
34,0,-76,building_footprint,minecraft:orange_concrete
35,0,-76,building_footprint,minecraft:orange_concrete
36,0,-76,building_footprint,minecraft:orange_concrete
37,0,-76,building_footprint,minecraft:orange_concrete
38,0,-76,building_footprint,minecraft:orange_concrete
39,0,-76,building_footprint,minecraft:orange_concrete
40,0,-76,building_footprint,minecraft:orange_concrete
41,0,-76,building_footprint,minecraft:orange_concrete
42,0,-76,building_footprint,minecraft:orange_concrete
43,0,-76,building_footprint,minecraft:orange_concrete
44,0,-76,building_footprint,minecraft:orange_concrete
45,0,-76,building_footprint,minecraft:orange_concrete
46,0,-76,building_footprint,minecraft:orange_concrete
47,0,-76,building_footprint,minecraft:orange_concrete
48,0,-76,building_footprint,minecraft:orange_concrete
49,0,-76,building_footprint,minecraft:orange_concrete
50,0,-76,building_footprint,minecraft:orange_concrete
51,0,-76,building_footprint,minecraft:orange_concrete
52,0,-76,building_footprint,minecraft:orange_concrete
53,0,-76,building_footprint,minecraft:orange_concrete
54,0,-76,building_footprint,minecraft:orange_concrete
55,0,-76,building_footprint,minecraft:orange_concrete
56,0,-76,building_footprint,minecraft:orange_concrete
57,0,-76,building_footprint,minecraft:orange_concrete
58,0,-76,building_footprint,minecraft:orange_concrete
59,0,-76,building_footprint,minecraft:orange_concrete
66,0,-76,alley,minecraft:polished_andesite
67,0,-76,alley,minecraft:polished_andesite
68,0,-76,alley,minecraft:polished_andesite
69,0,-76,alley,minecraft:polished_andesite
-71,0,-75,alley,minecraft:polished_andesite
-70,0,-75,alley,minecraft:polished_andesite
-69,0,-75,alley,minecraft:polished_andesite
-68,0,-75,alley,minecraft:polished_andesite
-45,0,-75,building_footprint,minecraft:orange_concrete
-44,0,-75,building_footprint,minecraft:orange_concrete
-43,0,-75,building_footprint,minecraft:orange_concrete
-42,0,-75,building_footprint,minecraft:orange_concrete
-41,0,-75,building_footprint,minecraft:orange_concrete
-40,0,-75,building_footprint,minecraft:orange_concrete
-39,0,-75,building_footprint,minecraft:orange_concrete
-38,0,-75,building_footprint,minecraft:orange_concrete
-37,0,-75,building_footprint,minecraft:orange_concrete
-36,0,-75,building_footprint,minecraft:orange_concrete
-35,0,-75,building_footprint,minecraft:orange_concrete
-34,0,-75,building_footprint,minecraft:orange_concrete
-33,0,-75,building_footprint,minecraft:orange_concrete
-32,0,-75,building_footprint,minecraft:orange_concrete
-31,0,-75,building_footprint,minecraft:orange_concrete
-30,0,-75,building_footprint,minecraft:orange_concrete
-29,0,-75,building_footprint,minecraft:orange_concrete
-28,0,-75,building_footprint,minecraft:orange_concrete
-27,0,-75,building_footprint,minecraft:orange_concrete
-26,0,-75,building_footprint,minecraft:orange_concrete
-25,0,-75,building_footprint,minecraft:orange_concrete
-24,0,-75,building_footprint,minecraft:orange_concrete
-23,0,-75,building_footprint,minecraft:orange_concrete
-22,0,-75,building_footprint,minecraft:orange_concrete
-21,0,-75,building_footprint,minecraft:orange_concrete
-20,0,-75,building_footprint,minecraft:orange_concrete
-19,0,-75,building_footprint,minecraft:orange_concrete
-18,0,-75,building_footprint,minecraft:orange_concrete
-17,0,-75,building_footprint,minecraft:orange_concrete
-16,0,-75,sidewalk,minecraft:smooth_stone
-15,0,-75,sidewalk,minecraft:smooth_stone
-14,0,-75,sidewalk,minecraft:smooth_stone
-13,0,-75,main_street,minecraft:black_concrete
-12,0,-75,main_street,minecraft:black_concrete
-11,0,-75,main_street,minecraft:black_concrete
-10,0,-75,main_street,minecraft:black_concrete
-9,0,-75,main_street,minecraft:black_concrete
-8,0,-75,main_street,minecraft:black_concrete
-7,0,-75,main_street,minecraft:black_concrete
-6,0,-75,main_street,minecraft:black_concrete
-5,0,-75,main_street,minecraft:black_concrete
-4,0,-75,main_street,minecraft:black_concrete
-3,0,-75,main_street,minecraft:black_concrete
-2,0,-75,main_street,minecraft:black_concrete
-1,0,-75,main_street,minecraft:black_concrete
0,0,-75,main_street,minecraft:black_concrete
1,0,-75,main_street,minecraft:black_concrete
2,0,-75,main_street,minecraft:black_concrete
3,0,-75,main_street,minecraft:black_concrete
4,0,-75,main_street,minecraft:black_concrete
5,0,-75,main_street,minecraft:black_concrete
6,0,-75,main_street,minecraft:black_concrete
7,0,-75,main_street,minecraft:black_concrete
8,0,-75,main_street,minecraft:black_concrete
9,0,-75,main_street,minecraft:black_concrete
10,0,-75,main_street,minecraft:black_concrete
11,0,-75,main_street,minecraft:black_concrete
12,0,-75,main_street,minecraft:black_concrete
13,0,-75,sidewalk,minecraft:smooth_stone
14,0,-75,sidewalk,minecraft:smooth_stone
15,0,-75,building_footprint,minecraft:orange_concrete
16,0,-75,building_footprint,minecraft:orange_concrete
17,0,-75,building_footprint,minecraft:orange_concrete
18,0,-75,building_footprint,minecraft:orange_concrete
19,0,-75,building_footprint,minecraft:orange_concrete
20,0,-75,building_footprint,minecraft:orange_concrete
21,0,-75,building_footprint,minecraft:orange_concrete
22,0,-75,building_footprint,minecraft:orange_concrete
23,0,-75,building_footprint,minecraft:orange_concrete
24,0,-75,building_footprint,minecraft:orange_concrete
25,0,-75,building_footprint,minecraft:orange_concrete
26,0,-75,building_footprint,minecraft:orange_concrete
27,0,-75,building_footprint,minecraft:orange_concrete
28,0,-75,building_footprint,minecraft:orange_concrete
29,0,-75,building_footprint,minecraft:orange_concrete
30,0,-75,building_footprint,minecraft:orange_concrete
31,0,-75,building_footprint,minecraft:orange_concrete
32,0,-75,building_footprint,minecraft:orange_concrete
33,0,-75,building_footprint,minecraft:orange_concrete
34,0,-75,building_footprint,minecraft:orange_concrete
35,0,-75,building_footprint,minecraft:orange_concrete
36,0,-75,building_footprint,minecraft:orange_concrete
37,0,-75,building_footprint,minecraft:orange_concrete
38,0,-75,building_footprint,minecraft:orange_concrete
39,0,-75,building_footprint,minecraft:orange_concrete
40,0,-75,building_footprint,minecraft:orange_concrete
41,0,-75,building_footprint,minecraft:orange_concrete
42,0,-75,building_footprint,minecraft:orange_concrete
43,0,-75,building_footprint,minecraft:orange_concrete
44,0,-75,building_footprint,minecraft:orange_concrete
45,0,-75,building_footprint,minecraft:orange_concrete
46,0,-75,building_footprint,minecraft:orange_concrete
47,0,-75,building_footprint,minecraft:orange_concrete
48,0,-75,building_footprint,minecraft:orange_concrete
49,0,-75,building_footprint,minecraft:orange_concrete
66,0,-75,alley,minecraft:polished_andesite
67,0,-75,alley,minecraft:polished_andesite
68,0,-75,alley,minecraft:polished_andesite
69,0,-75,alley,minecraft:polished_andesite
-71,0,-74,alley,minecraft:polished_andesite
-70,0,-74,alley,minecraft:polished_andesite
-69,0,-74,alley,minecraft:polished_andesite
-68,0,-74,alley,minecraft:polished_andesite
-45,0,-74,building_footprint,minecraft:orange_concrete
-44,0,-74,building_footprint,minecraft:orange_concrete
-43,0,-74,building_footprint,minecraft:orange_concrete
-42,0,-74,building_footprint,minecraft:orange_concrete
-41,0,-74,building_footprint,minecraft:orange_concrete
-40,0,-74,building_footprint,minecraft:orange_concrete
-39,0,-74,building_footprint,minecraft:orange_concrete
-38,0,-74,building_footprint,minecraft:orange_concrete
-37,0,-74,building_footprint,minecraft:orange_concrete
-36,0,-74,building_footprint,minecraft:orange_concrete
-35,0,-74,building_footprint,minecraft:orange_concrete
-34,0,-74,building_footprint,minecraft:orange_concrete
-33,0,-74,building_footprint,minecraft:orange_concrete
-32,0,-74,building_footprint,minecraft:orange_concrete
-31,0,-74,building_footprint,minecraft:orange_concrete
-30,0,-74,building_footprint,minecraft:orange_concrete
-29,0,-74,building_footprint,minecraft:orange_concrete
-28,0,-74,building_footprint,minecraft:orange_concrete
-27,0,-74,building_footprint,minecraft:orange_concrete
-26,0,-74,building_footprint,minecraft:orange_concrete
-25,0,-74,building_footprint,minecraft:orange_concrete
-24,0,-74,building_footprint,minecraft:orange_concrete
-23,0,-74,building_footprint,minecraft:orange_concrete
-22,0,-74,building_footprint,minecraft:orange_concrete
-21,0,-74,building_footprint,minecraft:orange_concrete
-20,0,-74,building_footprint,minecraft:orange_concrete
-19,0,-74,building_footprint,minecraft:orange_concrete
-18,0,-74,building_footprint,minecraft:orange_concrete
-17,0,-74,building_footprint,minecraft:orange_concrete
-16,0,-74,sidewalk,minecraft:smooth_stone
-15,0,-74,sidewalk,minecraft:smooth_stone
-14,0,-74,sidewalk,minecraft:smooth_stone
-13,0,-74,main_street,minecraft:black_concrete
-12,0,-74,main_street,minecraft:black_concrete
-11,0,-74,main_street,minecraft:black_concrete
-10,0,-74,main_street,minecraft:black_concrete
-9,0,-74,main_street,minecraft:black_concrete
-8,0,-74,main_street,minecraft:black_concrete
-7,0,-74,main_street,minecraft:black_concrete
-6,0,-74,main_street,minecraft:black_concrete
-5,0,-74,main_street,minecraft:black_concrete
-4,0,-74,main_street,minecraft:black_concrete
-3,0,-74,main_street,minecraft:black_concrete
-2,0,-74,main_street,minecraft:black_concrete
-1,0,-74,main_street,minecraft:black_concrete
0,0,-74,main_street,minecraft:black_concrete
1,0,-74,main_street,minecraft:black_concrete
2,0,-74,main_street,minecraft:black_concrete
3,0,-74,main_street,minecraft:black_concrete
4,0,-74,main_street,minecraft:black_concrete
5,0,-74,main_street,minecraft:black_concrete
6,0,-74,main_street,minecraft:black_concrete
7,0,-74,main_street,minecraft:black_concrete
8,0,-74,main_street,minecraft:black_concrete
9,0,-74,main_street,minecraft:black_concrete
10,0,-74,main_street,minecraft:black_concrete
11,0,-74,main_street,minecraft:black_concrete
12,0,-74,main_street,minecraft:black_concrete
13,0,-74,sidewalk,minecraft:smooth_stone
14,0,-74,sidewalk,minecraft:smooth_stone
15,0,-74,building_footprint,minecraft:orange_concrete
16,0,-74,building_footprint,minecraft:orange_concrete
17,0,-74,building_footprint,minecraft:orange_concrete
18,0,-74,building_footprint,minecraft:orange_concrete
19,0,-74,building_footprint,minecraft:orange_concrete
20,0,-74,building_footprint,minecraft:orange_concrete
21,0,-74,building_footprint,minecraft:orange_concrete
22,0,-74,building_footprint,minecraft:orange_concrete
23,0,-74,building_footprint,minecraft:orange_concrete
24,0,-74,building_footprint,minecraft:orange_concrete
25,0,-74,building_footprint,minecraft:orange_concrete
26,0,-74,building_footprint,minecraft:orange_concrete
27,0,-74,building_footprint,minecraft:orange_concrete
28,0,-74,building_footprint,minecraft:orange_concrete
29,0,-74,building_footprint,minecraft:orange_concrete
30,0,-74,building_footprint,minecraft:orange_concrete
31,0,-74,building_footprint,minecraft:orange_concrete
32,0,-74,building_footprint,minecraft:orange_concrete
33,0,-74,building_footprint,minecraft:orange_concrete
34,0,-74,building_footprint,minecraft:orange_concrete
35,0,-74,building_footprint,minecraft:orange_concrete
36,0,-74,building_footprint,minecraft:orange_concrete
37,0,-74,building_footprint,minecraft:orange_concrete
38,0,-74,building_footprint,minecraft:orange_concrete
39,0,-74,building_footprint,minecraft:orange_concrete
40,0,-74,building_footprint,minecraft:orange_concrete
41,0,-74,building_footprint,minecraft:orange_concrete
42,0,-74,building_footprint,minecraft:orange_concrete
43,0,-74,building_footprint,minecraft:orange_concrete
44,0,-74,building_footprint,minecraft:orange_concrete
45,0,-74,building_footprint,minecraft:orange_concrete
46,0,-74,building_footprint,minecraft:orange_concrete
47,0,-74,building_footprint,minecraft:orange_concrete
48,0,-74,building_footprint,minecraft:orange_concrete
49,0,-74,building_footprint,minecraft:orange_concrete
66,0,-74,alley,minecraft:polished_andesite
67,0,-74,alley,minecraft:polished_andesite
68,0,-74,alley,minecraft:polished_andesite
69,0,-74,alley,minecraft:polished_andesite
-71,0,-73,alley,minecraft:polished_andesite
-70,0,-73,alley,minecraft:polished_andesite
-69,0,-73,alley,minecraft:polished_andesite
-68,0,-73,alley,minecraft:polished_andesite
-45,0,-73,building_footprint,minecraft:orange_concrete
-44,0,-73,building_footprint,minecraft:orange_concrete
-43,0,-73,building_footprint,minecraft:orange_concrete
-42,0,-73,building_footprint,minecraft:orange_concrete
-41,0,-73,building_footprint,minecraft:orange_concrete
-40,0,-73,building_footprint,minecraft:orange_concrete
-39,0,-73,building_footprint,minecraft:orange_concrete
-38,0,-73,building_footprint,minecraft:orange_concrete
-37,0,-73,building_footprint,minecraft:orange_concrete
-36,0,-73,building_footprint,minecraft:orange_concrete
-35,0,-73,building_footprint,minecraft:orange_concrete
-34,0,-73,building_footprint,minecraft:orange_concrete
-33,0,-73,building_footprint,minecraft:orange_concrete
-32,0,-73,building_footprint,minecraft:orange_concrete
-31,0,-73,building_footprint,minecraft:orange_concrete
-30,0,-73,building_footprint,minecraft:orange_concrete
-29,0,-73,building_footprint,minecraft:orange_concrete
-28,0,-73,building_footprint,minecraft:orange_concrete
-27,0,-73,building_footprint,minecraft:orange_concrete
-26,0,-73,building_footprint,minecraft:orange_concrete
-25,0,-73,building_footprint,minecraft:orange_concrete
-24,0,-73,building_footprint,minecraft:orange_concrete
-23,0,-73,building_footprint,minecraft:orange_concrete
-22,0,-73,building_footprint,minecraft:orange_concrete
-21,0,-73,building_footprint,minecraft:orange_concrete
-20,0,-73,building_footprint,minecraft:orange_concrete
-19,0,-73,building_footprint,minecraft:orange_concrete
-18,0,-73,building_footprint,minecraft:orange_concrete
-17,0,-73,building_footprint,minecraft:orange_concrete
-16,0,-73,sidewalk,minecraft:smooth_stone
-15,0,-73,sidewalk,minecraft:smooth_stone
-14,0,-73,sidewalk,minecraft:smooth_stone
-13,0,-73,main_street,minecraft:black_concrete
-12,0,-73,main_street,minecraft:black_concrete
-11,0,-73,main_street,minecraft:black_concrete
-10,0,-73,main_street,minecraft:black_concrete
-9,0,-73,main_street,minecraft:black_concrete
-8,0,-73,main_street,minecraft:black_concrete
-7,0,-73,main_street,minecraft:black_concrete
-6,0,-73,main_street,minecraft:black_concrete
-5,0,-73,main_street,minecraft:black_concrete
-4,0,-73,main_street,minecraft:black_concrete
-3,0,-73,main_street,minecraft:black_concrete
-2,0,-73,main_street,minecraft:black_concrete
-1,0,-73,main_street,minecraft:black_concrete
0,0,-73,main_street,minecraft:black_concrete
1,0,-73,main_street,minecraft:black_concrete
2,0,-73,main_street,minecraft:black_concrete
3,0,-73,main_street,minecraft:black_concrete
4,0,-73,main_street,minecraft:black_concrete
5,0,-73,main_street,minecraft:black_concrete
6,0,-73,main_street,minecraft:black_concrete
7,0,-73,main_street,minecraft:black_concrete
8,0,-73,main_street,minecraft:black_concrete
9,0,-73,main_street,minecraft:black_concrete
10,0,-73,main_street,minecraft:black_concrete
11,0,-73,main_street,minecraft:black_concrete
12,0,-73,main_street,minecraft:black_concrete
13,0,-73,sidewalk,minecraft:smooth_stone
14,0,-73,sidewalk,minecraft:smooth_stone
15,0,-73,building_footprint,minecraft:orange_concrete
16,0,-73,building_footprint,minecraft:orange_concrete
17,0,-73,building_footprint,minecraft:orange_concrete
18,0,-73,building_footprint,minecraft:orange_concrete
19,0,-73,building_footprint,minecraft:orange_concrete
20,0,-73,building_footprint,minecraft:orange_concrete
21,0,-73,building_footprint,minecraft:orange_concrete
22,0,-73,building_footprint,minecraft:orange_concrete
23,0,-73,building_footprint,minecraft:orange_concrete
24,0,-73,building_footprint,minecraft:orange_concrete
25,0,-73,building_footprint,minecraft:orange_concrete
26,0,-73,building_footprint,minecraft:orange_concrete
27,0,-73,building_footprint,minecraft:orange_concrete
28,0,-73,building_footprint,minecraft:orange_concrete
29,0,-73,building_footprint,minecraft:orange_concrete
30,0,-73,building_footprint,minecraft:orange_concrete
31,0,-73,building_footprint,minecraft:orange_concrete
32,0,-73,building_footprint,minecraft:orange_concrete
33,0,-73,building_footprint,minecraft:orange_concrete
34,0,-73,building_footprint,minecraft:orange_concrete
35,0,-73,building_footprint,minecraft:orange_concrete
36,0,-73,building_footprint,minecraft:orange_concrete
37,0,-73,building_footprint,minecraft:orange_concrete
38,0,-73,building_footprint,minecraft:orange_concrete
39,0,-73,building_footprint,minecraft:orange_concrete
40,0,-73,building_footprint,minecraft:orange_concrete
41,0,-73,building_footprint,minecraft:orange_concrete
42,0,-73,building_footprint,minecraft:orange_concrete
43,0,-73,building_footprint,minecraft:orange_concrete
44,0,-73,building_footprint,minecraft:orange_concrete
45,0,-73,building_footprint,minecraft:orange_concrete
46,0,-73,building_footprint,minecraft:orange_concrete
47,0,-73,building_footprint,minecraft:orange_concrete
48,0,-73,building_footprint,minecraft:orange_concrete
49,0,-73,building_footprint,minecraft:orange_concrete
66,0,-73,alley,minecraft:polished_andesite
67,0,-73,alley,minecraft:polished_andesite
68,0,-73,alley,minecraft:polished_andesite
69,0,-73,alley,minecraft:polished_andesite
-71,0,-72,alley,minecraft:polished_andesite
-70,0,-72,alley,minecraft:polished_andesite
-69,0,-72,alley,minecraft:polished_andesite
-68,0,-72,alley,minecraft:polished_andesite
-40,0,-72,building_footprint,minecraft:orange_concrete
-39,0,-72,building_footprint,minecraft:orange_concrete
-38,0,-72,building_footprint,minecraft:orange_concrete
-37,0,-72,building_footprint,minecraft:orange_concrete
-36,0,-72,building_footprint,minecraft:orange_concrete
-35,0,-72,building_footprint,minecraft:orange_concrete
-34,0,-72,building_footprint,minecraft:orange_concrete
-33,0,-72,building_footprint,minecraft:orange_concrete
-32,0,-72,building_footprint,minecraft:orange_concrete
-31,0,-72,building_footprint,minecraft:orange_concrete
-30,0,-72,building_footprint,minecraft:orange_concrete
-29,0,-72,building_footprint,minecraft:orange_concrete
-28,0,-72,building_footprint,minecraft:orange_concrete
-27,0,-72,building_footprint,minecraft:orange_concrete
-26,0,-72,building_footprint,minecraft:orange_concrete
-25,0,-72,building_footprint,minecraft:orange_concrete
-24,0,-72,building_footprint,minecraft:orange_concrete
-23,0,-72,building_footprint,minecraft:orange_concrete
-22,0,-72,building_footprint,minecraft:orange_concrete
-21,0,-72,building_footprint,minecraft:orange_concrete
-20,0,-72,building_footprint,minecraft:orange_concrete
-19,0,-72,building_footprint,minecraft:orange_concrete
-18,0,-72,building_footprint,minecraft:orange_concrete
-17,0,-72,building_footprint,minecraft:orange_concrete
-16,0,-72,sidewalk,minecraft:smooth_stone
-15,0,-72,sidewalk,minecraft:smooth_stone
-14,0,-72,sidewalk,minecraft:smooth_stone
-13,0,-72,main_street,minecraft:black_concrete
-12,0,-72,main_street,minecraft:black_concrete
-11,0,-72,main_street,minecraft:black_concrete
-10,0,-72,main_street,minecraft:black_concrete
-9,0,-72,main_street,minecraft:black_concrete
-8,0,-72,main_street,minecraft:black_concrete
-7,0,-72,main_street,minecraft:black_concrete
-6,0,-72,main_street,minecraft:black_concrete
-5,0,-72,main_street,minecraft:black_concrete
-4,0,-72,main_street,minecraft:black_concrete
-3,0,-72,main_street,minecraft:black_concrete
-2,0,-72,main_street,minecraft:black_concrete
-1,0,-72,main_street,minecraft:black_concrete
0,0,-72,main_street,minecraft:black_concrete
1,0,-72,main_street,minecraft:black_concrete
2,0,-72,main_street,minecraft:black_concrete
3,0,-72,main_street,minecraft:black_concrete
4,0,-72,main_street,minecraft:black_concrete
5,0,-72,main_street,minecraft:black_concrete
6,0,-72,main_street,minecraft:black_concrete
7,0,-72,main_street,minecraft:black_concrete
8,0,-72,main_street,minecraft:black_concrete
9,0,-72,main_street,minecraft:black_concrete
10,0,-72,main_street,minecraft:black_concrete
11,0,-72,main_street,minecraft:black_concrete
12,0,-72,main_street,minecraft:black_concrete
13,0,-72,sidewalk,minecraft:smooth_stone
14,0,-72,sidewalk,minecraft:smooth_stone
15,0,-72,building_footprint,minecraft:orange_concrete
16,0,-72,building_footprint,minecraft:orange_concrete
17,0,-72,building_footprint,minecraft:orange_concrete
18,0,-72,building_footprint,minecraft:orange_concrete
19,0,-72,building_footprint,minecraft:orange_concrete
20,0,-72,building_footprint,minecraft:orange_concrete
21,0,-72,building_footprint,minecraft:orange_concrete
22,0,-72,building_footprint,minecraft:orange_concrete
23,0,-72,building_footprint,minecraft:orange_concrete
24,0,-72,building_footprint,minecraft:orange_concrete
25,0,-72,building_footprint,minecraft:orange_concrete
26,0,-72,building_footprint,minecraft:orange_concrete
27,0,-72,building_footprint,minecraft:orange_concrete
28,0,-72,building_footprint,minecraft:orange_concrete
29,0,-72,building_footprint,minecraft:orange_concrete
30,0,-72,building_footprint,minecraft:orange_concrete
31,0,-72,building_footprint,minecraft:orange_concrete
32,0,-72,building_footprint,minecraft:orange_concrete
33,0,-72,building_footprint,minecraft:orange_concrete
34,0,-72,building_footprint,minecraft:orange_concrete
35,0,-72,building_footprint,minecraft:orange_concrete
36,0,-72,building_footprint,minecraft:orange_concrete
37,0,-72,building_footprint,minecraft:orange_concrete
38,0,-72,building_footprint,minecraft:orange_concrete
39,0,-72,building_footprint,minecraft:orange_concrete
40,0,-72,building_footprint,minecraft:orange_concrete
41,0,-72,building_footprint,minecraft:orange_concrete
42,0,-72,building_footprint,minecraft:orange_concrete
43,0,-72,building_footprint,minecraft:orange_concrete
44,0,-72,building_footprint,minecraft:orange_concrete
45,0,-72,building_footprint,minecraft:orange_concrete
46,0,-72,building_footprint,minecraft:orange_concrete
47,0,-72,building_footprint,minecraft:orange_concrete
48,0,-72,building_footprint,minecraft:orange_concrete
49,0,-72,building_footprint,minecraft:orange_concrete
66,0,-72,alley,minecraft:polished_andesite
67,0,-72,alley,minecraft:polished_andesite
68,0,-72,alley,minecraft:polished_andesite
69,0,-72,alley,minecraft:polished_andesite
-71,0,-71,alley,minecraft:polished_andesite
-70,0,-71,alley,minecraft:polished_andesite
-69,0,-71,alley,minecraft:polished_andesite
-68,0,-71,alley,minecraft:polished_andesite
-37,0,-71,building_footprint,minecraft:orange_concrete
-36,0,-71,building_footprint,minecraft:orange_concrete
-35,0,-71,building_footprint,minecraft:orange_concrete
-34,0,-71,building_footprint,minecraft:orange_concrete
-33,0,-71,building_footprint,minecraft:orange_concrete
-32,0,-71,building_footprint,minecraft:orange_concrete
-31,0,-71,building_footprint,minecraft:orange_concrete
-30,0,-71,building_footprint,minecraft:orange_concrete
-29,0,-71,building_footprint,minecraft:orange_concrete
-28,0,-71,building_footprint,minecraft:orange_concrete
-27,0,-71,building_footprint,minecraft:orange_concrete
-26,0,-71,building_footprint,minecraft:orange_concrete
-25,0,-71,building_footprint,minecraft:orange_concrete
-24,0,-71,building_footprint,minecraft:orange_concrete
-23,0,-71,building_footprint,minecraft:orange_concrete
-22,0,-71,building_footprint,minecraft:orange_concrete
-21,0,-71,building_footprint,minecraft:orange_concrete
-20,0,-71,building_footprint,minecraft:orange_concrete
-19,0,-71,building_footprint,minecraft:orange_concrete
-18,0,-71,building_footprint,minecraft:orange_concrete
-17,0,-71,building_footprint,minecraft:orange_concrete
-16,0,-71,sidewalk,minecraft:smooth_stone
-15,0,-71,sidewalk,minecraft:smooth_stone
-14,0,-71,sidewalk,minecraft:smooth_stone
-13,0,-71,main_street,minecraft:black_concrete
-12,0,-71,main_street,minecraft:black_concrete
-11,0,-71,main_street,minecraft:black_concrete
-10,0,-71,main_street,minecraft:black_concrete
-9,0,-71,main_street,minecraft:black_concrete
-8,0,-71,main_street,minecraft:black_concrete
-7,0,-71,main_street,minecraft:black_concrete
-6,0,-71,main_street,minecraft:black_concrete
-5,0,-71,main_street,minecraft:black_concrete
-4,0,-71,main_street,minecraft:black_concrete
-3,0,-71,main_street,minecraft:black_concrete
-2,0,-71,main_street,minecraft:black_concrete
-1,0,-71,main_street,minecraft:black_concrete
0,0,-71,main_street,minecraft:black_concrete
1,0,-71,main_street,minecraft:black_concrete
2,0,-71,main_street,minecraft:black_concrete
3,0,-71,main_street,minecraft:black_concrete
4,0,-71,main_street,minecraft:black_concrete
5,0,-71,main_street,minecraft:black_concrete
6,0,-71,main_street,minecraft:black_concrete
7,0,-71,main_street,minecraft:black_concrete
8,0,-71,main_street,minecraft:black_concrete
9,0,-71,main_street,minecraft:black_concrete
10,0,-71,main_street,minecraft:black_concrete
11,0,-71,main_street,minecraft:black_concrete
12,0,-71,main_street,minecraft:black_concrete
13,0,-71,sidewalk,minecraft:smooth_stone
14,0,-71,sidewalk,minecraft:smooth_stone
15,0,-71,building_footprint,minecraft:orange_concrete
16,0,-71,building_footprint,minecraft:orange_concrete
17,0,-71,building_footprint,minecraft:orange_concrete
18,0,-71,building_footprint,minecraft:orange_concrete
19,0,-71,building_footprint,minecraft:orange_concrete
20,0,-71,building_footprint,minecraft:orange_concrete
21,0,-71,building_footprint,minecraft:orange_concrete
22,0,-71,building_footprint,minecraft:orange_concrete
23,0,-71,building_footprint,minecraft:orange_concrete
24,0,-71,building_footprint,minecraft:orange_concrete
25,0,-71,building_footprint,minecraft:orange_concrete
26,0,-71,building_footprint,minecraft:orange_concrete
27,0,-71,building_footprint,minecraft:orange_concrete
28,0,-71,building_footprint,minecraft:orange_concrete
29,0,-71,building_footprint,minecraft:orange_concrete
30,0,-71,building_footprint,minecraft:orange_concrete
31,0,-71,building_footprint,minecraft:orange_concrete
32,0,-71,building_footprint,minecraft:orange_concrete
33,0,-71,building_footprint,minecraft:orange_concrete
34,0,-71,building_footprint,minecraft:orange_concrete
35,0,-71,building_footprint,minecraft:orange_concrete
36,0,-71,building_footprint,minecraft:orange_concrete
37,0,-71,building_footprint,minecraft:orange_concrete
38,0,-71,building_footprint,minecraft:orange_concrete
39,0,-71,building_footprint,minecraft:orange_concrete
40,0,-71,building_footprint,minecraft:orange_concrete
41,0,-71,building_footprint,minecraft:orange_concrete
42,0,-71,building_footprint,minecraft:orange_concrete
43,0,-71,building_footprint,minecraft:orange_concrete
44,0,-71,building_footprint,minecraft:orange_concrete
45,0,-71,building_footprint,minecraft:orange_concrete
46,0,-71,building_footprint,minecraft:orange_concrete
47,0,-71,building_footprint,minecraft:orange_concrete
48,0,-71,building_footprint,minecraft:orange_concrete
49,0,-71,building_footprint,minecraft:orange_concrete
66,0,-71,alley,minecraft:polished_andesite
67,0,-71,alley,minecraft:polished_andesite
68,0,-71,alley,minecraft:polished_andesite
69,0,-71,alley,minecraft:polished_andesite
-71,0,-70,alley,minecraft:polished_andesite
-70,0,-70,alley,minecraft:polished_andesite
-69,0,-70,alley,minecraft:polished_andesite
-68,0,-70,alley,minecraft:polished_andesite
-37,0,-70,building_footprint,minecraft:orange_concrete
-36,0,-70,building_footprint,minecraft:orange_concrete
-35,0,-70,building_footprint,minecraft:orange_concrete
-34,0,-70,building_footprint,minecraft:orange_concrete
-33,0,-70,building_footprint,minecraft:orange_concrete
-32,0,-70,building_footprint,minecraft:orange_concrete
-31,0,-70,building_footprint,minecraft:orange_concrete
-30,0,-70,building_footprint,minecraft:orange_concrete
-29,0,-70,building_footprint,minecraft:orange_concrete
-28,0,-70,building_footprint,minecraft:orange_concrete
-27,0,-70,building_footprint,minecraft:orange_concrete
-26,0,-70,building_footprint,minecraft:orange_concrete
-25,0,-70,building_footprint,minecraft:orange_concrete
-24,0,-70,building_footprint,minecraft:orange_concrete
-23,0,-70,building_footprint,minecraft:orange_concrete
-22,0,-70,building_footprint,minecraft:orange_concrete
-21,0,-70,building_footprint,minecraft:orange_concrete
-20,0,-70,building_footprint,minecraft:orange_concrete
-19,0,-70,building_footprint,minecraft:orange_concrete
-18,0,-70,building_footprint,minecraft:orange_concrete
-17,0,-70,building_footprint,minecraft:orange_concrete
-16,0,-70,sidewalk,minecraft:smooth_stone
-15,0,-70,sidewalk,minecraft:smooth_stone
-14,0,-70,sidewalk,minecraft:smooth_stone
-13,0,-70,main_street,minecraft:black_concrete
-12,0,-70,main_street,minecraft:black_concrete
-11,0,-70,main_street,minecraft:black_concrete
-10,0,-70,main_street,minecraft:black_concrete
-9,0,-70,main_street,minecraft:black_concrete
-8,0,-70,main_street,minecraft:black_concrete
-7,0,-70,main_street,minecraft:black_concrete
-6,0,-70,main_street,minecraft:black_concrete
-5,0,-70,main_street,minecraft:black_concrete
-4,0,-70,main_street,minecraft:black_concrete
-3,0,-70,main_street,minecraft:black_concrete
-2,0,-70,main_street,minecraft:black_concrete
-1,0,-70,main_street,minecraft:black_concrete
0,0,-70,main_street,minecraft:black_concrete
1,0,-70,main_street,minecraft:black_concrete
2,0,-70,main_street,minecraft:black_concrete
3,0,-70,main_street,minecraft:black_concrete
4,0,-70,main_street,minecraft:black_concrete
5,0,-70,main_street,minecraft:black_concrete
6,0,-70,main_street,minecraft:black_concrete
7,0,-70,main_street,minecraft:black_concrete
8,0,-70,main_street,minecraft:black_concrete
9,0,-70,main_street,minecraft:black_concrete
10,0,-70,main_street,minecraft:black_concrete
11,0,-70,main_street,minecraft:black_concrete
12,0,-70,main_street,minecraft:black_concrete
13,0,-70,sidewalk,minecraft:smooth_stone
14,0,-70,sidewalk,minecraft:smooth_stone
15,0,-70,building_footprint,minecraft:orange_concrete
16,0,-70,building_footprint,minecraft:orange_concrete
17,0,-70,building_footprint,minecraft:orange_concrete
18,0,-70,building_footprint,minecraft:orange_concrete
19,0,-70,building_footprint,minecraft:orange_concrete
20,0,-70,building_footprint,minecraft:orange_concrete
21,0,-70,building_footprint,minecraft:orange_concrete
22,0,-70,building_footprint,minecraft:orange_concrete
23,0,-70,building_footprint,minecraft:orange_concrete
24,0,-70,building_footprint,minecraft:orange_concrete
25,0,-70,building_footprint,minecraft:orange_concrete
26,0,-70,building_footprint,minecraft:orange_concrete
27,0,-70,building_footprint,minecraft:orange_concrete
28,0,-70,building_footprint,minecraft:orange_concrete
29,0,-70,building_footprint,minecraft:orange_concrete
30,0,-70,building_footprint,minecraft:orange_concrete
31,0,-70,building_footprint,minecraft:orange_concrete
32,0,-70,building_footprint,minecraft:orange_concrete
33,0,-70,building_footprint,minecraft:orange_concrete
34,0,-70,building_footprint,minecraft:orange_concrete
35,0,-70,building_footprint,minecraft:orange_concrete
36,0,-70,building_footprint,minecraft:orange_concrete
37,0,-70,building_footprint,minecraft:orange_concrete
38,0,-70,building_footprint,minecraft:orange_concrete
39,0,-70,building_footprint,minecraft:orange_concrete
40,0,-70,building_footprint,minecraft:orange_concrete
41,0,-70,building_footprint,minecraft:orange_concrete
42,0,-70,building_footprint,minecraft:orange_concrete
43,0,-70,building_footprint,minecraft:orange_concrete
44,0,-70,building_footprint,minecraft:orange_concrete
45,0,-70,building_footprint,minecraft:orange_concrete
46,0,-70,building_footprint,minecraft:orange_concrete
47,0,-70,building_footprint,minecraft:orange_concrete
48,0,-70,building_footprint,minecraft:orange_concrete
49,0,-70,building_footprint,minecraft:orange_concrete
66,0,-70,alley,minecraft:polished_andesite
67,0,-70,alley,minecraft:polished_andesite
68,0,-70,alley,minecraft:polished_andesite
69,0,-70,alley,minecraft:polished_andesite
-71,0,-69,alley,minecraft:polished_andesite
-70,0,-69,alley,minecraft:polished_andesite
-69,0,-69,alley,minecraft:polished_andesite
-68,0,-69,alley,minecraft:polished_andesite
-37,0,-69,building_footprint,minecraft:orange_concrete
-36,0,-69,building_footprint,minecraft:orange_concrete
-35,0,-69,building_footprint,minecraft:orange_concrete
-34,0,-69,building_footprint,minecraft:orange_concrete
-33,0,-69,building_footprint,minecraft:orange_concrete
-32,0,-69,building_footprint,minecraft:orange_concrete
-31,0,-69,building_footprint,minecraft:orange_concrete
-30,0,-69,building_footprint,minecraft:orange_concrete
-29,0,-69,building_footprint,minecraft:orange_concrete
-28,0,-69,building_footprint,minecraft:orange_concrete
-27,0,-69,building_footprint,minecraft:orange_concrete
-26,0,-69,building_footprint,minecraft:orange_concrete
-25,0,-69,building_footprint,minecraft:orange_concrete
-24,0,-69,building_footprint,minecraft:orange_concrete
-23,0,-69,building_footprint,minecraft:orange_concrete
-22,0,-69,building_footprint,minecraft:orange_concrete
-21,0,-69,building_footprint,minecraft:orange_concrete
-20,0,-69,building_footprint,minecraft:orange_concrete
-19,0,-69,building_footprint,minecraft:orange_concrete
-18,0,-69,building_footprint,minecraft:orange_concrete
-17,0,-69,building_footprint,minecraft:orange_concrete
-16,0,-69,sidewalk,minecraft:smooth_stone
-15,0,-69,sidewalk,minecraft:smooth_stone
-14,0,-69,sidewalk,minecraft:smooth_stone
-13,0,-69,main_street,minecraft:black_concrete
-12,0,-69,main_street,minecraft:black_concrete
-11,0,-69,main_street,minecraft:black_concrete
-10,0,-69,main_street,minecraft:black_concrete
-9,0,-69,main_street,minecraft:black_concrete
-8,0,-69,main_street,minecraft:black_concrete
-7,0,-69,main_street,minecraft:black_concrete
-6,0,-69,main_street,minecraft:black_concrete
-5,0,-69,main_street,minecraft:black_concrete
-4,0,-69,main_street,minecraft:black_concrete
-3,0,-69,main_street,minecraft:black_concrete
-2,0,-69,main_street,minecraft:black_concrete
-1,0,-69,main_street,minecraft:black_concrete
0,0,-69,main_street,minecraft:black_concrete
1,0,-69,main_street,minecraft:black_concrete
2,0,-69,main_street,minecraft:black_concrete
3,0,-69,main_street,minecraft:black_concrete
4,0,-69,main_street,minecraft:black_concrete
5,0,-69,main_street,minecraft:black_concrete
6,0,-69,main_street,minecraft:black_concrete
7,0,-69,main_street,minecraft:black_concrete
8,0,-69,main_street,minecraft:black_concrete
9,0,-69,main_street,minecraft:black_concrete
10,0,-69,main_street,minecraft:black_concrete
11,0,-69,main_street,minecraft:black_concrete
12,0,-69,main_street,minecraft:black_concrete
13,0,-69,sidewalk,minecraft:smooth_stone
14,0,-69,sidewalk,minecraft:smooth_stone
15,0,-69,building_footprint,minecraft:orange_concrete
16,0,-69,building_footprint,minecraft:orange_concrete
17,0,-69,building_footprint,minecraft:orange_concrete
18,0,-69,building_footprint,minecraft:orange_concrete
19,0,-69,building_footprint,minecraft:orange_concrete
20,0,-69,building_footprint,minecraft:orange_concrete
21,0,-69,building_footprint,minecraft:orange_concrete
22,0,-69,building_footprint,minecraft:orange_concrete
23,0,-69,building_footprint,minecraft:orange_concrete
24,0,-69,building_footprint,minecraft:orange_concrete
25,0,-69,building_footprint,minecraft:orange_concrete
26,0,-69,building_footprint,minecraft:orange_concrete
27,0,-69,building_footprint,minecraft:orange_concrete
28,0,-69,building_footprint,minecraft:orange_concrete
29,0,-69,building_footprint,minecraft:orange_concrete
30,0,-69,building_footprint,minecraft:orange_concrete
31,0,-69,building_footprint,minecraft:orange_concrete
32,0,-69,building_footprint,minecraft:orange_concrete
33,0,-69,building_footprint,minecraft:orange_concrete
34,0,-69,building_footprint,minecraft:orange_concrete
35,0,-69,building_footprint,minecraft:orange_concrete
36,0,-69,building_footprint,minecraft:orange_concrete
37,0,-69,building_footprint,minecraft:orange_concrete
38,0,-69,building_footprint,minecraft:orange_concrete
39,0,-69,building_footprint,minecraft:orange_concrete
40,0,-69,building_footprint,minecraft:orange_concrete
41,0,-69,building_footprint,minecraft:orange_concrete
42,0,-69,building_footprint,minecraft:orange_concrete
43,0,-69,building_footprint,minecraft:orange_concrete
44,0,-69,building_footprint,minecraft:orange_concrete
45,0,-69,building_footprint,minecraft:orange_concrete
46,0,-69,building_footprint,minecraft:orange_concrete
47,0,-69,building_footprint,minecraft:orange_concrete
48,0,-69,building_footprint,minecraft:orange_concrete
49,0,-69,building_footprint,minecraft:orange_concrete
66,0,-69,alley,minecraft:polished_andesite
67,0,-69,alley,minecraft:polished_andesite
68,0,-69,alley,minecraft:polished_andesite
69,0,-69,alley,minecraft:polished_andesite
-71,0,-68,alley,minecraft:polished_andesite
-70,0,-68,alley,minecraft:polished_andesite
-69,0,-68,alley,minecraft:polished_andesite
-68,0,-68,alley,minecraft:polished_andesite
-37,0,-68,building_footprint,minecraft:orange_concrete
-36,0,-68,building_footprint,minecraft:orange_concrete
-35,0,-68,building_footprint,minecraft:orange_concrete
-34,0,-68,building_footprint,minecraft:orange_concrete
-33,0,-68,building_footprint,minecraft:orange_concrete
-32,0,-68,building_footprint,minecraft:orange_concrete
-31,0,-68,building_footprint,minecraft:orange_concrete
-30,0,-68,building_footprint,minecraft:orange_concrete
-29,0,-68,building_footprint,minecraft:orange_concrete
-28,0,-68,building_footprint,minecraft:orange_concrete
-27,0,-68,building_footprint,minecraft:orange_concrete
-26,0,-68,building_footprint,minecraft:orange_concrete
-25,0,-68,building_footprint,minecraft:orange_concrete
-24,0,-68,building_footprint,minecraft:orange_concrete
-23,0,-68,building_footprint,minecraft:orange_concrete
-22,0,-68,building_footprint,minecraft:orange_concrete
-21,0,-68,building_footprint,minecraft:orange_concrete
-20,0,-68,building_footprint,minecraft:orange_concrete
-19,0,-68,building_footprint,minecraft:orange_concrete
-18,0,-68,building_footprint,minecraft:orange_concrete
-17,0,-68,building_footprint,minecraft:orange_concrete
-16,0,-68,sidewalk,minecraft:smooth_stone
-15,0,-68,sidewalk,minecraft:smooth_stone
-14,0,-68,sidewalk,minecraft:smooth_stone
-13,0,-68,main_street,minecraft:black_concrete
-12,0,-68,main_street,minecraft:black_concrete
-11,0,-68,main_street,minecraft:black_concrete
-10,0,-68,main_street,minecraft:black_concrete
-9,0,-68,main_street,minecraft:black_concrete
-8,0,-68,main_street,minecraft:black_concrete
-7,0,-68,main_street,minecraft:black_concrete
-6,0,-68,main_street,minecraft:black_concrete
-5,0,-68,main_street,minecraft:black_concrete
-4,0,-68,main_street,minecraft:black_concrete
-3,0,-68,main_street,minecraft:black_concrete
-2,0,-68,main_street,minecraft:black_concrete
-1,0,-68,main_street,minecraft:black_concrete
0,0,-68,main_street,minecraft:black_concrete
1,0,-68,main_street,minecraft:black_concrete
2,0,-68,main_street,minecraft:black_concrete
3,0,-68,main_street,minecraft:black_concrete
4,0,-68,main_street,minecraft:black_concrete
5,0,-68,main_street,minecraft:black_concrete
6,0,-68,main_street,minecraft:black_concrete
7,0,-68,main_street,minecraft:black_concrete
8,0,-68,main_street,minecraft:black_concrete
9,0,-68,main_street,minecraft:black_concrete
10,0,-68,main_street,minecraft:black_concrete
11,0,-68,main_street,minecraft:black_concrete
12,0,-68,main_street,minecraft:black_concrete
13,0,-68,sidewalk,minecraft:smooth_stone
14,0,-68,sidewalk,minecraft:smooth_stone
15,0,-68,building_footprint,minecraft:orange_concrete
16,0,-68,building_footprint,minecraft:orange_concrete
17,0,-68,building_footprint,minecraft:orange_concrete
18,0,-68,building_footprint,minecraft:orange_concrete
19,0,-68,building_footprint,minecraft:orange_concrete
20,0,-68,building_footprint,minecraft:orange_concrete
21,0,-68,building_footprint,minecraft:orange_concrete
22,0,-68,building_footprint,minecraft:orange_concrete
23,0,-68,building_footprint,minecraft:orange_concrete
24,0,-68,building_footprint,minecraft:orange_concrete
25,0,-68,building_footprint,minecraft:orange_concrete
26,0,-68,building_footprint,minecraft:orange_concrete
27,0,-68,building_footprint,minecraft:orange_concrete
28,0,-68,building_footprint,minecraft:orange_concrete
29,0,-68,building_footprint,minecraft:orange_concrete
30,0,-68,building_footprint,minecraft:orange_concrete
31,0,-68,building_footprint,minecraft:orange_concrete
32,0,-68,building_footprint,minecraft:orange_concrete
33,0,-68,building_footprint,minecraft:orange_concrete
34,0,-68,building_footprint,minecraft:orange_concrete
35,0,-68,building_footprint,minecraft:orange_concrete
36,0,-68,building_footprint,minecraft:orange_concrete
37,0,-68,building_footprint,minecraft:orange_concrete
38,0,-68,building_footprint,minecraft:orange_concrete
39,0,-68,building_footprint,minecraft:orange_concrete
40,0,-68,building_footprint,minecraft:orange_concrete
41,0,-68,building_footprint,minecraft:orange_concrete
42,0,-68,building_footprint,minecraft:orange_concrete
43,0,-68,building_footprint,minecraft:orange_concrete
44,0,-68,building_footprint,minecraft:orange_concrete
45,0,-68,building_footprint,minecraft:orange_concrete
46,0,-68,building_footprint,minecraft:orange_concrete
47,0,-68,building_footprint,minecraft:orange_concrete
48,0,-68,building_footprint,minecraft:orange_concrete
49,0,-68,building_footprint,minecraft:orange_concrete
66,0,-68,alley,minecraft:polished_andesite
67,0,-68,alley,minecraft:polished_andesite
68,0,-68,alley,minecraft:polished_andesite
69,0,-68,alley,minecraft:polished_andesite
-71,0,-67,alley,minecraft:polished_andesite
-70,0,-67,alley,minecraft:polished_andesite
-69,0,-67,alley,minecraft:polished_andesite
-68,0,-67,alley,minecraft:polished_andesite
-50,0,-67,building_footprint,minecraft:orange_concrete
-49,0,-67,building_footprint,minecraft:orange_concrete
-48,0,-67,building_footprint,minecraft:orange_concrete
-47,0,-67,building_footprint,minecraft:orange_concrete
-46,0,-67,building_footprint,minecraft:orange_concrete
-45,0,-67,building_footprint,minecraft:orange_concrete
-44,0,-67,building_footprint,minecraft:orange_concrete
-43,0,-67,building_footprint,minecraft:orange_concrete
-42,0,-67,building_footprint,minecraft:orange_concrete
-41,0,-67,building_footprint,minecraft:orange_concrete
-40,0,-67,building_footprint,minecraft:orange_concrete
-39,0,-67,building_footprint,minecraft:orange_concrete
-38,0,-67,building_footprint,minecraft:orange_concrete
-37,0,-67,building_footprint,minecraft:orange_concrete
-36,0,-67,building_footprint,minecraft:orange_concrete
-35,0,-67,building_footprint,minecraft:orange_concrete
-34,0,-67,building_footprint,minecraft:orange_concrete
-33,0,-67,building_footprint,minecraft:orange_concrete
-32,0,-67,building_footprint,minecraft:orange_concrete
-31,0,-67,building_footprint,minecraft:orange_concrete
-30,0,-67,building_footprint,minecraft:orange_concrete
-29,0,-67,building_footprint,minecraft:orange_concrete
-28,0,-67,building_footprint,minecraft:orange_concrete
-27,0,-67,building_footprint,minecraft:orange_concrete
-26,0,-67,building_footprint,minecraft:orange_concrete
-25,0,-67,building_footprint,minecraft:orange_concrete
-24,0,-67,building_footprint,minecraft:orange_concrete
-23,0,-67,building_footprint,minecraft:orange_concrete
-22,0,-67,building_footprint,minecraft:orange_concrete
-21,0,-67,building_footprint,minecraft:orange_concrete
-20,0,-67,building_footprint,minecraft:orange_concrete
-19,0,-67,building_footprint,minecraft:orange_concrete
-18,0,-67,building_footprint,minecraft:orange_concrete
-17,0,-67,building_footprint,minecraft:orange_concrete
-16,0,-67,sidewalk,minecraft:smooth_stone
-15,0,-67,sidewalk,minecraft:smooth_stone
-14,0,-67,sidewalk,minecraft:smooth_stone
-13,0,-67,main_street,minecraft:black_concrete
-12,0,-67,main_street,minecraft:black_concrete
-11,0,-67,main_street,minecraft:black_concrete
-10,0,-67,main_street,minecraft:black_concrete
-9,0,-67,main_street,minecraft:black_concrete
-8,0,-67,main_street,minecraft:black_concrete
-7,0,-67,main_street,minecraft:black_concrete
-6,0,-67,main_street,minecraft:black_concrete
-5,0,-67,main_street,minecraft:black_concrete
-4,0,-67,main_street,minecraft:black_concrete
-3,0,-67,main_street,minecraft:black_concrete
-2,0,-67,main_street,minecraft:black_concrete
-1,0,-67,main_street,minecraft:black_concrete
0,0,-67,main_street,minecraft:black_concrete
1,0,-67,main_street,minecraft:black_concrete
2,0,-67,main_street,minecraft:black_concrete
3,0,-67,main_street,minecraft:black_concrete
4,0,-67,main_street,minecraft:black_concrete
5,0,-67,main_street,minecraft:black_concrete
6,0,-67,main_street,minecraft:black_concrete
7,0,-67,main_street,minecraft:black_concrete
8,0,-67,main_street,minecraft:black_concrete
9,0,-67,main_street,minecraft:black_concrete
10,0,-67,main_street,minecraft:black_concrete
11,0,-67,main_street,minecraft:black_concrete
12,0,-67,main_street,minecraft:black_concrete
13,0,-67,sidewalk,minecraft:smooth_stone
14,0,-67,sidewalk,minecraft:smooth_stone
15,0,-67,building_footprint,minecraft:orange_concrete
16,0,-67,building_footprint,minecraft:orange_concrete
17,0,-67,building_footprint,minecraft:orange_concrete
18,0,-67,building_footprint,minecraft:orange_concrete
19,0,-67,building_footprint,minecraft:orange_concrete
20,0,-67,building_footprint,minecraft:orange_concrete
21,0,-67,building_footprint,minecraft:orange_concrete
22,0,-67,building_footprint,minecraft:orange_concrete
23,0,-67,building_footprint,minecraft:orange_concrete
24,0,-67,building_footprint,minecraft:orange_concrete
25,0,-67,building_footprint,minecraft:orange_concrete
26,0,-67,building_footprint,minecraft:orange_concrete
27,0,-67,building_footprint,minecraft:orange_concrete
28,0,-67,building_footprint,minecraft:orange_concrete
29,0,-67,building_footprint,minecraft:orange_concrete
30,0,-67,building_footprint,minecraft:orange_concrete
31,0,-67,building_footprint,minecraft:orange_concrete
32,0,-67,building_footprint,minecraft:orange_concrete
33,0,-67,building_footprint,minecraft:orange_concrete
34,0,-67,building_footprint,minecraft:orange_concrete
35,0,-67,building_footprint,minecraft:orange_concrete
36,0,-67,building_footprint,minecraft:orange_concrete
37,0,-67,building_footprint,minecraft:orange_concrete
38,0,-67,building_footprint,minecraft:orange_concrete
39,0,-67,building_footprint,minecraft:orange_concrete
40,0,-67,building_footprint,minecraft:orange_concrete
41,0,-67,building_footprint,minecraft:orange_concrete
42,0,-67,building_footprint,minecraft:orange_concrete
43,0,-67,building_footprint,minecraft:orange_concrete
44,0,-67,building_footprint,minecraft:orange_concrete
45,0,-67,building_footprint,minecraft:orange_concrete
46,0,-67,building_footprint,minecraft:orange_concrete
47,0,-67,building_footprint,minecraft:orange_concrete
48,0,-67,building_footprint,minecraft:orange_concrete
49,0,-67,building_footprint,minecraft:orange_concrete
50,0,-67,building_footprint,minecraft:orange_concrete
51,0,-67,building_footprint,minecraft:orange_concrete
66,0,-67,alley,minecraft:polished_andesite
67,0,-67,alley,minecraft:polished_andesite
68,0,-67,alley,minecraft:polished_andesite
69,0,-67,alley,minecraft:polished_andesite
-71,0,-66,alley,minecraft:polished_andesite
-70,0,-66,alley,minecraft:polished_andesite
-69,0,-66,alley,minecraft:polished_andesite
-68,0,-66,alley,minecraft:polished_andesite
-51,0,-66,building_footprint,minecraft:orange_concrete
-50,0,-66,building_footprint,minecraft:orange_concrete
-49,0,-66,building_footprint,minecraft:orange_concrete
-48,0,-66,building_footprint,minecraft:orange_concrete
-47,0,-66,building_footprint,minecraft:orange_concrete
-46,0,-66,building_footprint,minecraft:orange_concrete
-45,0,-66,building_footprint,minecraft:orange_concrete
-44,0,-66,building_footprint,minecraft:orange_concrete
-43,0,-66,building_footprint,minecraft:orange_concrete
-42,0,-66,building_footprint,minecraft:orange_concrete
-41,0,-66,building_footprint,minecraft:orange_concrete
-40,0,-66,building_footprint,minecraft:orange_concrete
-39,0,-66,building_footprint,minecraft:orange_concrete
-38,0,-66,building_footprint,minecraft:orange_concrete
-37,0,-66,building_footprint,minecraft:orange_concrete
-36,0,-66,building_footprint,minecraft:orange_concrete
-35,0,-66,building_footprint,minecraft:orange_concrete
-34,0,-66,building_footprint,minecraft:orange_concrete
-33,0,-66,building_footprint,minecraft:orange_concrete
-32,0,-66,building_footprint,minecraft:orange_concrete
-31,0,-66,building_footprint,minecraft:orange_concrete
-30,0,-66,building_footprint,minecraft:orange_concrete
-29,0,-66,building_footprint,minecraft:orange_concrete
-28,0,-66,building_footprint,minecraft:orange_concrete
-27,0,-66,building_footprint,minecraft:orange_concrete
-26,0,-66,building_footprint,minecraft:orange_concrete
-25,0,-66,building_footprint,minecraft:orange_concrete
-24,0,-66,building_footprint,minecraft:orange_concrete
-23,0,-66,building_footprint,minecraft:orange_concrete
-22,0,-66,building_footprint,minecraft:orange_concrete
-21,0,-66,building_footprint,minecraft:orange_concrete
-20,0,-66,building_footprint,minecraft:orange_concrete
-19,0,-66,building_footprint,minecraft:orange_concrete
-18,0,-66,building_footprint,minecraft:orange_concrete
-17,0,-66,building_footprint,minecraft:orange_concrete
-16,0,-66,sidewalk,minecraft:smooth_stone
-15,0,-66,sidewalk,minecraft:smooth_stone
-14,0,-66,sidewalk,minecraft:smooth_stone
-13,0,-66,main_street,minecraft:black_concrete
-12,0,-66,main_street,minecraft:black_concrete
-11,0,-66,main_street,minecraft:black_concrete
-10,0,-66,main_street,minecraft:black_concrete
-9,0,-66,main_street,minecraft:black_concrete
-8,0,-66,main_street,minecraft:black_concrete
-7,0,-66,main_street,minecraft:black_concrete
-6,0,-66,main_street,minecraft:black_concrete
-5,0,-66,main_street,minecraft:black_concrete
-4,0,-66,main_street,minecraft:black_concrete
-3,0,-66,main_street,minecraft:black_concrete
-2,0,-66,main_street,minecraft:black_concrete
-1,0,-66,main_street,minecraft:black_concrete
0,0,-66,main_street,minecraft:black_concrete
1,0,-66,main_street,minecraft:black_concrete
2,0,-66,main_street,minecraft:black_concrete
3,0,-66,main_street,minecraft:black_concrete
4,0,-66,main_street,minecraft:black_concrete
5,0,-66,main_street,minecraft:black_concrete
6,0,-66,main_street,minecraft:black_concrete
7,0,-66,main_street,minecraft:black_concrete
8,0,-66,main_street,minecraft:black_concrete
9,0,-66,main_street,minecraft:black_concrete
10,0,-66,main_street,minecraft:black_concrete
11,0,-66,main_street,minecraft:black_concrete
12,0,-66,main_street,minecraft:black_concrete
13,0,-66,sidewalk,minecraft:smooth_stone
14,0,-66,sidewalk,minecraft:smooth_stone
15,0,-66,building_footprint,minecraft:orange_concrete
16,0,-66,building_footprint,minecraft:orange_concrete
17,0,-66,building_footprint,minecraft:orange_concrete
18,0,-66,building_footprint,minecraft:orange_concrete
19,0,-66,building_footprint,minecraft:orange_concrete
20,0,-66,building_footprint,minecraft:orange_concrete
21,0,-66,building_footprint,minecraft:orange_concrete
22,0,-66,building_footprint,minecraft:orange_concrete
23,0,-66,building_footprint,minecraft:orange_concrete
24,0,-66,building_footprint,minecraft:orange_concrete
25,0,-66,building_footprint,minecraft:orange_concrete
26,0,-66,building_footprint,minecraft:orange_concrete
27,0,-66,building_footprint,minecraft:orange_concrete
28,0,-66,building_footprint,minecraft:orange_concrete
29,0,-66,building_footprint,minecraft:orange_concrete
30,0,-66,building_footprint,minecraft:orange_concrete
31,0,-66,building_footprint,minecraft:orange_concrete
32,0,-66,building_footprint,minecraft:orange_concrete
33,0,-66,building_footprint,minecraft:orange_concrete
34,0,-66,building_footprint,minecraft:orange_concrete
35,0,-66,building_footprint,minecraft:orange_concrete
36,0,-66,building_footprint,minecraft:orange_concrete
37,0,-66,building_footprint,minecraft:orange_concrete
38,0,-66,building_footprint,minecraft:orange_concrete
39,0,-66,building_footprint,minecraft:orange_concrete
40,0,-66,building_footprint,minecraft:orange_concrete
41,0,-66,building_footprint,minecraft:orange_concrete
42,0,-66,building_footprint,minecraft:orange_concrete
43,0,-66,building_footprint,minecraft:orange_concrete
44,0,-66,building_footprint,minecraft:orange_concrete
45,0,-66,building_footprint,minecraft:orange_concrete
46,0,-66,building_footprint,minecraft:orange_concrete
47,0,-66,building_footprint,minecraft:orange_concrete
48,0,-66,building_footprint,minecraft:orange_concrete
49,0,-66,building_footprint,minecraft:orange_concrete
50,0,-66,building_footprint,minecraft:orange_concrete
51,0,-66,building_footprint,minecraft:orange_concrete
66,0,-66,alley,minecraft:polished_andesite
67,0,-66,alley,minecraft:polished_andesite
68,0,-66,alley,minecraft:polished_andesite
69,0,-66,alley,minecraft:polished_andesite
-71,0,-65,alley,minecraft:polished_andesite
-70,0,-65,alley,minecraft:polished_andesite
-69,0,-65,alley,minecraft:polished_andesite
-68,0,-65,alley,minecraft:polished_andesite
-51,0,-65,building_footprint,minecraft:orange_concrete
-50,0,-65,building_footprint,minecraft:orange_concrete
-49,0,-65,building_footprint,minecraft:orange_concrete
-48,0,-65,building_footprint,minecraft:orange_concrete
-47,0,-65,building_footprint,minecraft:orange_concrete
-46,0,-65,building_footprint,minecraft:orange_concrete
-45,0,-65,building_footprint,minecraft:orange_concrete
-44,0,-65,building_footprint,minecraft:orange_concrete
-43,0,-65,building_footprint,minecraft:orange_concrete
-42,0,-65,building_footprint,minecraft:orange_concrete
-41,0,-65,building_footprint,minecraft:orange_concrete
-40,0,-65,building_footprint,minecraft:orange_concrete
-39,0,-65,building_footprint,minecraft:orange_concrete
-38,0,-65,building_footprint,minecraft:orange_concrete
-37,0,-65,building_footprint,minecraft:orange_concrete
-36,0,-65,building_footprint,minecraft:orange_concrete
-35,0,-65,building_footprint,minecraft:orange_concrete
-34,0,-65,building_footprint,minecraft:orange_concrete
-33,0,-65,building_footprint,minecraft:orange_concrete
-32,0,-65,building_footprint,minecraft:orange_concrete
-31,0,-65,building_footprint,minecraft:orange_concrete
-30,0,-65,building_footprint,minecraft:orange_concrete
-29,0,-65,building_footprint,minecraft:orange_concrete
-28,0,-65,building_footprint,minecraft:orange_concrete
-27,0,-65,building_footprint,minecraft:orange_concrete
-26,0,-65,building_footprint,minecraft:orange_concrete
-25,0,-65,building_footprint,minecraft:orange_concrete
-24,0,-65,building_footprint,minecraft:orange_concrete
-23,0,-65,building_footprint,minecraft:orange_concrete
-22,0,-65,building_footprint,minecraft:orange_concrete
-21,0,-65,building_footprint,minecraft:orange_concrete
-20,0,-65,building_footprint,minecraft:orange_concrete
-19,0,-65,building_footprint,minecraft:orange_concrete
-18,0,-65,building_footprint,minecraft:orange_concrete
-17,0,-65,building_footprint,minecraft:orange_concrete
-16,0,-65,sidewalk,minecraft:smooth_stone
-15,0,-65,sidewalk,minecraft:smooth_stone
-14,0,-65,sidewalk,minecraft:smooth_stone
-13,0,-65,main_street,minecraft:black_concrete
-12,0,-65,main_street,minecraft:black_concrete
-11,0,-65,main_street,minecraft:black_concrete
-10,0,-65,main_street,minecraft:black_concrete
-9,0,-65,main_street,minecraft:black_concrete
-8,0,-65,main_street,minecraft:black_concrete
-7,0,-65,main_street,minecraft:black_concrete
-6,0,-65,main_street,minecraft:black_concrete
-5,0,-65,main_street,minecraft:black_concrete
-4,0,-65,main_street,minecraft:black_concrete
-3,0,-65,main_street,minecraft:black_concrete
-2,0,-65,main_street,minecraft:black_concrete
-1,0,-65,main_street,minecraft:black_concrete
0,0,-65,main_street,minecraft:black_concrete
1,0,-65,main_street,minecraft:black_concrete
2,0,-65,main_street,minecraft:black_concrete
3,0,-65,main_street,minecraft:black_concrete
4,0,-65,main_street,minecraft:black_concrete
5,0,-65,main_street,minecraft:black_concrete
6,0,-65,main_street,minecraft:black_concrete
7,0,-65,main_street,minecraft:black_concrete
8,0,-65,main_street,minecraft:black_concrete
9,0,-65,main_street,minecraft:black_concrete
10,0,-65,main_street,minecraft:black_concrete
11,0,-65,main_street,minecraft:black_concrete
12,0,-65,main_street,minecraft:black_concrete
13,0,-65,sidewalk,minecraft:smooth_stone
14,0,-65,sidewalk,minecraft:smooth_stone
15,0,-65,building_footprint,minecraft:orange_concrete
16,0,-65,building_footprint,minecraft:orange_concrete
17,0,-65,building_footprint,minecraft:orange_concrete
18,0,-65,building_footprint,minecraft:orange_concrete
19,0,-65,building_footprint,minecraft:orange_concrete
20,0,-65,building_footprint,minecraft:orange_concrete
21,0,-65,building_footprint,minecraft:orange_concrete
22,0,-65,building_footprint,minecraft:orange_concrete
23,0,-65,building_footprint,minecraft:orange_concrete
24,0,-65,building_footprint,minecraft:orange_concrete
25,0,-65,building_footprint,minecraft:orange_concrete
26,0,-65,building_footprint,minecraft:orange_concrete
27,0,-65,building_footprint,minecraft:orange_concrete
28,0,-65,building_footprint,minecraft:orange_concrete
29,0,-65,building_footprint,minecraft:orange_concrete
30,0,-65,building_footprint,minecraft:orange_concrete
31,0,-65,building_footprint,minecraft:orange_concrete
32,0,-65,building_footprint,minecraft:orange_concrete
33,0,-65,building_footprint,minecraft:orange_concrete
34,0,-65,building_footprint,minecraft:orange_concrete
35,0,-65,building_footprint,minecraft:orange_concrete
36,0,-65,building_footprint,minecraft:orange_concrete
37,0,-65,building_footprint,minecraft:orange_concrete
38,0,-65,building_footprint,minecraft:orange_concrete
39,0,-65,building_footprint,minecraft:orange_concrete
40,0,-65,building_footprint,minecraft:orange_concrete
41,0,-65,building_footprint,minecraft:orange_concrete
42,0,-65,building_footprint,minecraft:orange_concrete
43,0,-65,building_footprint,minecraft:orange_concrete
44,0,-65,building_footprint,minecraft:orange_concrete
45,0,-65,building_footprint,minecraft:orange_concrete
46,0,-65,building_footprint,minecraft:orange_concrete
47,0,-65,building_footprint,minecraft:orange_concrete
48,0,-65,building_footprint,minecraft:orange_concrete
49,0,-65,building_footprint,minecraft:orange_concrete
50,0,-65,building_footprint,minecraft:orange_concrete
51,0,-65,building_footprint,minecraft:orange_concrete
66,0,-65,alley,minecraft:polished_andesite
67,0,-65,alley,minecraft:polished_andesite
68,0,-65,alley,minecraft:polished_andesite
69,0,-65,alley,minecraft:polished_andesite
-71,0,-64,alley,minecraft:polished_andesite
-70,0,-64,alley,minecraft:polished_andesite
-69,0,-64,alley,minecraft:polished_andesite
-68,0,-64,alley,minecraft:polished_andesite
-51,0,-64,building_footprint,minecraft:orange_concrete
-50,0,-64,building_footprint,minecraft:orange_concrete
-49,0,-64,building_footprint,minecraft:orange_concrete
-48,0,-64,building_footprint,minecraft:orange_concrete
-47,0,-64,building_footprint,minecraft:orange_concrete
-46,0,-64,building_footprint,minecraft:orange_concrete
-45,0,-64,building_footprint,minecraft:orange_concrete
-44,0,-64,building_footprint,minecraft:orange_concrete
-43,0,-64,building_footprint,minecraft:orange_concrete
-42,0,-64,building_footprint,minecraft:orange_concrete
-41,0,-64,building_footprint,minecraft:orange_concrete
-40,0,-64,building_footprint,minecraft:orange_concrete
-39,0,-64,building_footprint,minecraft:orange_concrete
-38,0,-64,building_footprint,minecraft:orange_concrete
-37,0,-64,building_footprint,minecraft:orange_concrete
-36,0,-64,building_footprint,minecraft:orange_concrete
-35,0,-64,building_footprint,minecraft:orange_concrete
-34,0,-64,building_footprint,minecraft:orange_concrete
-33,0,-64,building_footprint,minecraft:orange_concrete
-32,0,-64,building_footprint,minecraft:orange_concrete
-31,0,-64,building_footprint,minecraft:orange_concrete
-30,0,-64,building_footprint,minecraft:orange_concrete
-29,0,-64,building_footprint,minecraft:orange_concrete
-28,0,-64,building_footprint,minecraft:orange_concrete
-27,0,-64,building_footprint,minecraft:orange_concrete
-26,0,-64,building_footprint,minecraft:orange_concrete
-25,0,-64,building_footprint,minecraft:orange_concrete
-24,0,-64,building_footprint,minecraft:orange_concrete
-23,0,-64,building_footprint,minecraft:orange_concrete
-22,0,-64,building_footprint,minecraft:orange_concrete
-21,0,-64,building_footprint,minecraft:orange_concrete
-20,0,-64,building_footprint,minecraft:orange_concrete
-19,0,-64,building_footprint,minecraft:orange_concrete
-18,0,-64,building_footprint,minecraft:orange_concrete
-17,0,-64,building_footprint,minecraft:orange_concrete
-16,0,-64,sidewalk,minecraft:smooth_stone
-15,0,-64,sidewalk,minecraft:smooth_stone
-14,0,-64,sidewalk,minecraft:smooth_stone
-13,0,-64,main_street,minecraft:black_concrete
-12,0,-64,main_street,minecraft:black_concrete
-11,0,-64,main_street,minecraft:black_concrete
-10,0,-64,main_street,minecraft:black_concrete
-9,0,-64,main_street,minecraft:black_concrete
-8,0,-64,main_street,minecraft:black_concrete
-7,0,-64,main_street,minecraft:black_concrete
-6,0,-64,main_street,minecraft:black_concrete
-5,0,-64,main_street,minecraft:black_concrete
-4,0,-64,main_street,minecraft:black_concrete
-3,0,-64,main_street,minecraft:black_concrete
-2,0,-64,main_street,minecraft:black_concrete
-1,0,-64,main_street,minecraft:black_concrete
0,0,-64,main_street,minecraft:black_concrete
1,0,-64,main_street,minecraft:black_concrete
2,0,-64,main_street,minecraft:black_concrete
3,0,-64,main_street,minecraft:black_concrete
4,0,-64,main_street,minecraft:black_concrete
5,0,-64,main_street,minecraft:black_concrete
6,0,-64,main_street,minecraft:black_concrete
7,0,-64,main_street,minecraft:black_concrete
8,0,-64,main_street,minecraft:black_concrete
9,0,-64,main_street,minecraft:black_concrete
10,0,-64,main_street,minecraft:black_concrete
11,0,-64,main_street,minecraft:black_concrete
12,0,-64,main_street,minecraft:black_concrete
13,0,-64,sidewalk,minecraft:smooth_stone
14,0,-64,sidewalk,minecraft:smooth_stone
15,0,-64,building_footprint,minecraft:orange_concrete
16,0,-64,building_footprint,minecraft:orange_concrete
17,0,-64,building_footprint,minecraft:orange_concrete
18,0,-64,building_footprint,minecraft:orange_concrete
19,0,-64,building_footprint,minecraft:orange_concrete
20,0,-64,building_footprint,minecraft:orange_concrete
21,0,-64,building_footprint,minecraft:orange_concrete
22,0,-64,building_footprint,minecraft:orange_concrete
23,0,-64,building_footprint,minecraft:orange_concrete
24,0,-64,building_footprint,minecraft:orange_concrete
25,0,-64,building_footprint,minecraft:orange_concrete
26,0,-64,building_footprint,minecraft:orange_concrete
27,0,-64,building_footprint,minecraft:orange_concrete
28,0,-64,building_footprint,minecraft:orange_concrete
29,0,-64,building_footprint,minecraft:orange_concrete
30,0,-64,building_footprint,minecraft:orange_concrete
31,0,-64,building_footprint,minecraft:orange_concrete
32,0,-64,building_footprint,minecraft:orange_concrete
33,0,-64,building_footprint,minecraft:orange_concrete
34,0,-64,building_footprint,minecraft:orange_concrete
35,0,-64,building_footprint,minecraft:orange_concrete
36,0,-64,building_footprint,minecraft:orange_concrete
37,0,-64,building_footprint,minecraft:orange_concrete
38,0,-64,building_footprint,minecraft:orange_concrete
39,0,-64,building_footprint,minecraft:orange_concrete
40,0,-64,building_footprint,minecraft:orange_concrete
41,0,-64,building_footprint,minecraft:orange_concrete
42,0,-64,building_footprint,minecraft:orange_concrete
43,0,-64,building_footprint,minecraft:orange_concrete
44,0,-64,building_footprint,minecraft:orange_concrete
45,0,-64,building_footprint,minecraft:orange_concrete
46,0,-64,building_footprint,minecraft:orange_concrete
47,0,-64,building_footprint,minecraft:orange_concrete
48,0,-64,building_footprint,minecraft:orange_concrete
49,0,-64,building_footprint,minecraft:orange_concrete
50,0,-64,building_footprint,minecraft:orange_concrete
51,0,-64,building_footprint,minecraft:orange_concrete
66,0,-64,alley,minecraft:polished_andesite
67,0,-64,alley,minecraft:polished_andesite
68,0,-64,alley,minecraft:polished_andesite
69,0,-64,alley,minecraft:polished_andesite
-71,0,-63,alley,minecraft:polished_andesite
-70,0,-63,alley,minecraft:polished_andesite
-69,0,-63,alley,minecraft:polished_andesite
-68,0,-63,alley,minecraft:polished_andesite
-51,0,-63,building_footprint,minecraft:orange_concrete
-50,0,-63,building_footprint,minecraft:orange_concrete
-49,0,-63,building_footprint,minecraft:orange_concrete
-48,0,-63,building_footprint,minecraft:orange_concrete
-47,0,-63,building_footprint,minecraft:orange_concrete
-46,0,-63,building_footprint,minecraft:orange_concrete
-45,0,-63,building_footprint,minecraft:orange_concrete
-44,0,-63,building_footprint,minecraft:orange_concrete
-43,0,-63,building_footprint,minecraft:orange_concrete
-42,0,-63,building_footprint,minecraft:orange_concrete
-41,0,-63,building_footprint,minecraft:orange_concrete
-40,0,-63,building_footprint,minecraft:orange_concrete
-39,0,-63,building_footprint,minecraft:orange_concrete
-38,0,-63,building_footprint,minecraft:orange_concrete
-37,0,-63,building_footprint,minecraft:orange_concrete
-36,0,-63,building_footprint,minecraft:orange_concrete
-35,0,-63,building_footprint,minecraft:orange_concrete
-34,0,-63,building_footprint,minecraft:orange_concrete
-33,0,-63,building_footprint,minecraft:orange_concrete
-32,0,-63,building_footprint,minecraft:orange_concrete
-31,0,-63,building_footprint,minecraft:orange_concrete
-30,0,-63,building_footprint,minecraft:orange_concrete
-29,0,-63,building_footprint,minecraft:orange_concrete
-28,0,-63,building_footprint,minecraft:orange_concrete
-27,0,-63,building_footprint,minecraft:orange_concrete
-26,0,-63,building_footprint,minecraft:orange_concrete
-25,0,-63,building_footprint,minecraft:orange_concrete
-24,0,-63,building_footprint,minecraft:orange_concrete
-23,0,-63,building_footprint,minecraft:orange_concrete
-22,0,-63,building_footprint,minecraft:orange_concrete
-21,0,-63,building_footprint,minecraft:orange_concrete
-20,0,-63,building_footprint,minecraft:orange_concrete
-19,0,-63,building_footprint,minecraft:orange_concrete
-18,0,-63,building_footprint,minecraft:orange_concrete
-17,0,-63,building_footprint,minecraft:orange_concrete
-16,0,-63,sidewalk,minecraft:smooth_stone
-15,0,-63,sidewalk,minecraft:smooth_stone
-14,0,-63,sidewalk,minecraft:smooth_stone
-13,0,-63,main_street,minecraft:black_concrete
-12,0,-63,main_street,minecraft:black_concrete
-11,0,-63,main_street,minecraft:black_concrete
-10,0,-63,main_street,minecraft:black_concrete
-9,0,-63,main_street,minecraft:black_concrete
-8,0,-63,main_street,minecraft:black_concrete
-7,0,-63,main_street,minecraft:black_concrete
-6,0,-63,main_street,minecraft:black_concrete
-5,0,-63,main_street,minecraft:black_concrete
-4,0,-63,main_street,minecraft:black_concrete
-3,0,-63,main_street,minecraft:black_concrete
-2,0,-63,main_street,minecraft:black_concrete
-1,0,-63,main_street,minecraft:black_concrete
0,0,-63,main_street,minecraft:black_concrete
1,0,-63,main_street,minecraft:black_concrete
2,0,-63,main_street,minecraft:black_concrete
3,0,-63,main_street,minecraft:black_concrete
4,0,-63,main_street,minecraft:black_concrete
5,0,-63,main_street,minecraft:black_concrete
6,0,-63,main_street,minecraft:black_concrete
7,0,-63,main_street,minecraft:black_concrete
8,0,-63,main_street,minecraft:black_concrete
9,0,-63,main_street,minecraft:black_concrete
10,0,-63,main_street,minecraft:black_concrete
11,0,-63,main_street,minecraft:black_concrete
12,0,-63,main_street,minecraft:black_concrete
13,0,-63,sidewalk,minecraft:smooth_stone
14,0,-63,sidewalk,minecraft:smooth_stone
15,0,-63,building_footprint,minecraft:orange_concrete
16,0,-63,building_footprint,minecraft:orange_concrete
17,0,-63,building_footprint,minecraft:orange_concrete
18,0,-63,building_footprint,minecraft:orange_concrete
19,0,-63,building_footprint,minecraft:orange_concrete
20,0,-63,building_footprint,minecraft:orange_concrete
21,0,-63,building_footprint,minecraft:orange_concrete
22,0,-63,building_footprint,minecraft:orange_concrete
23,0,-63,building_footprint,minecraft:orange_concrete
24,0,-63,building_footprint,minecraft:orange_concrete
25,0,-63,building_footprint,minecraft:orange_concrete
26,0,-63,building_footprint,minecraft:orange_concrete
27,0,-63,building_footprint,minecraft:orange_concrete
28,0,-63,building_footprint,minecraft:orange_concrete
29,0,-63,building_footprint,minecraft:orange_concrete
30,0,-63,building_footprint,minecraft:orange_concrete
31,0,-63,building_footprint,minecraft:orange_concrete
32,0,-63,building_footprint,minecraft:orange_concrete
33,0,-63,building_footprint,minecraft:orange_concrete
34,0,-63,building_footprint,minecraft:orange_concrete
35,0,-63,building_footprint,minecraft:orange_concrete
36,0,-63,building_footprint,minecraft:orange_concrete
37,0,-63,building_footprint,minecraft:orange_concrete
38,0,-63,building_footprint,minecraft:orange_concrete
39,0,-63,building_footprint,minecraft:orange_concrete
40,0,-63,building_footprint,minecraft:orange_concrete
41,0,-63,building_footprint,minecraft:orange_concrete
42,0,-63,building_footprint,minecraft:orange_concrete
43,0,-63,building_footprint,minecraft:orange_concrete
44,0,-63,building_footprint,minecraft:orange_concrete
45,0,-63,building_footprint,minecraft:orange_concrete
46,0,-63,building_footprint,minecraft:orange_concrete
47,0,-63,building_footprint,minecraft:orange_concrete
48,0,-63,building_footprint,minecraft:orange_concrete
49,0,-63,building_footprint,minecraft:orange_concrete
50,0,-63,building_footprint,minecraft:orange_concrete
51,0,-63,building_footprint,minecraft:orange_concrete
66,0,-63,alley,minecraft:polished_andesite
67,0,-63,alley,minecraft:polished_andesite
68,0,-63,alley,minecraft:polished_andesite
69,0,-63,alley,minecraft:polished_andesite
-71,0,-62,alley,minecraft:polished_andesite
-70,0,-62,alley,minecraft:polished_andesite
-69,0,-62,alley,minecraft:polished_andesite
-68,0,-62,alley,minecraft:polished_andesite
-50,0,-62,building_footprint,minecraft:orange_concrete
-49,0,-62,building_footprint,minecraft:orange_concrete
-48,0,-62,building_footprint,minecraft:orange_concrete
-47,0,-62,building_footprint,minecraft:orange_concrete
-46,0,-62,building_footprint,minecraft:orange_concrete
-45,0,-62,building_footprint,minecraft:orange_concrete
-44,0,-62,building_footprint,minecraft:orange_concrete
-43,0,-62,building_footprint,minecraft:orange_concrete
-42,0,-62,building_footprint,minecraft:orange_concrete
-41,0,-62,building_footprint,minecraft:orange_concrete
-40,0,-62,building_footprint,minecraft:orange_concrete
-39,0,-62,building_footprint,minecraft:orange_concrete
-38,0,-62,building_footprint,minecraft:orange_concrete
-37,0,-62,building_footprint,minecraft:orange_concrete
-36,0,-62,building_footprint,minecraft:orange_concrete
-35,0,-62,building_footprint,minecraft:orange_concrete
-34,0,-62,building_footprint,minecraft:orange_concrete
-33,0,-62,building_footprint,minecraft:orange_concrete
-32,0,-62,building_footprint,minecraft:orange_concrete
-31,0,-62,building_footprint,minecraft:orange_concrete
-30,0,-62,building_footprint,minecraft:orange_concrete
-29,0,-62,building_footprint,minecraft:orange_concrete
-28,0,-62,building_footprint,minecraft:orange_concrete
-27,0,-62,building_footprint,minecraft:orange_concrete
-26,0,-62,building_footprint,minecraft:orange_concrete
-25,0,-62,building_footprint,minecraft:orange_concrete
-24,0,-62,building_footprint,minecraft:orange_concrete
-23,0,-62,building_footprint,minecraft:orange_concrete
-22,0,-62,building_footprint,minecraft:orange_concrete
-21,0,-62,building_footprint,minecraft:orange_concrete
-20,0,-62,building_footprint,minecraft:orange_concrete
-19,0,-62,building_footprint,minecraft:orange_concrete
-18,0,-62,building_footprint,minecraft:orange_concrete
-17,0,-62,building_footprint,minecraft:orange_concrete
-16,0,-62,sidewalk,minecraft:smooth_stone
-15,0,-62,sidewalk,minecraft:smooth_stone
-14,0,-62,sidewalk,minecraft:smooth_stone
-13,0,-62,main_street,minecraft:black_concrete
-12,0,-62,main_street,minecraft:black_concrete
-11,0,-62,main_street,minecraft:black_concrete
-10,0,-62,main_street,minecraft:black_concrete
-9,0,-62,main_street,minecraft:black_concrete
-8,0,-62,main_street,minecraft:black_concrete
-7,0,-62,main_street,minecraft:black_concrete
-6,0,-62,main_street,minecraft:black_concrete
-5,0,-62,main_street,minecraft:black_concrete
-4,0,-62,main_street,minecraft:black_concrete
-3,0,-62,main_street,minecraft:black_concrete
-2,0,-62,main_street,minecraft:black_concrete
-1,0,-62,main_street,minecraft:black_concrete
0,0,-62,main_street,minecraft:black_concrete
1,0,-62,main_street,minecraft:black_concrete
2,0,-62,main_street,minecraft:black_concrete
3,0,-62,main_street,minecraft:black_concrete
4,0,-62,main_street,minecraft:black_concrete
5,0,-62,main_street,minecraft:black_concrete
6,0,-62,main_street,minecraft:black_concrete
7,0,-62,main_street,minecraft:black_concrete
8,0,-62,main_street,minecraft:black_concrete
9,0,-62,main_street,minecraft:black_concrete
10,0,-62,main_street,minecraft:black_concrete
11,0,-62,main_street,minecraft:black_concrete
12,0,-62,main_street,minecraft:black_concrete
13,0,-62,sidewalk,minecraft:smooth_stone
14,0,-62,sidewalk,minecraft:smooth_stone
15,0,-62,building_footprint,minecraft:orange_concrete
16,0,-62,building_footprint,minecraft:orange_concrete
17,0,-62,building_footprint,minecraft:orange_concrete
18,0,-62,building_footprint,minecraft:orange_concrete
19,0,-62,building_footprint,minecraft:orange_concrete
20,0,-62,building_footprint,minecraft:orange_concrete
21,0,-62,building_footprint,minecraft:orange_concrete
22,0,-62,building_footprint,minecraft:orange_concrete
23,0,-62,building_footprint,minecraft:orange_concrete
24,0,-62,building_footprint,minecraft:orange_concrete
25,0,-62,building_footprint,minecraft:orange_concrete
26,0,-62,building_footprint,minecraft:orange_concrete
27,0,-62,building_footprint,minecraft:orange_concrete
28,0,-62,building_footprint,minecraft:orange_concrete
29,0,-62,building_footprint,minecraft:orange_concrete
30,0,-62,building_footprint,minecraft:orange_concrete
31,0,-62,building_footprint,minecraft:orange_concrete
32,0,-62,building_footprint,minecraft:orange_concrete
33,0,-62,building_footprint,minecraft:orange_concrete
34,0,-62,building_footprint,minecraft:orange_concrete
35,0,-62,building_footprint,minecraft:orange_concrete
36,0,-62,building_footprint,minecraft:orange_concrete
37,0,-62,building_footprint,minecraft:orange_concrete
38,0,-62,building_footprint,minecraft:orange_concrete
39,0,-62,building_footprint,minecraft:orange_concrete
40,0,-62,building_footprint,minecraft:orange_concrete
41,0,-62,building_footprint,minecraft:orange_concrete
42,0,-62,building_footprint,minecraft:orange_concrete
43,0,-62,building_footprint,minecraft:orange_concrete
44,0,-62,building_footprint,minecraft:orange_concrete
45,0,-62,building_footprint,minecraft:orange_concrete
46,0,-62,building_footprint,minecraft:orange_concrete
47,0,-62,building_footprint,minecraft:orange_concrete
48,0,-62,building_footprint,minecraft:orange_concrete
49,0,-62,building_footprint,minecraft:orange_concrete
50,0,-62,building_footprint,minecraft:orange_concrete
51,0,-62,building_footprint,minecraft:orange_concrete
66,0,-62,alley,minecraft:polished_andesite
67,0,-62,alley,minecraft:polished_andesite
68,0,-62,alley,minecraft:polished_andesite
69,0,-62,alley,minecraft:polished_andesite
-71,0,-61,alley,minecraft:polished_andesite
-70,0,-61,alley,minecraft:polished_andesite
-69,0,-61,alley,minecraft:polished_andesite
-68,0,-61,alley,minecraft:polished_andesite
-50,0,-61,building_footprint,minecraft:orange_concrete
-49,0,-61,building_footprint,minecraft:orange_concrete
-48,0,-61,building_footprint,minecraft:orange_concrete
-47,0,-61,building_footprint,minecraft:orange_concrete
-46,0,-61,building_footprint,minecraft:orange_concrete
-45,0,-61,building_footprint,minecraft:orange_concrete
-44,0,-61,building_footprint,minecraft:orange_concrete
-43,0,-61,building_footprint,minecraft:orange_concrete
-42,0,-61,building_footprint,minecraft:orange_concrete
-41,0,-61,building_footprint,minecraft:orange_concrete
-40,0,-61,building_footprint,minecraft:orange_concrete
-39,0,-61,building_footprint,minecraft:orange_concrete
-38,0,-61,building_footprint,minecraft:orange_concrete
-37,0,-61,building_footprint,minecraft:orange_concrete
-36,0,-61,building_footprint,minecraft:orange_concrete
-35,0,-61,building_footprint,minecraft:orange_concrete
-34,0,-61,building_footprint,minecraft:orange_concrete
-33,0,-61,building_footprint,minecraft:orange_concrete
-32,0,-61,building_footprint,minecraft:orange_concrete
-31,0,-61,building_footprint,minecraft:orange_concrete
-30,0,-61,building_footprint,minecraft:orange_concrete
-29,0,-61,building_footprint,minecraft:orange_concrete
-28,0,-61,building_footprint,minecraft:orange_concrete
-27,0,-61,building_footprint,minecraft:orange_concrete
-26,0,-61,building_footprint,minecraft:orange_concrete
-25,0,-61,building_footprint,minecraft:orange_concrete
-24,0,-61,building_footprint,minecraft:orange_concrete
-23,0,-61,building_footprint,minecraft:orange_concrete
-22,0,-61,building_footprint,minecraft:orange_concrete
-21,0,-61,building_footprint,minecraft:orange_concrete
-20,0,-61,building_footprint,minecraft:orange_concrete
-19,0,-61,building_footprint,minecraft:orange_concrete
-18,0,-61,building_footprint,minecraft:orange_concrete
-17,0,-61,building_footprint,minecraft:orange_concrete
-16,0,-61,sidewalk,minecraft:smooth_stone
-15,0,-61,sidewalk,minecraft:smooth_stone
-14,0,-61,sidewalk,minecraft:smooth_stone
-13,0,-61,main_street,minecraft:black_concrete
-12,0,-61,main_street,minecraft:black_concrete
-11,0,-61,main_street,minecraft:black_concrete
-10,0,-61,main_street,minecraft:black_concrete
-9,0,-61,main_street,minecraft:black_concrete
-8,0,-61,main_street,minecraft:black_concrete
-7,0,-61,main_street,minecraft:black_concrete
-6,0,-61,main_street,minecraft:black_concrete
-5,0,-61,main_street,minecraft:black_concrete
-4,0,-61,main_street,minecraft:black_concrete
-3,0,-61,main_street,minecraft:black_concrete
-2,0,-61,main_street,minecraft:black_concrete
-1,0,-61,main_street,minecraft:black_concrete
0,0,-61,main_street,minecraft:black_concrete
1,0,-61,main_street,minecraft:black_concrete
2,0,-61,main_street,minecraft:black_concrete
3,0,-61,main_street,minecraft:black_concrete
4,0,-61,main_street,minecraft:black_concrete
5,0,-61,main_street,minecraft:black_concrete
6,0,-61,main_street,minecraft:black_concrete
7,0,-61,main_street,minecraft:black_concrete
8,0,-61,main_street,minecraft:black_concrete
9,0,-61,main_street,minecraft:black_concrete
10,0,-61,main_street,minecraft:black_concrete
11,0,-61,main_street,minecraft:black_concrete
12,0,-61,main_street,minecraft:black_concrete
13,0,-61,sidewalk,minecraft:smooth_stone
14,0,-61,sidewalk,minecraft:smooth_stone
15,0,-61,building_footprint,minecraft:orange_concrete
16,0,-61,building_footprint,minecraft:orange_concrete
17,0,-61,building_footprint,minecraft:orange_concrete
18,0,-61,building_footprint,minecraft:orange_concrete
19,0,-61,building_footprint,minecraft:orange_concrete
20,0,-61,building_footprint,minecraft:orange_concrete
21,0,-61,building_footprint,minecraft:orange_concrete
22,0,-61,building_footprint,minecraft:orange_concrete
23,0,-61,building_footprint,minecraft:orange_concrete
24,0,-61,building_footprint,minecraft:orange_concrete
25,0,-61,building_footprint,minecraft:orange_concrete
26,0,-61,building_footprint,minecraft:orange_concrete
27,0,-61,building_footprint,minecraft:orange_concrete
28,0,-61,building_footprint,minecraft:orange_concrete
29,0,-61,building_footprint,minecraft:orange_concrete
30,0,-61,building_footprint,minecraft:orange_concrete
31,0,-61,building_footprint,minecraft:orange_concrete
32,0,-61,building_footprint,minecraft:orange_concrete
33,0,-61,building_footprint,minecraft:orange_concrete
34,0,-61,building_footprint,minecraft:orange_concrete
35,0,-61,building_footprint,minecraft:orange_concrete
36,0,-61,building_footprint,minecraft:orange_concrete
37,0,-61,building_footprint,minecraft:orange_concrete
38,0,-61,building_footprint,minecraft:orange_concrete
39,0,-61,building_footprint,minecraft:orange_concrete
40,0,-61,building_footprint,minecraft:orange_concrete
41,0,-61,building_footprint,minecraft:orange_concrete
42,0,-61,building_footprint,minecraft:orange_concrete
43,0,-61,building_footprint,minecraft:orange_concrete
44,0,-61,building_footprint,minecraft:orange_concrete
45,0,-61,building_footprint,minecraft:orange_concrete
46,0,-61,building_footprint,minecraft:orange_concrete
47,0,-61,building_footprint,minecraft:orange_concrete
48,0,-61,building_footprint,minecraft:orange_concrete
49,0,-61,building_footprint,minecraft:orange_concrete
50,0,-61,building_footprint,minecraft:orange_concrete
51,0,-61,building_footprint,minecraft:orange_concrete
66,0,-61,alley,minecraft:polished_andesite
67,0,-61,alley,minecraft:polished_andesite
68,0,-61,alley,minecraft:polished_andesite
69,0,-61,alley,minecraft:polished_andesite
-71,0,-60,alley,minecraft:polished_andesite
-70,0,-60,alley,minecraft:polished_andesite
-69,0,-60,alley,minecraft:polished_andesite
-68,0,-60,alley,minecraft:polished_andesite
-58,0,-60,building_footprint,minecraft:orange_concrete
-57,0,-60,building_footprint,minecraft:orange_concrete
-56,0,-60,building_footprint,minecraft:orange_concrete
-55,0,-60,building_footprint,minecraft:orange_concrete
-54,0,-60,building_footprint,minecraft:orange_concrete
-53,0,-60,building_footprint,minecraft:orange_concrete
-52,0,-60,building_footprint,minecraft:orange_concrete
-51,0,-60,building_footprint,minecraft:orange_concrete
-50,0,-60,building_footprint,minecraft:orange_concrete
-49,0,-60,building_footprint,minecraft:orange_concrete
-48,0,-60,building_footprint,minecraft:orange_concrete
-47,0,-60,building_footprint,minecraft:orange_concrete
-46,0,-60,building_footprint,minecraft:orange_concrete
-45,0,-60,building_footprint,minecraft:orange_concrete
-44,0,-60,building_footprint,minecraft:orange_concrete
-43,0,-60,building_footprint,minecraft:orange_concrete
-42,0,-60,building_footprint,minecraft:orange_concrete
-41,0,-60,building_footprint,minecraft:orange_concrete
-40,0,-60,building_footprint,minecraft:orange_concrete
-39,0,-60,building_footprint,minecraft:orange_concrete
-38,0,-60,building_footprint,minecraft:orange_concrete
-37,0,-60,building_footprint,minecraft:orange_concrete
-36,0,-60,building_footprint,minecraft:orange_concrete
-35,0,-60,building_footprint,minecraft:orange_concrete
-34,0,-60,building_footprint,minecraft:orange_concrete
-33,0,-60,building_footprint,minecraft:orange_concrete
-32,0,-60,building_footprint,minecraft:orange_concrete
-31,0,-60,building_footprint,minecraft:orange_concrete
-30,0,-60,building_footprint,minecraft:orange_concrete
-29,0,-60,building_footprint,minecraft:orange_concrete
-28,0,-60,building_footprint,minecraft:orange_concrete
-27,0,-60,building_footprint,minecraft:orange_concrete
-26,0,-60,building_footprint,minecraft:orange_concrete
-25,0,-60,building_footprint,minecraft:orange_concrete
-24,0,-60,building_footprint,minecraft:orange_concrete
-23,0,-60,building_footprint,minecraft:orange_concrete
-22,0,-60,building_footprint,minecraft:orange_concrete
-21,0,-60,building_footprint,minecraft:orange_concrete
-20,0,-60,building_footprint,minecraft:orange_concrete
-19,0,-60,building_footprint,minecraft:orange_concrete
-18,0,-60,building_footprint,minecraft:orange_concrete
-17,0,-60,building_footprint,minecraft:orange_concrete
-16,0,-60,sidewalk,minecraft:smooth_stone
-15,0,-60,sidewalk,minecraft:smooth_stone
-14,0,-60,sidewalk,minecraft:smooth_stone
-13,0,-60,main_street,minecraft:black_concrete
-12,0,-60,main_street,minecraft:black_concrete
-11,0,-60,main_street,minecraft:black_concrete
-10,0,-60,main_street,minecraft:black_concrete
-9,0,-60,main_street,minecraft:black_concrete
-8,0,-60,main_street,minecraft:black_concrete
-7,0,-60,main_street,minecraft:black_concrete
-6,0,-60,main_street,minecraft:black_concrete
-5,0,-60,main_street,minecraft:black_concrete
-4,0,-60,main_street,minecraft:black_concrete
-3,0,-60,main_street,minecraft:black_concrete
-2,0,-60,main_street,minecraft:black_concrete
-1,0,-60,main_street,minecraft:black_concrete
0,0,-60,main_street,minecraft:black_concrete
1,0,-60,main_street,minecraft:black_concrete
2,0,-60,main_street,minecraft:black_concrete
3,0,-60,main_street,minecraft:black_concrete
4,0,-60,main_street,minecraft:black_concrete
5,0,-60,main_street,minecraft:black_concrete
6,0,-60,main_street,minecraft:black_concrete
7,0,-60,main_street,minecraft:black_concrete
8,0,-60,main_street,minecraft:black_concrete
9,0,-60,main_street,minecraft:black_concrete
10,0,-60,main_street,minecraft:black_concrete
11,0,-60,main_street,minecraft:black_concrete
12,0,-60,main_street,minecraft:black_concrete
13,0,-60,sidewalk,minecraft:smooth_stone
14,0,-60,sidewalk,minecraft:smooth_stone
15,0,-60,building_footprint,minecraft:orange_concrete
16,0,-60,building_footprint,minecraft:orange_concrete
17,0,-60,building_footprint,minecraft:orange_concrete
18,0,-60,building_footprint,minecraft:orange_concrete
19,0,-60,building_footprint,minecraft:orange_concrete
20,0,-60,building_footprint,minecraft:orange_concrete
21,0,-60,building_footprint,minecraft:orange_concrete
22,0,-60,building_footprint,minecraft:orange_concrete
23,0,-60,building_footprint,minecraft:orange_concrete
24,0,-60,building_footprint,minecraft:orange_concrete
25,0,-60,building_footprint,minecraft:orange_concrete
26,0,-60,building_footprint,minecraft:orange_concrete
27,0,-60,building_footprint,minecraft:orange_concrete
28,0,-60,building_footprint,minecraft:orange_concrete
29,0,-60,building_footprint,minecraft:orange_concrete
30,0,-60,building_footprint,minecraft:orange_concrete
31,0,-60,building_footprint,minecraft:orange_concrete
32,0,-60,building_footprint,minecraft:orange_concrete
33,0,-60,building_footprint,minecraft:orange_concrete
34,0,-60,building_footprint,minecraft:orange_concrete
35,0,-60,building_footprint,minecraft:orange_concrete
36,0,-60,building_footprint,minecraft:orange_concrete
37,0,-60,building_footprint,minecraft:orange_concrete
38,0,-60,building_footprint,minecraft:orange_concrete
39,0,-60,building_footprint,minecraft:orange_concrete
40,0,-60,building_footprint,minecraft:orange_concrete
41,0,-60,building_footprint,minecraft:orange_concrete
42,0,-60,building_footprint,minecraft:orange_concrete
43,0,-60,building_footprint,minecraft:orange_concrete
44,0,-60,building_footprint,minecraft:orange_concrete
45,0,-60,building_footprint,minecraft:orange_concrete
46,0,-60,building_footprint,minecraft:orange_concrete
47,0,-60,building_footprint,minecraft:orange_concrete
48,0,-60,building_footprint,minecraft:orange_concrete
49,0,-60,building_footprint,minecraft:orange_concrete
50,0,-60,building_footprint,minecraft:orange_concrete
51,0,-60,building_footprint,minecraft:orange_concrete
66,0,-60,alley,minecraft:polished_andesite
67,0,-60,alley,minecraft:polished_andesite
68,0,-60,alley,minecraft:polished_andesite
69,0,-60,alley,minecraft:polished_andesite
-71,0,-59,alley,minecraft:polished_andesite
-70,0,-59,alley,minecraft:polished_andesite
-69,0,-59,alley,minecraft:polished_andesite
-68,0,-59,alley,minecraft:polished_andesite
-58,0,-59,building_footprint,minecraft:orange_concrete
-57,0,-59,building_footprint,minecraft:orange_concrete
-56,0,-59,building_footprint,minecraft:orange_concrete
-55,0,-59,building_footprint,minecraft:orange_concrete
-54,0,-59,building_footprint,minecraft:orange_concrete
-53,0,-59,building_footprint,minecraft:orange_concrete
-52,0,-59,building_footprint,minecraft:orange_concrete
-51,0,-59,building_footprint,minecraft:orange_concrete
-50,0,-59,building_footprint,minecraft:orange_concrete
-49,0,-59,building_footprint,minecraft:orange_concrete
-48,0,-59,building_footprint,minecraft:orange_concrete
-47,0,-59,building_footprint,minecraft:orange_concrete
-46,0,-59,building_footprint,minecraft:orange_concrete
-45,0,-59,building_footprint,minecraft:orange_concrete
-44,0,-59,building_footprint,minecraft:orange_concrete
-43,0,-59,building_footprint,minecraft:orange_concrete
-42,0,-59,building_footprint,minecraft:orange_concrete
-41,0,-59,building_footprint,minecraft:orange_concrete
-40,0,-59,building_footprint,minecraft:orange_concrete
-39,0,-59,building_footprint,minecraft:orange_concrete
-38,0,-59,building_footprint,minecraft:orange_concrete
-37,0,-59,building_footprint,minecraft:orange_concrete
-36,0,-59,building_footprint,minecraft:orange_concrete
-35,0,-59,building_footprint,minecraft:orange_concrete
-34,0,-59,building_footprint,minecraft:orange_concrete
-33,0,-59,building_footprint,minecraft:orange_concrete
-32,0,-59,building_footprint,minecraft:orange_concrete
-31,0,-59,building_footprint,minecraft:orange_concrete
-30,0,-59,building_footprint,minecraft:orange_concrete
-29,0,-59,building_footprint,minecraft:orange_concrete
-28,0,-59,building_footprint,minecraft:orange_concrete
-27,0,-59,building_footprint,minecraft:orange_concrete
-26,0,-59,building_footprint,minecraft:orange_concrete
-25,0,-59,building_footprint,minecraft:orange_concrete
-24,0,-59,building_footprint,minecraft:orange_concrete
-23,0,-59,building_footprint,minecraft:orange_concrete
-22,0,-59,building_footprint,minecraft:orange_concrete
-21,0,-59,building_footprint,minecraft:orange_concrete
-20,0,-59,building_footprint,minecraft:orange_concrete
-19,0,-59,building_footprint,minecraft:orange_concrete
-18,0,-59,building_footprint,minecraft:orange_concrete
-17,0,-59,building_footprint,minecraft:orange_concrete
-16,0,-59,sidewalk,minecraft:smooth_stone
-15,0,-59,sidewalk,minecraft:smooth_stone
-14,0,-59,sidewalk,minecraft:smooth_stone
-13,0,-59,main_street,minecraft:black_concrete
-12,0,-59,main_street,minecraft:black_concrete
-11,0,-59,main_street,minecraft:black_concrete
-10,0,-59,main_street,minecraft:black_concrete
-9,0,-59,main_street,minecraft:black_concrete
-8,0,-59,main_street,minecraft:black_concrete
-7,0,-59,main_street,minecraft:black_concrete
-6,0,-59,main_street,minecraft:black_concrete
-5,0,-59,main_street,minecraft:black_concrete
-4,0,-59,main_street,minecraft:black_concrete
-3,0,-59,main_street,minecraft:black_concrete
-2,0,-59,main_street,minecraft:black_concrete
-1,0,-59,main_street,minecraft:black_concrete
0,0,-59,main_street,minecraft:black_concrete
1,0,-59,main_street,minecraft:black_concrete
2,0,-59,main_street,minecraft:black_concrete
3,0,-59,main_street,minecraft:black_concrete
4,0,-59,main_street,minecraft:black_concrete
5,0,-59,main_street,minecraft:black_concrete
6,0,-59,main_street,minecraft:black_concrete
7,0,-59,main_street,minecraft:black_concrete
8,0,-59,main_street,minecraft:black_concrete
9,0,-59,main_street,minecraft:black_concrete
10,0,-59,main_street,minecraft:black_concrete
11,0,-59,main_street,minecraft:black_concrete
12,0,-59,main_street,minecraft:black_concrete
13,0,-59,sidewalk,minecraft:smooth_stone
14,0,-59,sidewalk,minecraft:smooth_stone
15,0,-59,building_footprint,minecraft:orange_concrete
16,0,-59,building_footprint,minecraft:orange_concrete
17,0,-59,building_footprint,minecraft:orange_concrete
18,0,-59,building_footprint,minecraft:orange_concrete
19,0,-59,building_footprint,minecraft:orange_concrete
20,0,-59,building_footprint,minecraft:orange_concrete
21,0,-59,building_footprint,minecraft:orange_concrete
22,0,-59,building_footprint,minecraft:orange_concrete
23,0,-59,building_footprint,minecraft:orange_concrete
24,0,-59,building_footprint,minecraft:orange_concrete
25,0,-59,building_footprint,minecraft:orange_concrete
26,0,-59,building_footprint,minecraft:orange_concrete
27,0,-59,building_footprint,minecraft:orange_concrete
28,0,-59,building_footprint,minecraft:orange_concrete
29,0,-59,building_footprint,minecraft:orange_concrete
30,0,-59,building_footprint,minecraft:orange_concrete
31,0,-59,building_footprint,minecraft:orange_concrete
32,0,-59,building_footprint,minecraft:orange_concrete
33,0,-59,building_footprint,minecraft:orange_concrete
34,0,-59,building_footprint,minecraft:orange_concrete
35,0,-59,building_footprint,minecraft:orange_concrete
36,0,-59,building_footprint,minecraft:orange_concrete
37,0,-59,building_footprint,minecraft:orange_concrete
38,0,-59,building_footprint,minecraft:orange_concrete
39,0,-59,building_footprint,minecraft:orange_concrete
40,0,-59,building_footprint,minecraft:orange_concrete
41,0,-59,building_footprint,minecraft:orange_concrete
42,0,-59,building_footprint,minecraft:orange_concrete
43,0,-59,building_footprint,minecraft:orange_concrete
44,0,-59,building_footprint,minecraft:orange_concrete
45,0,-59,building_footprint,minecraft:orange_concrete
46,0,-59,building_footprint,minecraft:orange_concrete
47,0,-59,building_footprint,minecraft:orange_concrete
48,0,-59,building_footprint,minecraft:orange_concrete
49,0,-59,building_footprint,minecraft:orange_concrete
50,0,-59,building_footprint,minecraft:orange_concrete
51,0,-59,building_footprint,minecraft:orange_concrete
66,0,-59,alley,minecraft:polished_andesite
67,0,-59,alley,minecraft:polished_andesite
68,0,-59,alley,minecraft:polished_andesite
69,0,-59,alley,minecraft:polished_andesite
-71,0,-58,alley,minecraft:polished_andesite
-70,0,-58,alley,minecraft:polished_andesite
-69,0,-58,alley,minecraft:polished_andesite
-68,0,-58,alley,minecraft:polished_andesite
-58,0,-58,building_footprint,minecraft:orange_concrete
-57,0,-58,building_footprint,minecraft:orange_concrete
-56,0,-58,building_footprint,minecraft:orange_concrete
-55,0,-58,building_footprint,minecraft:orange_concrete
-54,0,-58,building_footprint,minecraft:orange_concrete
-53,0,-58,building_footprint,minecraft:orange_concrete
-52,0,-58,building_footprint,minecraft:orange_concrete
-51,0,-58,building_footprint,minecraft:orange_concrete
-50,0,-58,building_footprint,minecraft:orange_concrete
-49,0,-58,building_footprint,minecraft:orange_concrete
-48,0,-58,building_footprint,minecraft:orange_concrete
-47,0,-58,building_footprint,minecraft:orange_concrete
-46,0,-58,building_footprint,minecraft:orange_concrete
-45,0,-58,building_footprint,minecraft:orange_concrete
-44,0,-58,building_footprint,minecraft:orange_concrete
-43,0,-58,building_footprint,minecraft:orange_concrete
-42,0,-58,building_footprint,minecraft:orange_concrete
-41,0,-58,building_footprint,minecraft:orange_concrete
-40,0,-58,building_footprint,minecraft:orange_concrete
-39,0,-58,building_footprint,minecraft:orange_concrete
-38,0,-58,building_footprint,minecraft:orange_concrete
-37,0,-58,building_footprint,minecraft:orange_concrete
-36,0,-58,building_footprint,minecraft:orange_concrete
-35,0,-58,building_footprint,minecraft:orange_concrete
-34,0,-58,building_footprint,minecraft:orange_concrete
-33,0,-58,building_footprint,minecraft:orange_concrete
-32,0,-58,building_footprint,minecraft:orange_concrete
-31,0,-58,building_footprint,minecraft:orange_concrete
-30,0,-58,building_footprint,minecraft:orange_concrete
-29,0,-58,building_footprint,minecraft:orange_concrete
-28,0,-58,building_footprint,minecraft:orange_concrete
-27,0,-58,building_footprint,minecraft:orange_concrete
-26,0,-58,building_footprint,minecraft:orange_concrete
-25,0,-58,building_footprint,minecraft:orange_concrete
-24,0,-58,building_footprint,minecraft:orange_concrete
-23,0,-58,building_footprint,minecraft:orange_concrete
-22,0,-58,building_footprint,minecraft:orange_concrete
-21,0,-58,building_footprint,minecraft:orange_concrete
-20,0,-58,building_footprint,minecraft:orange_concrete
-19,0,-58,building_footprint,minecraft:orange_concrete
-18,0,-58,building_footprint,minecraft:orange_concrete
-17,0,-58,building_footprint,minecraft:orange_concrete
-16,0,-58,sidewalk,minecraft:smooth_stone
-15,0,-58,sidewalk,minecraft:smooth_stone
-14,0,-58,sidewalk,minecraft:smooth_stone
-13,0,-58,main_street,minecraft:black_concrete
-12,0,-58,main_street,minecraft:black_concrete
-11,0,-58,main_street,minecraft:black_concrete
-10,0,-58,main_street,minecraft:black_concrete
-9,0,-58,main_street,minecraft:black_concrete
-8,0,-58,main_street,minecraft:black_concrete
-7,0,-58,main_street,minecraft:black_concrete
-6,0,-58,main_street,minecraft:black_concrete
-5,0,-58,main_street,minecraft:black_concrete
-4,0,-58,main_street,minecraft:black_concrete
-3,0,-58,main_street,minecraft:black_concrete
-2,0,-58,main_street,minecraft:black_concrete
-1,0,-58,main_street,minecraft:black_concrete
0,0,-58,main_street,minecraft:black_concrete
1,0,-58,main_street,minecraft:black_concrete
2,0,-58,main_street,minecraft:black_concrete
3,0,-58,main_street,minecraft:black_concrete
4,0,-58,main_street,minecraft:black_concrete
5,0,-58,main_street,minecraft:black_concrete
6,0,-58,main_street,minecraft:black_concrete
7,0,-58,main_street,minecraft:black_concrete
8,0,-58,main_street,minecraft:black_concrete
9,0,-58,main_street,minecraft:black_concrete
10,0,-58,main_street,minecraft:black_concrete
11,0,-58,main_street,minecraft:black_concrete
12,0,-58,main_street,minecraft:black_concrete
13,0,-58,sidewalk,minecraft:smooth_stone
14,0,-58,sidewalk,minecraft:smooth_stone
15,0,-58,building_footprint,minecraft:orange_concrete
16,0,-58,building_footprint,minecraft:orange_concrete
17,0,-58,building_footprint,minecraft:orange_concrete
18,0,-58,building_footprint,minecraft:orange_concrete
19,0,-58,building_footprint,minecraft:orange_concrete
20,0,-58,building_footprint,minecraft:orange_concrete
21,0,-58,building_footprint,minecraft:orange_concrete
22,0,-58,building_footprint,minecraft:orange_concrete
23,0,-58,building_footprint,minecraft:orange_concrete
24,0,-58,building_footprint,minecraft:orange_concrete
25,0,-58,building_footprint,minecraft:orange_concrete
26,0,-58,building_footprint,minecraft:orange_concrete
27,0,-58,building_footprint,minecraft:orange_concrete
28,0,-58,building_footprint,minecraft:orange_concrete
29,0,-58,building_footprint,minecraft:orange_concrete
30,0,-58,building_footprint,minecraft:orange_concrete
31,0,-58,building_footprint,minecraft:orange_concrete
32,0,-58,building_footprint,minecraft:orange_concrete
33,0,-58,building_footprint,minecraft:orange_concrete
34,0,-58,building_footprint,minecraft:orange_concrete
35,0,-58,building_footprint,minecraft:orange_concrete
36,0,-58,building_footprint,minecraft:orange_concrete
37,0,-58,building_footprint,minecraft:orange_concrete
38,0,-58,building_footprint,minecraft:orange_concrete
39,0,-58,building_footprint,minecraft:orange_concrete
40,0,-58,building_footprint,minecraft:orange_concrete
41,0,-58,building_footprint,minecraft:orange_concrete
42,0,-58,building_footprint,minecraft:orange_concrete
43,0,-58,building_footprint,minecraft:orange_concrete
44,0,-58,building_footprint,minecraft:orange_concrete
45,0,-58,building_footprint,minecraft:orange_concrete
46,0,-58,building_footprint,minecraft:orange_concrete
47,0,-58,building_footprint,minecraft:orange_concrete
48,0,-58,building_footprint,minecraft:orange_concrete
49,0,-58,building_footprint,minecraft:orange_concrete
50,0,-58,building_footprint,minecraft:orange_concrete
51,0,-58,building_footprint,minecraft:orange_concrete
66,0,-58,alley,minecraft:polished_andesite
67,0,-58,alley,minecraft:polished_andesite
68,0,-58,alley,minecraft:polished_andesite
69,0,-58,alley,minecraft:polished_andesite
70,0,-58,alley,minecraft:polished_andesite
71,0,-58,alley,minecraft:polished_andesite
72,0,-58,alley,minecraft:polished_andesite
73,0,-58,alley,minecraft:polished_andesite
74,0,-58,alley,minecraft:polished_andesite
75,0,-58,alley,minecraft:polished_andesite
76,0,-58,alley,minecraft:polished_andesite
77,0,-58,alley,minecraft:polished_andesite
78,0,-58,alley,minecraft:polished_andesite
79,0,-58,alley,minecraft:polished_andesite
80,0,-58,alley,minecraft:polished_andesite
81,0,-58,alley,minecraft:polished_andesite
-71,0,-57,alley,minecraft:polished_andesite
-70,0,-57,alley,minecraft:polished_andesite
-69,0,-57,alley,minecraft:polished_andesite
-68,0,-57,alley,minecraft:polished_andesite
-58,0,-57,building_footprint,minecraft:orange_concrete
-57,0,-57,building_footprint,minecraft:orange_concrete
-56,0,-57,building_footprint,minecraft:orange_concrete
-55,0,-57,building_footprint,minecraft:orange_concrete
-54,0,-57,building_footprint,minecraft:orange_concrete
-53,0,-57,building_footprint,minecraft:orange_concrete
-52,0,-57,building_footprint,minecraft:orange_concrete
-51,0,-57,building_footprint,minecraft:orange_concrete
-50,0,-57,building_footprint,minecraft:orange_concrete
-49,0,-57,building_footprint,minecraft:orange_concrete
-48,0,-57,building_footprint,minecraft:orange_concrete
-47,0,-57,building_footprint,minecraft:orange_concrete
-46,0,-57,building_footprint,minecraft:orange_concrete
-45,0,-57,building_footprint,minecraft:orange_concrete
-44,0,-57,building_footprint,minecraft:orange_concrete
-43,0,-57,building_footprint,minecraft:orange_concrete
-42,0,-57,building_footprint,minecraft:orange_concrete
-41,0,-57,building_footprint,minecraft:orange_concrete
-40,0,-57,building_footprint,minecraft:orange_concrete
-39,0,-57,building_footprint,minecraft:orange_concrete
-38,0,-57,building_footprint,minecraft:orange_concrete
-37,0,-57,building_footprint,minecraft:orange_concrete
-36,0,-57,building_footprint,minecraft:orange_concrete
-35,0,-57,building_footprint,minecraft:orange_concrete
-34,0,-57,building_footprint,minecraft:orange_concrete
-33,0,-57,building_footprint,minecraft:orange_concrete
-32,0,-57,building_footprint,minecraft:orange_concrete
-31,0,-57,building_footprint,minecraft:orange_concrete
-30,0,-57,building_footprint,minecraft:orange_concrete
-29,0,-57,building_footprint,minecraft:orange_concrete
-28,0,-57,building_footprint,minecraft:orange_concrete
-27,0,-57,building_footprint,minecraft:orange_concrete
-26,0,-57,building_footprint,minecraft:orange_concrete
-25,0,-57,building_footprint,minecraft:orange_concrete
-24,0,-57,building_footprint,minecraft:orange_concrete
-23,0,-57,building_footprint,minecraft:orange_concrete
-22,0,-57,building_footprint,minecraft:orange_concrete
-21,0,-57,building_footprint,minecraft:orange_concrete
-20,0,-57,building_footprint,minecraft:orange_concrete
-19,0,-57,building_footprint,minecraft:orange_concrete
-18,0,-57,building_footprint,minecraft:orange_concrete
-17,0,-57,building_footprint,minecraft:orange_concrete
-16,0,-57,sidewalk,minecraft:smooth_stone
-15,0,-57,sidewalk,minecraft:smooth_stone
-14,0,-57,sidewalk,minecraft:smooth_stone
-13,0,-57,main_street,minecraft:black_concrete
-12,0,-57,main_street,minecraft:black_concrete
-11,0,-57,main_street,minecraft:black_concrete
-10,0,-57,main_street,minecraft:black_concrete
-9,0,-57,main_street,minecraft:black_concrete
-8,0,-57,main_street,minecraft:black_concrete
-7,0,-57,main_street,minecraft:black_concrete
-6,0,-57,main_street,minecraft:black_concrete
-5,0,-57,main_street,minecraft:black_concrete
-4,0,-57,main_street,minecraft:black_concrete
-3,0,-57,main_street,minecraft:black_concrete
-2,0,-57,main_street,minecraft:black_concrete
-1,0,-57,main_street,minecraft:black_concrete
0,0,-57,main_street,minecraft:black_concrete
1,0,-57,main_street,minecraft:black_concrete
2,0,-57,main_street,minecraft:black_concrete
3,0,-57,main_street,minecraft:black_concrete
4,0,-57,main_street,minecraft:black_concrete
5,0,-57,main_street,minecraft:black_concrete
6,0,-57,main_street,minecraft:black_concrete
7,0,-57,main_street,minecraft:black_concrete
8,0,-57,main_street,minecraft:black_concrete
9,0,-57,main_street,minecraft:black_concrete
10,0,-57,main_street,minecraft:black_concrete
11,0,-57,main_street,minecraft:black_concrete
12,0,-57,main_street,minecraft:black_concrete
13,0,-57,sidewalk,minecraft:smooth_stone
14,0,-57,sidewalk,minecraft:smooth_stone
15,0,-57,building_footprint,minecraft:orange_concrete
16,0,-57,building_footprint,minecraft:orange_concrete
17,0,-57,building_footprint,minecraft:orange_concrete
18,0,-57,building_footprint,minecraft:orange_concrete
19,0,-57,building_footprint,minecraft:orange_concrete
20,0,-57,building_footprint,minecraft:orange_concrete
21,0,-57,building_footprint,minecraft:orange_concrete
22,0,-57,building_footprint,minecraft:orange_concrete
23,0,-57,building_footprint,minecraft:orange_concrete
24,0,-57,building_footprint,minecraft:orange_concrete
25,0,-57,building_footprint,minecraft:orange_concrete
26,0,-57,building_footprint,minecraft:orange_concrete
27,0,-57,building_footprint,minecraft:orange_concrete
28,0,-57,building_footprint,minecraft:orange_concrete
29,0,-57,building_footprint,minecraft:orange_concrete
30,0,-57,building_footprint,minecraft:orange_concrete
31,0,-57,building_footprint,minecraft:orange_concrete
32,0,-57,building_footprint,minecraft:orange_concrete
33,0,-57,building_footprint,minecraft:orange_concrete
34,0,-57,building_footprint,minecraft:orange_concrete
35,0,-57,building_footprint,minecraft:orange_concrete
36,0,-57,building_footprint,minecraft:orange_concrete
37,0,-57,building_footprint,minecraft:orange_concrete
38,0,-57,building_footprint,minecraft:orange_concrete
39,0,-57,building_footprint,minecraft:orange_concrete
40,0,-57,building_footprint,minecraft:orange_concrete
41,0,-57,building_footprint,minecraft:orange_concrete
42,0,-57,building_footprint,minecraft:orange_concrete
43,0,-57,building_footprint,minecraft:orange_concrete
44,0,-57,building_footprint,minecraft:orange_concrete
45,0,-57,building_footprint,minecraft:orange_concrete
46,0,-57,building_footprint,minecraft:orange_concrete
47,0,-57,building_footprint,minecraft:orange_concrete
48,0,-57,building_footprint,minecraft:orange_concrete
49,0,-57,building_footprint,minecraft:orange_concrete
50,0,-57,building_footprint,minecraft:orange_concrete
51,0,-57,building_footprint,minecraft:orange_concrete
66,0,-57,alley,minecraft:polished_andesite
67,0,-57,alley,minecraft:polished_andesite
68,0,-57,alley,minecraft:polished_andesite
69,0,-57,alley,minecraft:polished_andesite
70,0,-57,alley,minecraft:polished_andesite
71,0,-57,alley,minecraft:polished_andesite
72,0,-57,alley,minecraft:polished_andesite
73,0,-57,alley,minecraft:polished_andesite
74,0,-57,alley,minecraft:polished_andesite
75,0,-57,alley,minecraft:polished_andesite
76,0,-57,alley,minecraft:polished_andesite
77,0,-57,alley,minecraft:polished_andesite
78,0,-57,alley,minecraft:polished_andesite
79,0,-57,alley,minecraft:polished_andesite
80,0,-57,alley,minecraft:polished_andesite
81,0,-57,alley,minecraft:polished_andesite
-71,0,-56,alley,minecraft:polished_andesite
-70,0,-56,alley,minecraft:polished_andesite
-69,0,-56,alley,minecraft:polished_andesite
-68,0,-56,alley,minecraft:polished_andesite
-58,0,-56,building_footprint,minecraft:orange_concrete
-57,0,-56,building_footprint,minecraft:orange_concrete
-56,0,-56,building_footprint,minecraft:orange_concrete
-55,0,-56,building_footprint,minecraft:orange_concrete
-54,0,-56,building_footprint,minecraft:orange_concrete
-53,0,-56,building_footprint,minecraft:orange_concrete
-52,0,-56,building_footprint,minecraft:orange_concrete
-51,0,-56,building_footprint,minecraft:orange_concrete
-50,0,-56,building_footprint,minecraft:orange_concrete
-49,0,-56,building_footprint,minecraft:orange_concrete
-48,0,-56,building_footprint,minecraft:orange_concrete
-47,0,-56,building_footprint,minecraft:orange_concrete
-46,0,-56,building_footprint,minecraft:orange_concrete
-45,0,-56,building_footprint,minecraft:orange_concrete
-44,0,-56,building_footprint,minecraft:orange_concrete
-43,0,-56,building_footprint,minecraft:orange_concrete
-42,0,-56,building_footprint,minecraft:orange_concrete
-41,0,-56,building_footprint,minecraft:orange_concrete
-40,0,-56,building_footprint,minecraft:orange_concrete
-39,0,-56,building_footprint,minecraft:orange_concrete
-38,0,-56,building_footprint,minecraft:orange_concrete
-37,0,-56,building_footprint,minecraft:orange_concrete
-36,0,-56,building_footprint,minecraft:orange_concrete
-35,0,-56,building_footprint,minecraft:orange_concrete
-34,0,-56,building_footprint,minecraft:orange_concrete
-33,0,-56,building_footprint,minecraft:orange_concrete
-32,0,-56,building_footprint,minecraft:orange_concrete
-31,0,-56,building_footprint,minecraft:orange_concrete
-30,0,-56,building_footprint,minecraft:orange_concrete
-29,0,-56,building_footprint,minecraft:orange_concrete
-28,0,-56,building_footprint,minecraft:orange_concrete
-27,0,-56,building_footprint,minecraft:orange_concrete
-26,0,-56,building_footprint,minecraft:orange_concrete
-25,0,-56,building_footprint,minecraft:orange_concrete
-24,0,-56,building_footprint,minecraft:orange_concrete
-23,0,-56,building_footprint,minecraft:orange_concrete
-22,0,-56,building_footprint,minecraft:orange_concrete
-21,0,-56,building_footprint,minecraft:orange_concrete
-20,0,-56,building_footprint,minecraft:orange_concrete
-19,0,-56,building_footprint,minecraft:orange_concrete
-18,0,-56,building_footprint,minecraft:orange_concrete
-17,0,-56,building_footprint,minecraft:orange_concrete
-16,0,-56,sidewalk,minecraft:smooth_stone
-15,0,-56,sidewalk,minecraft:smooth_stone
-14,0,-56,sidewalk,minecraft:smooth_stone
-13,0,-56,main_street,minecraft:black_concrete
-12,0,-56,main_street,minecraft:black_concrete
-11,0,-56,main_street,minecraft:black_concrete
-10,0,-56,main_street,minecraft:black_concrete
-9,0,-56,main_street,minecraft:black_concrete
-8,0,-56,main_street,minecraft:black_concrete
-7,0,-56,main_street,minecraft:black_concrete
-6,0,-56,main_street,minecraft:black_concrete
-5,0,-56,main_street,minecraft:black_concrete
-4,0,-56,main_street,minecraft:black_concrete
-3,0,-56,main_street,minecraft:black_concrete
-2,0,-56,main_street,minecraft:black_concrete
-1,0,-56,main_street,minecraft:black_concrete
0,0,-56,main_street,minecraft:black_concrete
1,0,-56,main_street,minecraft:black_concrete
2,0,-56,main_street,minecraft:black_concrete
3,0,-56,main_street,minecraft:black_concrete
4,0,-56,main_street,minecraft:black_concrete
5,0,-56,main_street,minecraft:black_concrete
6,0,-56,main_street,minecraft:black_concrete
7,0,-56,main_street,minecraft:black_concrete
8,0,-56,main_street,minecraft:black_concrete
9,0,-56,main_street,minecraft:black_concrete
10,0,-56,main_street,minecraft:black_concrete
11,0,-56,main_street,minecraft:black_concrete
12,0,-56,main_street,minecraft:black_concrete
13,0,-56,sidewalk,minecraft:smooth_stone
14,0,-56,sidewalk,minecraft:smooth_stone
15,0,-56,building_footprint,minecraft:orange_concrete
16,0,-56,building_footprint,minecraft:orange_concrete
17,0,-56,building_footprint,minecraft:orange_concrete
18,0,-56,building_footprint,minecraft:orange_concrete
19,0,-56,building_footprint,minecraft:orange_concrete
20,0,-56,building_footprint,minecraft:orange_concrete
21,0,-56,building_footprint,minecraft:orange_concrete
22,0,-56,building_footprint,minecraft:orange_concrete
23,0,-56,building_footprint,minecraft:orange_concrete
24,0,-56,building_footprint,minecraft:orange_concrete
25,0,-56,building_footprint,minecraft:orange_concrete
26,0,-56,building_footprint,minecraft:orange_concrete
27,0,-56,building_footprint,minecraft:orange_concrete
28,0,-56,building_footprint,minecraft:orange_concrete
29,0,-56,building_footprint,minecraft:orange_concrete
30,0,-56,building_footprint,minecraft:orange_concrete
31,0,-56,building_footprint,minecraft:orange_concrete
32,0,-56,building_footprint,minecraft:orange_concrete
33,0,-56,building_footprint,minecraft:orange_concrete
34,0,-56,building_footprint,minecraft:orange_concrete
35,0,-56,building_footprint,minecraft:orange_concrete
36,0,-56,building_footprint,minecraft:orange_concrete
37,0,-56,building_footprint,minecraft:orange_concrete
38,0,-56,building_footprint,minecraft:orange_concrete
39,0,-56,building_footprint,minecraft:orange_concrete
40,0,-56,building_footprint,minecraft:orange_concrete
41,0,-56,building_footprint,minecraft:orange_concrete
42,0,-56,building_footprint,minecraft:orange_concrete
43,0,-56,building_footprint,minecraft:orange_concrete
44,0,-56,building_footprint,minecraft:orange_concrete
45,0,-56,building_footprint,minecraft:orange_concrete
46,0,-56,building_footprint,minecraft:orange_concrete
47,0,-56,building_footprint,minecraft:orange_concrete
48,0,-56,building_footprint,minecraft:orange_concrete
49,0,-56,building_footprint,minecraft:orange_concrete
50,0,-56,building_footprint,minecraft:orange_concrete
51,0,-56,building_footprint,minecraft:orange_concrete
66,0,-56,alley,minecraft:polished_andesite
67,0,-56,alley,minecraft:polished_andesite
68,0,-56,alley,minecraft:polished_andesite
69,0,-56,alley,minecraft:polished_andesite
70,0,-56,alley,minecraft:polished_andesite
71,0,-56,alley,minecraft:polished_andesite
72,0,-56,alley,minecraft:polished_andesite
73,0,-56,alley,minecraft:polished_andesite
74,0,-56,alley,minecraft:polished_andesite
75,0,-56,alley,minecraft:polished_andesite
76,0,-56,alley,minecraft:polished_andesite
77,0,-56,alley,minecraft:polished_andesite
78,0,-56,alley,minecraft:polished_andesite
79,0,-56,alley,minecraft:polished_andesite
80,0,-56,alley,minecraft:polished_andesite
81,0,-56,alley,minecraft:polished_andesite
-71,0,-55,alley,minecraft:polished_andesite
-70,0,-55,alley,minecraft:polished_andesite
-69,0,-55,alley,minecraft:polished_andesite
-68,0,-55,alley,minecraft:polished_andesite
-58,0,-55,building_footprint,minecraft:orange_concrete
-57,0,-55,building_footprint,minecraft:orange_concrete
-56,0,-55,building_footprint,minecraft:orange_concrete
-55,0,-55,building_footprint,minecraft:orange_concrete
-54,0,-55,building_footprint,minecraft:orange_concrete
-53,0,-55,building_footprint,minecraft:orange_concrete
-52,0,-55,building_footprint,minecraft:orange_concrete
-51,0,-55,building_footprint,minecraft:orange_concrete
-50,0,-55,building_footprint,minecraft:orange_concrete
-49,0,-55,building_footprint,minecraft:orange_concrete
-48,0,-55,building_footprint,minecraft:orange_concrete
-47,0,-55,building_footprint,minecraft:orange_concrete
-46,0,-55,building_footprint,minecraft:orange_concrete
-45,0,-55,building_footprint,minecraft:orange_concrete
-44,0,-55,building_footprint,minecraft:orange_concrete
-43,0,-55,building_footprint,minecraft:orange_concrete
-42,0,-55,building_footprint,minecraft:orange_concrete
-41,0,-55,building_footprint,minecraft:orange_concrete
-40,0,-55,building_footprint,minecraft:orange_concrete
-39,0,-55,building_footprint,minecraft:orange_concrete
-38,0,-55,building_footprint,minecraft:orange_concrete
-37,0,-55,building_footprint,minecraft:orange_concrete
-36,0,-55,building_footprint,minecraft:orange_concrete
-35,0,-55,building_footprint,minecraft:orange_concrete
-34,0,-55,building_footprint,minecraft:orange_concrete
-33,0,-55,building_footprint,minecraft:orange_concrete
-32,0,-55,building_footprint,minecraft:orange_concrete
-31,0,-55,building_footprint,minecraft:orange_concrete
-30,0,-55,building_footprint,minecraft:orange_concrete
-29,0,-55,building_footprint,minecraft:orange_concrete
-28,0,-55,building_footprint,minecraft:orange_concrete
-27,0,-55,building_footprint,minecraft:orange_concrete
-26,0,-55,building_footprint,minecraft:orange_concrete
-25,0,-55,building_footprint,minecraft:orange_concrete
-24,0,-55,building_footprint,minecraft:orange_concrete
-23,0,-55,building_footprint,minecraft:orange_concrete
-22,0,-55,building_footprint,minecraft:orange_concrete
-21,0,-55,building_footprint,minecraft:orange_concrete
-20,0,-55,building_footprint,minecraft:orange_concrete
-19,0,-55,building_footprint,minecraft:orange_concrete
-18,0,-55,building_footprint,minecraft:orange_concrete
-17,0,-55,building_footprint,minecraft:orange_concrete
-16,0,-55,sidewalk,minecraft:smooth_stone
-15,0,-55,sidewalk,minecraft:smooth_stone
-14,0,-55,sidewalk,minecraft:smooth_stone
-13,0,-55,main_street,minecraft:black_concrete
-12,0,-55,main_street,minecraft:black_concrete
-11,0,-55,main_street,minecraft:black_concrete
-10,0,-55,main_street,minecraft:black_concrete
-9,0,-55,main_street,minecraft:black_concrete
-8,0,-55,main_street,minecraft:black_concrete
-7,0,-55,main_street,minecraft:black_concrete
-6,0,-55,main_street,minecraft:black_concrete
-5,0,-55,main_street,minecraft:black_concrete
-4,0,-55,main_street,minecraft:black_concrete
-3,0,-55,main_street,minecraft:black_concrete
-2,0,-55,main_street,minecraft:black_concrete
-1,0,-55,main_street,minecraft:black_concrete
0,0,-55,main_street,minecraft:black_concrete
1,0,-55,main_street,minecraft:black_concrete
2,0,-55,main_street,minecraft:black_concrete
3,0,-55,main_street,minecraft:black_concrete
4,0,-55,main_street,minecraft:black_concrete
5,0,-55,main_street,minecraft:black_concrete
6,0,-55,main_street,minecraft:black_concrete
7,0,-55,main_street,minecraft:black_concrete
8,0,-55,main_street,minecraft:black_concrete
9,0,-55,main_street,minecraft:black_concrete
10,0,-55,main_street,minecraft:black_concrete
11,0,-55,main_street,minecraft:black_concrete
12,0,-55,sidewalk,minecraft:smooth_stone
13,0,-55,sidewalk,minecraft:smooth_stone
14,0,-55,sidewalk,minecraft:smooth_stone
15,0,-55,building_footprint,minecraft:orange_concrete
16,0,-55,building_footprint,minecraft:orange_concrete
17,0,-55,building_footprint,minecraft:orange_concrete
18,0,-55,building_footprint,minecraft:orange_concrete
19,0,-55,building_footprint,minecraft:orange_concrete
20,0,-55,building_footprint,minecraft:orange_concrete
21,0,-55,building_footprint,minecraft:orange_concrete
22,0,-55,building_footprint,minecraft:orange_concrete
23,0,-55,building_footprint,minecraft:orange_concrete
24,0,-55,building_footprint,minecraft:orange_concrete
25,0,-55,building_footprint,minecraft:orange_concrete
26,0,-55,building_footprint,minecraft:orange_concrete
27,0,-55,building_footprint,minecraft:orange_concrete
28,0,-55,building_footprint,minecraft:orange_concrete
29,0,-55,building_footprint,minecraft:orange_concrete
30,0,-55,building_footprint,minecraft:orange_concrete
31,0,-55,building_footprint,minecraft:orange_concrete
32,0,-55,building_footprint,minecraft:orange_concrete
33,0,-55,building_footprint,minecraft:orange_concrete
34,0,-55,building_footprint,minecraft:orange_concrete
35,0,-55,building_footprint,minecraft:orange_concrete
36,0,-55,building_footprint,minecraft:orange_concrete
37,0,-55,building_footprint,minecraft:orange_concrete
38,0,-55,building_footprint,minecraft:orange_concrete
39,0,-55,building_footprint,minecraft:orange_concrete
40,0,-55,building_footprint,minecraft:orange_concrete
41,0,-55,building_footprint,minecraft:orange_concrete
42,0,-55,building_footprint,minecraft:orange_concrete
43,0,-55,building_footprint,minecraft:orange_concrete
44,0,-55,building_footprint,minecraft:orange_concrete
45,0,-55,building_footprint,minecraft:orange_concrete
46,0,-55,building_footprint,minecraft:orange_concrete
47,0,-55,building_footprint,minecraft:orange_concrete
48,0,-55,building_footprint,minecraft:orange_concrete
49,0,-55,building_footprint,minecraft:orange_concrete
50,0,-55,building_footprint,minecraft:orange_concrete
51,0,-55,building_footprint,minecraft:orange_concrete
66,0,-55,alley,minecraft:polished_andesite
67,0,-55,alley,minecraft:polished_andesite
68,0,-55,alley,minecraft:polished_andesite
69,0,-55,alley,minecraft:polished_andesite
70,0,-55,alley,minecraft:polished_andesite
71,0,-55,alley,minecraft:polished_andesite
72,0,-55,alley,minecraft:polished_andesite
73,0,-55,alley,minecraft:polished_andesite
74,0,-55,alley,minecraft:polished_andesite
75,0,-55,alley,minecraft:polished_andesite
76,0,-55,alley,minecraft:polished_andesite
77,0,-55,alley,minecraft:polished_andesite
78,0,-55,alley,minecraft:polished_andesite
79,0,-55,alley,minecraft:polished_andesite
80,0,-55,alley,minecraft:polished_andesite
81,0,-55,alley,minecraft:polished_andesite
-71,0,-54,alley,minecraft:polished_andesite
-70,0,-54,alley,minecraft:polished_andesite
-69,0,-54,alley,minecraft:polished_andesite
-68,0,-54,alley,minecraft:polished_andesite
-58,0,-54,building_footprint,minecraft:orange_concrete
-57,0,-54,building_footprint,minecraft:orange_concrete
-56,0,-54,building_footprint,minecraft:orange_concrete
-55,0,-54,building_footprint,minecraft:orange_concrete
-54,0,-54,building_footprint,minecraft:orange_concrete
-53,0,-54,building_footprint,minecraft:orange_concrete
-52,0,-54,building_footprint,minecraft:orange_concrete
-51,0,-54,building_footprint,minecraft:orange_concrete
-50,0,-54,building_footprint,minecraft:orange_concrete
-49,0,-54,building_footprint,minecraft:orange_concrete
-48,0,-54,building_footprint,minecraft:orange_concrete
-47,0,-54,building_footprint,minecraft:orange_concrete
-46,0,-54,building_footprint,minecraft:orange_concrete
-45,0,-54,building_footprint,minecraft:orange_concrete
-44,0,-54,building_footprint,minecraft:orange_concrete
-43,0,-54,building_footprint,minecraft:orange_concrete
-42,0,-54,building_footprint,minecraft:orange_concrete
-41,0,-54,building_footprint,minecraft:orange_concrete
-40,0,-54,building_footprint,minecraft:orange_concrete
-39,0,-54,building_footprint,minecraft:orange_concrete
-38,0,-54,building_footprint,minecraft:orange_concrete
-37,0,-54,building_footprint,minecraft:orange_concrete
-36,0,-54,building_footprint,minecraft:orange_concrete
-35,0,-54,building_footprint,minecraft:orange_concrete
-34,0,-54,building_footprint,minecraft:orange_concrete
-33,0,-54,building_footprint,minecraft:orange_concrete
-32,0,-54,building_footprint,minecraft:orange_concrete
-31,0,-54,building_footprint,minecraft:orange_concrete
-30,0,-54,building_footprint,minecraft:orange_concrete
-29,0,-54,building_footprint,minecraft:orange_concrete
-28,0,-54,building_footprint,minecraft:orange_concrete
-27,0,-54,building_footprint,minecraft:orange_concrete
-26,0,-54,building_footprint,minecraft:orange_concrete
-25,0,-54,building_footprint,minecraft:orange_concrete
-24,0,-54,building_footprint,minecraft:orange_concrete
-23,0,-54,building_footprint,minecraft:orange_concrete
-22,0,-54,building_footprint,minecraft:orange_concrete
-21,0,-54,building_footprint,minecraft:orange_concrete
-20,0,-54,building_footprint,minecraft:orange_concrete
-19,0,-54,building_footprint,minecraft:orange_concrete
-18,0,-54,building_footprint,minecraft:orange_concrete
-17,0,-54,building_footprint,minecraft:orange_concrete
-16,0,-54,sidewalk,minecraft:smooth_stone
-15,0,-54,sidewalk,minecraft:smooth_stone
-14,0,-54,sidewalk,minecraft:smooth_stone
-13,0,-54,main_street,minecraft:black_concrete
-12,0,-54,main_street,minecraft:black_concrete
-11,0,-54,main_street,minecraft:black_concrete
-10,0,-54,main_street,minecraft:black_concrete
-9,0,-54,main_street,minecraft:black_concrete
-8,0,-54,main_street,minecraft:black_concrete
-7,0,-54,main_street,minecraft:black_concrete
-6,0,-54,main_street,minecraft:black_concrete
-5,0,-54,main_street,minecraft:black_concrete
-4,0,-54,main_street,minecraft:black_concrete
-3,0,-54,main_street,minecraft:black_concrete
-2,0,-54,main_street,minecraft:black_concrete
-1,0,-54,main_street,minecraft:black_concrete
0,0,-54,main_street,minecraft:black_concrete
1,0,-54,main_street,minecraft:black_concrete
2,0,-54,main_street,minecraft:black_concrete
3,0,-54,main_street,minecraft:black_concrete
4,0,-54,main_street,minecraft:black_concrete
5,0,-54,main_street,minecraft:black_concrete
6,0,-54,main_street,minecraft:black_concrete
7,0,-54,main_street,minecraft:black_concrete
8,0,-54,main_street,minecraft:black_concrete
9,0,-54,main_street,minecraft:black_concrete
10,0,-54,main_street,minecraft:black_concrete
11,0,-54,main_street,minecraft:black_concrete
12,0,-54,sidewalk,minecraft:smooth_stone
13,0,-54,sidewalk,minecraft:smooth_stone
14,0,-54,sidewalk,minecraft:smooth_stone
15,0,-54,building_footprint,minecraft:orange_concrete
16,0,-54,building_footprint,minecraft:orange_concrete
17,0,-54,building_footprint,minecraft:orange_concrete
18,0,-54,building_footprint,minecraft:orange_concrete
19,0,-54,building_footprint,minecraft:orange_concrete
20,0,-54,building_footprint,minecraft:orange_concrete
21,0,-54,building_footprint,minecraft:orange_concrete
22,0,-54,building_footprint,minecraft:orange_concrete
23,0,-54,building_footprint,minecraft:orange_concrete
24,0,-54,building_footprint,minecraft:orange_concrete
25,0,-54,building_footprint,minecraft:orange_concrete
26,0,-54,building_footprint,minecraft:orange_concrete
27,0,-54,building_footprint,minecraft:orange_concrete
28,0,-54,building_footprint,minecraft:orange_concrete
29,0,-54,building_footprint,minecraft:orange_concrete
30,0,-54,building_footprint,minecraft:orange_concrete
31,0,-54,building_footprint,minecraft:orange_concrete
32,0,-54,building_footprint,minecraft:orange_concrete
33,0,-54,building_footprint,minecraft:orange_concrete
34,0,-54,building_footprint,minecraft:orange_concrete
35,0,-54,building_footprint,minecraft:orange_concrete
36,0,-54,building_footprint,minecraft:orange_concrete
37,0,-54,building_footprint,minecraft:orange_concrete
38,0,-54,building_footprint,minecraft:orange_concrete
39,0,-54,building_footprint,minecraft:orange_concrete
40,0,-54,building_footprint,minecraft:orange_concrete
41,0,-54,building_footprint,minecraft:orange_concrete
42,0,-54,building_footprint,minecraft:orange_concrete
43,0,-54,building_footprint,minecraft:orange_concrete
44,0,-54,building_footprint,minecraft:orange_concrete
45,0,-54,building_footprint,minecraft:orange_concrete
46,0,-54,building_footprint,minecraft:orange_concrete
47,0,-54,building_footprint,minecraft:orange_concrete
48,0,-54,building_footprint,minecraft:orange_concrete
49,0,-54,building_footprint,minecraft:orange_concrete
50,0,-54,building_footprint,minecraft:orange_concrete
51,0,-54,building_footprint,minecraft:orange_concrete
66,0,-54,alley,minecraft:polished_andesite
67,0,-54,alley,minecraft:polished_andesite
68,0,-54,alley,minecraft:polished_andesite
69,0,-54,alley,minecraft:polished_andesite
-71,0,-53,alley,minecraft:polished_andesite
-70,0,-53,alley,minecraft:polished_andesite
-69,0,-53,alley,minecraft:polished_andesite
-68,0,-53,alley,minecraft:polished_andesite
-58,0,-53,building_footprint,minecraft:orange_concrete
-57,0,-53,building_footprint,minecraft:orange_concrete
-56,0,-53,building_footprint,minecraft:orange_concrete
-55,0,-53,building_footprint,minecraft:orange_concrete
-54,0,-53,building_footprint,minecraft:orange_concrete
-53,0,-53,building_footprint,minecraft:orange_concrete
-52,0,-53,building_footprint,minecraft:orange_concrete
-51,0,-53,building_footprint,minecraft:orange_concrete
-50,0,-53,building_footprint,minecraft:orange_concrete
-49,0,-53,building_footprint,minecraft:orange_concrete
-48,0,-53,building_footprint,minecraft:orange_concrete
-47,0,-53,building_footprint,minecraft:orange_concrete
-46,0,-53,building_footprint,minecraft:orange_concrete
-45,0,-53,building_footprint,minecraft:orange_concrete
-44,0,-53,building_footprint,minecraft:orange_concrete
-43,0,-53,building_footprint,minecraft:orange_concrete
-42,0,-53,building_footprint,minecraft:orange_concrete
-41,0,-53,building_footprint,minecraft:orange_concrete
-40,0,-53,building_footprint,minecraft:orange_concrete
-39,0,-53,building_footprint,minecraft:orange_concrete
-38,0,-53,building_footprint,minecraft:orange_concrete
-37,0,-53,building_footprint,minecraft:orange_concrete
-36,0,-53,building_footprint,minecraft:orange_concrete
-35,0,-53,building_footprint,minecraft:orange_concrete
-34,0,-53,building_footprint,minecraft:orange_concrete
-33,0,-53,building_footprint,minecraft:orange_concrete
-32,0,-53,building_footprint,minecraft:orange_concrete
-31,0,-53,building_footprint,minecraft:orange_concrete
-30,0,-53,building_footprint,minecraft:orange_concrete
-29,0,-53,building_footprint,minecraft:orange_concrete
-28,0,-53,building_footprint,minecraft:orange_concrete
-27,0,-53,building_footprint,minecraft:orange_concrete
-26,0,-53,building_footprint,minecraft:orange_concrete
-25,0,-53,building_footprint,minecraft:orange_concrete
-24,0,-53,building_footprint,minecraft:orange_concrete
-23,0,-53,building_footprint,minecraft:orange_concrete
-22,0,-53,building_footprint,minecraft:orange_concrete
-21,0,-53,building_footprint,minecraft:orange_concrete
-20,0,-53,building_footprint,minecraft:orange_concrete
-19,0,-53,building_footprint,minecraft:orange_concrete
-18,0,-53,building_footprint,minecraft:orange_concrete
-17,0,-53,building_footprint,minecraft:orange_concrete
-16,0,-53,sidewalk,minecraft:smooth_stone
-15,0,-53,sidewalk,minecraft:smooth_stone
-14,0,-53,sidewalk,minecraft:smooth_stone
-13,0,-53,main_street,minecraft:black_concrete
-12,0,-53,main_street,minecraft:black_concrete
-11,0,-53,main_street,minecraft:black_concrete
-10,0,-53,main_street,minecraft:black_concrete
-9,0,-53,main_street,minecraft:black_concrete
-8,0,-53,main_street,minecraft:black_concrete
-7,0,-53,main_street,minecraft:black_concrete
-6,0,-53,main_street,minecraft:black_concrete
-5,0,-53,main_street,minecraft:black_concrete
-4,0,-53,main_street,minecraft:black_concrete
-3,0,-53,main_street,minecraft:black_concrete
-2,0,-53,main_street,minecraft:black_concrete
-1,0,-53,main_street,minecraft:black_concrete
0,0,-53,main_street,minecraft:black_concrete
1,0,-53,main_street,minecraft:black_concrete
2,0,-53,main_street,minecraft:black_concrete
3,0,-53,main_street,minecraft:black_concrete
4,0,-53,main_street,minecraft:black_concrete
5,0,-53,main_street,minecraft:black_concrete
6,0,-53,main_street,minecraft:black_concrete
7,0,-53,main_street,minecraft:black_concrete
8,0,-53,main_street,minecraft:black_concrete
9,0,-53,main_street,minecraft:black_concrete
10,0,-53,main_street,minecraft:black_concrete
11,0,-53,main_street,minecraft:black_concrete
12,0,-53,sidewalk,minecraft:smooth_stone
13,0,-53,sidewalk,minecraft:smooth_stone
14,0,-53,sidewalk,minecraft:smooth_stone
15,0,-53,building_footprint,minecraft:orange_concrete
16,0,-53,building_footprint,minecraft:orange_concrete
17,0,-53,building_footprint,minecraft:orange_concrete
18,0,-53,building_footprint,minecraft:orange_concrete
19,0,-53,building_footprint,minecraft:orange_concrete
20,0,-53,building_footprint,minecraft:orange_concrete
21,0,-53,building_footprint,minecraft:orange_concrete
22,0,-53,building_footprint,minecraft:orange_concrete
23,0,-53,building_footprint,minecraft:orange_concrete
24,0,-53,building_footprint,minecraft:orange_concrete
25,0,-53,building_footprint,minecraft:orange_concrete
26,0,-53,building_footprint,minecraft:orange_concrete
27,0,-53,building_footprint,minecraft:orange_concrete
28,0,-53,building_footprint,minecraft:orange_concrete
29,0,-53,building_footprint,minecraft:orange_concrete
30,0,-53,building_footprint,minecraft:orange_concrete
31,0,-53,building_footprint,minecraft:orange_concrete
32,0,-53,building_footprint,minecraft:orange_concrete
33,0,-53,building_footprint,minecraft:orange_concrete
34,0,-53,building_footprint,minecraft:orange_concrete
35,0,-53,building_footprint,minecraft:orange_concrete
36,0,-53,building_footprint,minecraft:orange_concrete
37,0,-53,building_footprint,minecraft:orange_concrete
38,0,-53,building_footprint,minecraft:orange_concrete
39,0,-53,building_footprint,minecraft:orange_concrete
40,0,-53,building_footprint,minecraft:orange_concrete
41,0,-53,building_footprint,minecraft:orange_concrete
42,0,-53,building_footprint,minecraft:orange_concrete
43,0,-53,building_footprint,minecraft:orange_concrete
44,0,-53,building_footprint,minecraft:orange_concrete
45,0,-53,building_footprint,minecraft:orange_concrete
46,0,-53,building_footprint,minecraft:orange_concrete
47,0,-53,building_footprint,minecraft:orange_concrete
48,0,-53,building_footprint,minecraft:orange_concrete
49,0,-53,building_footprint,minecraft:orange_concrete
50,0,-53,building_footprint,minecraft:orange_concrete
51,0,-53,building_footprint,minecraft:orange_concrete
66,0,-53,alley,minecraft:polished_andesite
67,0,-53,alley,minecraft:polished_andesite
68,0,-53,alley,minecraft:polished_andesite
69,0,-53,alley,minecraft:polished_andesite
-71,0,-52,alley,minecraft:polished_andesite
-70,0,-52,alley,minecraft:polished_andesite
-69,0,-52,alley,minecraft:polished_andesite
-68,0,-52,alley,minecraft:polished_andesite
-58,0,-52,building_footprint,minecraft:orange_concrete
-57,0,-52,building_footprint,minecraft:orange_concrete
-56,0,-52,building_footprint,minecraft:orange_concrete
-55,0,-52,building_footprint,minecraft:orange_concrete
-54,0,-52,building_footprint,minecraft:orange_concrete
-53,0,-52,building_footprint,minecraft:orange_concrete
-52,0,-52,building_footprint,minecraft:orange_concrete
-51,0,-52,building_footprint,minecraft:orange_concrete
-50,0,-52,building_footprint,minecraft:orange_concrete
-49,0,-52,building_footprint,minecraft:orange_concrete
-48,0,-52,building_footprint,minecraft:orange_concrete
-47,0,-52,building_footprint,minecraft:orange_concrete
-46,0,-52,building_footprint,minecraft:orange_concrete
-45,0,-52,building_footprint,minecraft:orange_concrete
-44,0,-52,building_footprint,minecraft:orange_concrete
-43,0,-52,building_footprint,minecraft:orange_concrete
-42,0,-52,building_footprint,minecraft:orange_concrete
-41,0,-52,building_footprint,minecraft:orange_concrete
-40,0,-52,building_footprint,minecraft:orange_concrete
-39,0,-52,building_footprint,minecraft:orange_concrete
-38,0,-52,building_footprint,minecraft:orange_concrete
-37,0,-52,building_footprint,minecraft:orange_concrete
-36,0,-52,building_footprint,minecraft:orange_concrete
-35,0,-52,building_footprint,minecraft:orange_concrete
-34,0,-52,building_footprint,minecraft:orange_concrete
-33,0,-52,building_footprint,minecraft:orange_concrete
-32,0,-52,building_footprint,minecraft:orange_concrete
-31,0,-52,building_footprint,minecraft:orange_concrete
-30,0,-52,building_footprint,minecraft:orange_concrete
-29,0,-52,building_footprint,minecraft:orange_concrete
-28,0,-52,building_footprint,minecraft:orange_concrete
-27,0,-52,building_footprint,minecraft:orange_concrete
-26,0,-52,building_footprint,minecraft:orange_concrete
-25,0,-52,building_footprint,minecraft:orange_concrete
-24,0,-52,building_footprint,minecraft:orange_concrete
-23,0,-52,building_footprint,minecraft:orange_concrete
-22,0,-52,building_footprint,minecraft:orange_concrete
-21,0,-52,building_footprint,minecraft:orange_concrete
-20,0,-52,building_footprint,minecraft:orange_concrete
-19,0,-52,building_footprint,minecraft:orange_concrete
-18,0,-52,building_footprint,minecraft:orange_concrete
-17,0,-52,building_footprint,minecraft:orange_concrete
-16,0,-52,sidewalk,minecraft:smooth_stone
-15,0,-52,sidewalk,minecraft:smooth_stone
-14,0,-52,sidewalk,minecraft:smooth_stone
-13,0,-52,main_street,minecraft:black_concrete
-12,0,-52,main_street,minecraft:black_concrete
-11,0,-52,main_street,minecraft:black_concrete
-10,0,-52,main_street,minecraft:black_concrete
-9,0,-52,main_street,minecraft:black_concrete
-8,0,-52,main_street,minecraft:black_concrete
-7,0,-52,main_street,minecraft:black_concrete
-6,0,-52,main_street,minecraft:black_concrete
-5,0,-52,main_street,minecraft:black_concrete
-4,0,-52,main_street,minecraft:black_concrete
-3,0,-52,main_street,minecraft:black_concrete
-2,0,-52,main_street,minecraft:black_concrete
-1,0,-52,main_street,minecraft:black_concrete
0,0,-52,main_street,minecraft:black_concrete
1,0,-52,main_street,minecraft:black_concrete
2,0,-52,main_street,minecraft:black_concrete
3,0,-52,main_street,minecraft:black_concrete
4,0,-52,main_street,minecraft:black_concrete
5,0,-52,main_street,minecraft:black_concrete
6,0,-52,main_street,minecraft:black_concrete
7,0,-52,main_street,minecraft:black_concrete
8,0,-52,main_street,minecraft:black_concrete
9,0,-52,main_street,minecraft:black_concrete
10,0,-52,main_street,minecraft:black_concrete
11,0,-52,main_street,minecraft:black_concrete
12,0,-52,sidewalk,minecraft:smooth_stone
13,0,-52,sidewalk,minecraft:smooth_stone
14,0,-52,sidewalk,minecraft:smooth_stone
15,0,-52,building_footprint,minecraft:orange_concrete
16,0,-52,building_footprint,minecraft:orange_concrete
17,0,-52,building_footprint,minecraft:orange_concrete
18,0,-52,building_footprint,minecraft:orange_concrete
19,0,-52,building_footprint,minecraft:orange_concrete
20,0,-52,building_footprint,minecraft:orange_concrete
21,0,-52,building_footprint,minecraft:orange_concrete
22,0,-52,building_footprint,minecraft:orange_concrete
23,0,-52,building_footprint,minecraft:orange_concrete
24,0,-52,building_footprint,minecraft:orange_concrete
25,0,-52,building_footprint,minecraft:orange_concrete
26,0,-52,building_footprint,minecraft:orange_concrete
27,0,-52,building_footprint,minecraft:orange_concrete
28,0,-52,building_footprint,minecraft:orange_concrete
29,0,-52,building_footprint,minecraft:orange_concrete
30,0,-52,building_footprint,minecraft:orange_concrete
31,0,-52,building_footprint,minecraft:orange_concrete
32,0,-52,building_footprint,minecraft:orange_concrete
33,0,-52,building_footprint,minecraft:orange_concrete
34,0,-52,building_footprint,minecraft:orange_concrete
35,0,-52,building_footprint,minecraft:orange_concrete
36,0,-52,building_footprint,minecraft:orange_concrete
37,0,-52,building_footprint,minecraft:orange_concrete
38,0,-52,building_footprint,minecraft:orange_concrete
39,0,-52,building_footprint,minecraft:orange_concrete
40,0,-52,building_footprint,minecraft:orange_concrete
41,0,-52,building_footprint,minecraft:orange_concrete
42,0,-52,building_footprint,minecraft:orange_concrete
43,0,-52,building_footprint,minecraft:orange_concrete
44,0,-52,building_footprint,minecraft:orange_concrete
45,0,-52,building_footprint,minecraft:orange_concrete
46,0,-52,building_footprint,minecraft:orange_concrete
47,0,-52,building_footprint,minecraft:orange_concrete
48,0,-52,building_footprint,minecraft:orange_concrete
49,0,-52,building_footprint,minecraft:orange_concrete
50,0,-52,building_footprint,minecraft:orange_concrete
51,0,-52,building_footprint,minecraft:orange_concrete
52,0,-52,building_footprint,minecraft:orange_concrete
66,0,-52,alley,minecraft:polished_andesite
67,0,-52,alley,minecraft:polished_andesite
68,0,-52,alley,minecraft:polished_andesite
69,0,-52,alley,minecraft:polished_andesite
-71,0,-51,alley,minecraft:polished_andesite
-70,0,-51,alley,minecraft:polished_andesite
-69,0,-51,alley,minecraft:polished_andesite
-68,0,-51,alley,minecraft:polished_andesite
-58,0,-51,building_footprint,minecraft:orange_concrete
-57,0,-51,building_footprint,minecraft:orange_concrete
-56,0,-51,building_footprint,minecraft:orange_concrete
-55,0,-51,building_footprint,minecraft:orange_concrete
-54,0,-51,building_footprint,minecraft:orange_concrete
-53,0,-51,building_footprint,minecraft:orange_concrete
-52,0,-51,building_footprint,minecraft:orange_concrete
-51,0,-51,building_footprint,minecraft:orange_concrete
-50,0,-51,building_footprint,minecraft:orange_concrete
-49,0,-51,building_footprint,minecraft:orange_concrete
-48,0,-51,building_footprint,minecraft:orange_concrete
-47,0,-51,building_footprint,minecraft:orange_concrete
-46,0,-51,building_footprint,minecraft:orange_concrete
-45,0,-51,building_footprint,minecraft:orange_concrete
-44,0,-51,building_footprint,minecraft:orange_concrete
-43,0,-51,building_footprint,minecraft:orange_concrete
-42,0,-51,building_footprint,minecraft:orange_concrete
-41,0,-51,building_footprint,minecraft:orange_concrete
-40,0,-51,building_footprint,minecraft:orange_concrete
-39,0,-51,building_footprint,minecraft:orange_concrete
-38,0,-51,building_footprint,minecraft:orange_concrete
-37,0,-51,building_footprint,minecraft:orange_concrete
-36,0,-51,building_footprint,minecraft:orange_concrete
-35,0,-51,building_footprint,minecraft:orange_concrete
-34,0,-51,building_footprint,minecraft:orange_concrete
-33,0,-51,building_footprint,minecraft:orange_concrete
-32,0,-51,building_footprint,minecraft:orange_concrete
-31,0,-51,building_footprint,minecraft:orange_concrete
-30,0,-51,building_footprint,minecraft:orange_concrete
-29,0,-51,building_footprint,minecraft:orange_concrete
-28,0,-51,building_footprint,minecraft:orange_concrete
-27,0,-51,building_footprint,minecraft:orange_concrete
-26,0,-51,building_footprint,minecraft:orange_concrete
-25,0,-51,building_footprint,minecraft:orange_concrete
-24,0,-51,building_footprint,minecraft:orange_concrete
-23,0,-51,building_footprint,minecraft:orange_concrete
-22,0,-51,building_footprint,minecraft:orange_concrete
-21,0,-51,building_footprint,minecraft:orange_concrete
-20,0,-51,building_footprint,minecraft:orange_concrete
-19,0,-51,building_footprint,minecraft:orange_concrete
-18,0,-51,building_footprint,minecraft:orange_concrete
-17,0,-51,building_footprint,minecraft:orange_concrete
-16,0,-51,sidewalk,minecraft:smooth_stone
-15,0,-51,sidewalk,minecraft:smooth_stone
-14,0,-51,sidewalk,minecraft:smooth_stone
-13,0,-51,main_street,minecraft:black_concrete
-12,0,-51,main_street,minecraft:black_concrete
-11,0,-51,main_street,minecraft:black_concrete
-10,0,-51,main_street,minecraft:black_concrete
-9,0,-51,main_street,minecraft:black_concrete
-8,0,-51,main_street,minecraft:black_concrete
-7,0,-51,main_street,minecraft:black_concrete
-6,0,-51,main_street,minecraft:black_concrete
-5,0,-51,main_street,minecraft:black_concrete
-4,0,-51,main_street,minecraft:black_concrete
-3,0,-51,main_street,minecraft:black_concrete
-2,0,-51,main_street,minecraft:black_concrete
-1,0,-51,main_street,minecraft:black_concrete
0,0,-51,main_street,minecraft:black_concrete
1,0,-51,main_street,minecraft:black_concrete
2,0,-51,main_street,minecraft:black_concrete
3,0,-51,main_street,minecraft:black_concrete
4,0,-51,main_street,minecraft:black_concrete
5,0,-51,main_street,minecraft:black_concrete
6,0,-51,main_street,minecraft:black_concrete
7,0,-51,main_street,minecraft:black_concrete
8,0,-51,main_street,minecraft:black_concrete
9,0,-51,main_street,minecraft:black_concrete
10,0,-51,main_street,minecraft:black_concrete
11,0,-51,main_street,minecraft:black_concrete
12,0,-51,sidewalk,minecraft:smooth_stone
13,0,-51,sidewalk,minecraft:smooth_stone
14,0,-51,sidewalk,minecraft:smooth_stone
15,0,-51,building_footprint,minecraft:orange_concrete
16,0,-51,building_footprint,minecraft:orange_concrete
17,0,-51,building_footprint,minecraft:orange_concrete
18,0,-51,building_footprint,minecraft:orange_concrete
19,0,-51,building_footprint,minecraft:orange_concrete
20,0,-51,building_footprint,minecraft:orange_concrete
21,0,-51,building_footprint,minecraft:orange_concrete
22,0,-51,building_footprint,minecraft:orange_concrete
23,0,-51,building_footprint,minecraft:orange_concrete
24,0,-51,building_footprint,minecraft:orange_concrete
25,0,-51,building_footprint,minecraft:orange_concrete
26,0,-51,building_footprint,minecraft:orange_concrete
27,0,-51,building_footprint,minecraft:orange_concrete
28,0,-51,building_footprint,minecraft:orange_concrete
29,0,-51,building_footprint,minecraft:orange_concrete
30,0,-51,building_footprint,minecraft:orange_concrete
31,0,-51,building_footprint,minecraft:orange_concrete
32,0,-51,building_footprint,minecraft:orange_concrete
33,0,-51,building_footprint,minecraft:orange_concrete
34,0,-51,building_footprint,minecraft:orange_concrete
35,0,-51,building_footprint,minecraft:orange_concrete
36,0,-51,building_footprint,minecraft:orange_concrete
37,0,-51,building_footprint,minecraft:orange_concrete
38,0,-51,building_footprint,minecraft:orange_concrete
39,0,-51,building_footprint,minecraft:orange_concrete
40,0,-51,building_footprint,minecraft:orange_concrete
41,0,-51,building_footprint,minecraft:orange_concrete
42,0,-51,building_footprint,minecraft:orange_concrete
43,0,-51,building_footprint,minecraft:orange_concrete
44,0,-51,building_footprint,minecraft:orange_concrete
45,0,-51,building_footprint,minecraft:orange_concrete
46,0,-51,building_footprint,minecraft:orange_concrete
47,0,-51,building_footprint,minecraft:orange_concrete
48,0,-51,building_footprint,minecraft:orange_concrete
49,0,-51,building_footprint,minecraft:orange_concrete
50,0,-51,building_footprint,minecraft:orange_concrete
51,0,-51,building_footprint,minecraft:orange_concrete
52,0,-51,building_footprint,minecraft:orange_concrete
66,0,-51,alley,minecraft:polished_andesite
67,0,-51,alley,minecraft:polished_andesite
68,0,-51,alley,minecraft:polished_andesite
69,0,-51,alley,minecraft:polished_andesite
-71,0,-50,alley,minecraft:polished_andesite
-70,0,-50,alley,minecraft:polished_andesite
-69,0,-50,alley,minecraft:polished_andesite
-68,0,-50,alley,minecraft:polished_andesite
-58,0,-50,building_footprint,minecraft:orange_concrete
-57,0,-50,building_footprint,minecraft:orange_concrete
-56,0,-50,building_footprint,minecraft:orange_concrete
-55,0,-50,building_footprint,minecraft:orange_concrete
-54,0,-50,building_footprint,minecraft:orange_concrete
-53,0,-50,building_footprint,minecraft:orange_concrete
-52,0,-50,building_footprint,minecraft:orange_concrete
-51,0,-50,building_footprint,minecraft:orange_concrete
-50,0,-50,building_footprint,minecraft:orange_concrete
-49,0,-50,building_footprint,minecraft:orange_concrete
-48,0,-50,building_footprint,minecraft:orange_concrete
-47,0,-50,building_footprint,minecraft:orange_concrete
-46,0,-50,building_footprint,minecraft:orange_concrete
-45,0,-50,building_footprint,minecraft:orange_concrete
-44,0,-50,building_footprint,minecraft:orange_concrete
-43,0,-50,building_footprint,minecraft:orange_concrete
-42,0,-50,building_footprint,minecraft:orange_concrete
-41,0,-50,building_footprint,minecraft:orange_concrete
-40,0,-50,building_footprint,minecraft:orange_concrete
-39,0,-50,building_footprint,minecraft:orange_concrete
-38,0,-50,building_footprint,minecraft:orange_concrete
-37,0,-50,building_footprint,minecraft:orange_concrete
-36,0,-50,building_footprint,minecraft:orange_concrete
-35,0,-50,building_footprint,minecraft:orange_concrete
-34,0,-50,building_footprint,minecraft:orange_concrete
-33,0,-50,building_footprint,minecraft:orange_concrete
-32,0,-50,building_footprint,minecraft:orange_concrete
-31,0,-50,building_footprint,minecraft:orange_concrete
-30,0,-50,building_footprint,minecraft:orange_concrete
-29,0,-50,building_footprint,minecraft:orange_concrete
-28,0,-50,building_footprint,minecraft:orange_concrete
-27,0,-50,building_footprint,minecraft:orange_concrete
-26,0,-50,building_footprint,minecraft:orange_concrete
-25,0,-50,building_footprint,minecraft:orange_concrete
-24,0,-50,building_footprint,minecraft:orange_concrete
-23,0,-50,building_footprint,minecraft:orange_concrete
-22,0,-50,building_footprint,minecraft:orange_concrete
-21,0,-50,building_footprint,minecraft:orange_concrete
-20,0,-50,building_footprint,minecraft:orange_concrete
-19,0,-50,building_footprint,minecraft:orange_concrete
-18,0,-50,building_footprint,minecraft:orange_concrete
-17,0,-50,building_footprint,minecraft:orange_concrete
-16,0,-50,sidewalk,minecraft:smooth_stone
-15,0,-50,sidewalk,minecraft:smooth_stone
-14,0,-50,sidewalk,minecraft:smooth_stone
-13,0,-50,main_street,minecraft:black_concrete
-12,0,-50,main_street,minecraft:black_concrete
-11,0,-50,main_street,minecraft:black_concrete
-10,0,-50,main_street,minecraft:black_concrete
-9,0,-50,main_street,minecraft:black_concrete
-8,0,-50,main_street,minecraft:black_concrete
-7,0,-50,main_street,minecraft:black_concrete
-6,0,-50,main_street,minecraft:black_concrete
-5,0,-50,main_street,minecraft:black_concrete
-4,0,-50,main_street,minecraft:black_concrete
-3,0,-50,main_street,minecraft:black_concrete
-2,0,-50,main_street,minecraft:black_concrete
-1,0,-50,main_street,minecraft:black_concrete
0,0,-50,main_street,minecraft:black_concrete
1,0,-50,main_street,minecraft:black_concrete
2,0,-50,main_street,minecraft:black_concrete
3,0,-50,main_street,minecraft:black_concrete
4,0,-50,main_street,minecraft:black_concrete
5,0,-50,main_street,minecraft:black_concrete
6,0,-50,main_street,minecraft:black_concrete
7,0,-50,main_street,minecraft:black_concrete
8,0,-50,main_street,minecraft:black_concrete
9,0,-50,main_street,minecraft:black_concrete
10,0,-50,main_street,minecraft:black_concrete
11,0,-50,main_street,minecraft:black_concrete
12,0,-50,sidewalk,minecraft:smooth_stone
13,0,-50,sidewalk,minecraft:smooth_stone
14,0,-50,sidewalk,minecraft:smooth_stone
15,0,-50,building_footprint,minecraft:orange_concrete
16,0,-50,building_footprint,minecraft:orange_concrete
17,0,-50,building_footprint,minecraft:orange_concrete
18,0,-50,building_footprint,minecraft:orange_concrete
19,0,-50,building_footprint,minecraft:orange_concrete
20,0,-50,building_footprint,minecraft:orange_concrete
21,0,-50,building_footprint,minecraft:orange_concrete
22,0,-50,building_footprint,minecraft:orange_concrete
23,0,-50,building_footprint,minecraft:orange_concrete
24,0,-50,building_footprint,minecraft:orange_concrete
25,0,-50,building_footprint,minecraft:orange_concrete
26,0,-50,building_footprint,minecraft:orange_concrete
27,0,-50,building_footprint,minecraft:orange_concrete
28,0,-50,building_footprint,minecraft:orange_concrete
29,0,-50,building_footprint,minecraft:orange_concrete
30,0,-50,building_footprint,minecraft:orange_concrete
31,0,-50,building_footprint,minecraft:orange_concrete
32,0,-50,building_footprint,minecraft:orange_concrete
33,0,-50,building_footprint,minecraft:orange_concrete
34,0,-50,building_footprint,minecraft:orange_concrete
35,0,-50,building_footprint,minecraft:orange_concrete
36,0,-50,building_footprint,minecraft:orange_concrete
37,0,-50,building_footprint,minecraft:orange_concrete
38,0,-50,building_footprint,minecraft:orange_concrete
39,0,-50,building_footprint,minecraft:orange_concrete
40,0,-50,building_footprint,minecraft:orange_concrete
41,0,-50,building_footprint,minecraft:orange_concrete
42,0,-50,building_footprint,minecraft:orange_concrete
43,0,-50,building_footprint,minecraft:orange_concrete
44,0,-50,building_footprint,minecraft:orange_concrete
45,0,-50,building_footprint,minecraft:orange_concrete
46,0,-50,building_footprint,minecraft:orange_concrete
47,0,-50,building_footprint,minecraft:orange_concrete
48,0,-50,building_footprint,minecraft:orange_concrete
49,0,-50,building_footprint,minecraft:orange_concrete
50,0,-50,building_footprint,minecraft:orange_concrete
51,0,-50,building_footprint,minecraft:orange_concrete
52,0,-50,building_footprint,minecraft:orange_concrete
66,0,-50,alley,minecraft:polished_andesite
67,0,-50,alley,minecraft:polished_andesite
68,0,-50,alley,minecraft:polished_andesite
69,0,-50,alley,minecraft:polished_andesite
-71,0,-49,alley,minecraft:polished_andesite
-70,0,-49,alley,minecraft:polished_andesite
-69,0,-49,alley,minecraft:polished_andesite
-68,0,-49,alley,minecraft:polished_andesite
-58,0,-49,building_footprint,minecraft:orange_concrete
-57,0,-49,building_footprint,minecraft:orange_concrete
-56,0,-49,building_footprint,minecraft:orange_concrete
-55,0,-49,building_footprint,minecraft:orange_concrete
-54,0,-49,building_footprint,minecraft:orange_concrete
-53,0,-49,building_footprint,minecraft:orange_concrete
-52,0,-49,building_footprint,minecraft:orange_concrete
-51,0,-49,building_footprint,minecraft:orange_concrete
-50,0,-49,building_footprint,minecraft:orange_concrete
-49,0,-49,building_footprint,minecraft:orange_concrete
-48,0,-49,building_footprint,minecraft:orange_concrete
-47,0,-49,building_footprint,minecraft:orange_concrete
-46,0,-49,building_footprint,minecraft:orange_concrete
-45,0,-49,building_footprint,minecraft:orange_concrete
-44,0,-49,building_footprint,minecraft:orange_concrete
-43,0,-49,building_footprint,minecraft:orange_concrete
-42,0,-49,building_footprint,minecraft:orange_concrete
-41,0,-49,building_footprint,minecraft:orange_concrete
-40,0,-49,building_footprint,minecraft:orange_concrete
-39,0,-49,building_footprint,minecraft:orange_concrete
-38,0,-49,building_footprint,minecraft:orange_concrete
-37,0,-49,building_footprint,minecraft:orange_concrete
-36,0,-49,building_footprint,minecraft:orange_concrete
-35,0,-49,building_footprint,minecraft:orange_concrete
-34,0,-49,building_footprint,minecraft:orange_concrete
-33,0,-49,building_footprint,minecraft:orange_concrete
-32,0,-49,building_footprint,minecraft:orange_concrete
-31,0,-49,building_footprint,minecraft:orange_concrete
-30,0,-49,building_footprint,minecraft:orange_concrete
-29,0,-49,building_footprint,minecraft:orange_concrete
-28,0,-49,building_footprint,minecraft:orange_concrete
-27,0,-49,building_footprint,minecraft:orange_concrete
-26,0,-49,building_footprint,minecraft:orange_concrete
-25,0,-49,building_footprint,minecraft:orange_concrete
-24,0,-49,building_footprint,minecraft:orange_concrete
-23,0,-49,building_footprint,minecraft:orange_concrete
-22,0,-49,building_footprint,minecraft:orange_concrete
-21,0,-49,building_footprint,minecraft:orange_concrete
-20,0,-49,building_footprint,minecraft:orange_concrete
-19,0,-49,building_footprint,minecraft:orange_concrete
-18,0,-49,building_footprint,minecraft:orange_concrete
-17,0,-49,building_footprint,minecraft:orange_concrete
-16,0,-49,sidewalk,minecraft:smooth_stone
-15,0,-49,sidewalk,minecraft:smooth_stone
-14,0,-49,sidewalk,minecraft:smooth_stone
-13,0,-49,main_street,minecraft:black_concrete
-12,0,-49,main_street,minecraft:black_concrete
-11,0,-49,main_street,minecraft:black_concrete
-10,0,-49,main_street,minecraft:black_concrete
-9,0,-49,main_street,minecraft:black_concrete
-8,0,-49,main_street,minecraft:black_concrete
-7,0,-49,main_street,minecraft:black_concrete
-6,0,-49,main_street,minecraft:black_concrete
-5,0,-49,main_street,minecraft:black_concrete
-4,0,-49,main_street,minecraft:black_concrete
-3,0,-49,main_street,minecraft:black_concrete
-2,0,-49,main_street,minecraft:black_concrete
-1,0,-49,main_street,minecraft:black_concrete
0,0,-49,main_street,minecraft:black_concrete
1,0,-49,main_street,minecraft:black_concrete
2,0,-49,main_street,minecraft:black_concrete
3,0,-49,main_street,minecraft:black_concrete
4,0,-49,main_street,minecraft:black_concrete
5,0,-49,main_street,minecraft:black_concrete
6,0,-49,main_street,minecraft:black_concrete
7,0,-49,main_street,minecraft:black_concrete
8,0,-49,main_street,minecraft:black_concrete
9,0,-49,main_street,minecraft:black_concrete
10,0,-49,main_street,minecraft:black_concrete
11,0,-49,main_street,minecraft:black_concrete
12,0,-49,sidewalk,minecraft:smooth_stone
13,0,-49,sidewalk,minecraft:smooth_stone
14,0,-49,sidewalk,minecraft:smooth_stone
15,0,-49,building_footprint,minecraft:orange_concrete
16,0,-49,building_footprint,minecraft:orange_concrete
17,0,-49,building_footprint,minecraft:orange_concrete
18,0,-49,building_footprint,minecraft:orange_concrete
19,0,-49,building_footprint,minecraft:orange_concrete
20,0,-49,building_footprint,minecraft:orange_concrete
21,0,-49,building_footprint,minecraft:orange_concrete
22,0,-49,building_footprint,minecraft:orange_concrete
23,0,-49,building_footprint,minecraft:orange_concrete
24,0,-49,building_footprint,minecraft:orange_concrete
25,0,-49,building_footprint,minecraft:orange_concrete
26,0,-49,building_footprint,minecraft:orange_concrete
27,0,-49,building_footprint,minecraft:orange_concrete
28,0,-49,building_footprint,minecraft:orange_concrete
29,0,-49,building_footprint,minecraft:orange_concrete
30,0,-49,building_footprint,minecraft:orange_concrete
31,0,-49,building_footprint,minecraft:orange_concrete
32,0,-49,building_footprint,minecraft:orange_concrete
33,0,-49,building_footprint,minecraft:orange_concrete
34,0,-49,building_footprint,minecraft:orange_concrete
35,0,-49,building_footprint,minecraft:orange_concrete
36,0,-49,building_footprint,minecraft:orange_concrete
37,0,-49,building_footprint,minecraft:orange_concrete
38,0,-49,building_footprint,minecraft:orange_concrete
39,0,-49,building_footprint,minecraft:orange_concrete
40,0,-49,building_footprint,minecraft:orange_concrete
41,0,-49,building_footprint,minecraft:orange_concrete
42,0,-49,building_footprint,minecraft:orange_concrete
43,0,-49,building_footprint,minecraft:orange_concrete
44,0,-49,building_footprint,minecraft:orange_concrete
45,0,-49,building_footprint,minecraft:orange_concrete
46,0,-49,building_footprint,minecraft:orange_concrete
47,0,-49,building_footprint,minecraft:orange_concrete
48,0,-49,building_footprint,minecraft:orange_concrete
49,0,-49,building_footprint,minecraft:orange_concrete
50,0,-49,building_footprint,minecraft:orange_concrete
51,0,-49,building_footprint,minecraft:orange_concrete
52,0,-49,building_footprint,minecraft:orange_concrete
66,0,-49,alley,minecraft:polished_andesite
67,0,-49,alley,minecraft:polished_andesite
68,0,-49,alley,minecraft:polished_andesite
69,0,-49,alley,minecraft:polished_andesite
-71,0,-48,alley,minecraft:polished_andesite
-70,0,-48,alley,minecraft:polished_andesite
-69,0,-48,alley,minecraft:polished_andesite
-68,0,-48,alley,minecraft:polished_andesite
-58,0,-48,building_footprint,minecraft:orange_concrete
-57,0,-48,building_footprint,minecraft:orange_concrete
-56,0,-48,building_footprint,minecraft:orange_concrete
-55,0,-48,building_footprint,minecraft:orange_concrete
-54,0,-48,building_footprint,minecraft:orange_concrete
-53,0,-48,building_footprint,minecraft:orange_concrete
-52,0,-48,building_footprint,minecraft:orange_concrete
-51,0,-48,building_footprint,minecraft:orange_concrete
-50,0,-48,building_footprint,minecraft:orange_concrete
-49,0,-48,building_footprint,minecraft:orange_concrete
-48,0,-48,building_footprint,minecraft:orange_concrete
-47,0,-48,building_footprint,minecraft:orange_concrete
-46,0,-48,building_footprint,minecraft:orange_concrete
-45,0,-48,building_footprint,minecraft:orange_concrete
-44,0,-48,building_footprint,minecraft:orange_concrete
-43,0,-48,building_footprint,minecraft:orange_concrete
-42,0,-48,building_footprint,minecraft:orange_concrete
-41,0,-48,building_footprint,minecraft:orange_concrete
-40,0,-48,building_footprint,minecraft:orange_concrete
-39,0,-48,building_footprint,minecraft:orange_concrete
-38,0,-48,building_footprint,minecraft:orange_concrete
-37,0,-48,building_footprint,minecraft:orange_concrete
-36,0,-48,building_footprint,minecraft:orange_concrete
-35,0,-48,building_footprint,minecraft:orange_concrete
-34,0,-48,building_footprint,minecraft:orange_concrete
-33,0,-48,building_footprint,minecraft:orange_concrete
-32,0,-48,building_footprint,minecraft:orange_concrete
-31,0,-48,building_footprint,minecraft:orange_concrete
-30,0,-48,building_footprint,minecraft:orange_concrete
-29,0,-48,building_footprint,minecraft:orange_concrete
-28,0,-48,building_footprint,minecraft:orange_concrete
-27,0,-48,building_footprint,minecraft:orange_concrete
-26,0,-48,building_footprint,minecraft:orange_concrete
-25,0,-48,building_footprint,minecraft:orange_concrete
-24,0,-48,building_footprint,minecraft:orange_concrete
-23,0,-48,building_footprint,minecraft:orange_concrete
-22,0,-48,building_footprint,minecraft:orange_concrete
-21,0,-48,building_footprint,minecraft:orange_concrete
-20,0,-48,building_footprint,minecraft:orange_concrete
-19,0,-48,building_footprint,minecraft:orange_concrete
-18,0,-48,building_footprint,minecraft:orange_concrete
-17,0,-48,building_footprint,minecraft:orange_concrete
-16,0,-48,sidewalk,minecraft:smooth_stone
-15,0,-48,sidewalk,minecraft:smooth_stone
-14,0,-48,sidewalk,minecraft:smooth_stone
-13,0,-48,main_street,minecraft:black_concrete
-12,0,-48,main_street,minecraft:black_concrete
-11,0,-48,main_street,minecraft:black_concrete
-10,0,-48,main_street,minecraft:black_concrete
-9,0,-48,main_street,minecraft:black_concrete
-8,0,-48,main_street,minecraft:black_concrete
-7,0,-48,main_street,minecraft:black_concrete
-6,0,-48,main_street,minecraft:black_concrete
-5,0,-48,main_street,minecraft:black_concrete
-4,0,-48,main_street,minecraft:black_concrete
-3,0,-48,main_street,minecraft:black_concrete
-2,0,-48,main_street,minecraft:black_concrete
-1,0,-48,main_street,minecraft:black_concrete
0,0,-48,main_street,minecraft:black_concrete
1,0,-48,main_street,minecraft:black_concrete
2,0,-48,main_street,minecraft:black_concrete
3,0,-48,main_street,minecraft:black_concrete
4,0,-48,main_street,minecraft:black_concrete
5,0,-48,main_street,minecraft:black_concrete
6,0,-48,main_street,minecraft:black_concrete
7,0,-48,main_street,minecraft:black_concrete
8,0,-48,main_street,minecraft:black_concrete
9,0,-48,main_street,minecraft:black_concrete
10,0,-48,main_street,minecraft:black_concrete
11,0,-48,main_street,minecraft:black_concrete
12,0,-48,sidewalk,minecraft:smooth_stone
13,0,-48,sidewalk,minecraft:smooth_stone
14,0,-48,sidewalk,minecraft:smooth_stone
15,0,-48,building_footprint,minecraft:orange_concrete
16,0,-48,building_footprint,minecraft:orange_concrete
17,0,-48,building_footprint,minecraft:orange_concrete
18,0,-48,building_footprint,minecraft:orange_concrete
19,0,-48,building_footprint,minecraft:orange_concrete
20,0,-48,building_footprint,minecraft:orange_concrete
21,0,-48,building_footprint,minecraft:orange_concrete
22,0,-48,building_footprint,minecraft:orange_concrete
23,0,-48,building_footprint,minecraft:orange_concrete
24,0,-48,building_footprint,minecraft:orange_concrete
25,0,-48,building_footprint,minecraft:orange_concrete
26,0,-48,building_footprint,minecraft:orange_concrete
27,0,-48,building_footprint,minecraft:orange_concrete
28,0,-48,building_footprint,minecraft:orange_concrete
29,0,-48,building_footprint,minecraft:orange_concrete
30,0,-48,building_footprint,minecraft:orange_concrete
31,0,-48,building_footprint,minecraft:orange_concrete
32,0,-48,building_footprint,minecraft:orange_concrete
33,0,-48,building_footprint,minecraft:orange_concrete
34,0,-48,building_footprint,minecraft:orange_concrete
35,0,-48,building_footprint,minecraft:orange_concrete
36,0,-48,building_footprint,minecraft:orange_concrete
37,0,-48,building_footprint,minecraft:orange_concrete
38,0,-48,building_footprint,minecraft:orange_concrete
39,0,-48,building_footprint,minecraft:orange_concrete
40,0,-48,building_footprint,minecraft:orange_concrete
41,0,-48,building_footprint,minecraft:orange_concrete
42,0,-48,building_footprint,minecraft:orange_concrete
43,0,-48,building_footprint,minecraft:orange_concrete
44,0,-48,building_footprint,minecraft:orange_concrete
45,0,-48,building_footprint,minecraft:orange_concrete
46,0,-48,building_footprint,minecraft:orange_concrete
47,0,-48,building_footprint,minecraft:orange_concrete
48,0,-48,building_footprint,minecraft:orange_concrete
49,0,-48,building_footprint,minecraft:orange_concrete
50,0,-48,building_footprint,minecraft:orange_concrete
51,0,-48,building_footprint,minecraft:orange_concrete
52,0,-48,building_footprint,minecraft:orange_concrete
66,0,-48,alley,minecraft:polished_andesite
67,0,-48,alley,minecraft:polished_andesite
68,0,-48,alley,minecraft:polished_andesite
69,0,-48,alley,minecraft:polished_andesite
-71,0,-47,alley,minecraft:polished_andesite
-70,0,-47,alley,minecraft:polished_andesite
-69,0,-47,alley,minecraft:polished_andesite
-68,0,-47,alley,minecraft:polished_andesite
-58,0,-47,building_footprint,minecraft:orange_concrete
-57,0,-47,building_footprint,minecraft:orange_concrete
-56,0,-47,building_footprint,minecraft:orange_concrete
-55,0,-47,building_footprint,minecraft:orange_concrete
-54,0,-47,building_footprint,minecraft:orange_concrete
-53,0,-47,building_footprint,minecraft:orange_concrete
-52,0,-47,building_footprint,minecraft:orange_concrete
-51,0,-47,building_footprint,minecraft:orange_concrete
-50,0,-47,building_footprint,minecraft:orange_concrete
-49,0,-47,building_footprint,minecraft:orange_concrete
-48,0,-47,building_footprint,minecraft:orange_concrete
-47,0,-47,building_footprint,minecraft:orange_concrete
-46,0,-47,building_footprint,minecraft:orange_concrete
-45,0,-47,building_footprint,minecraft:orange_concrete
-44,0,-47,building_footprint,minecraft:orange_concrete
-43,0,-47,building_footprint,minecraft:orange_concrete
-42,0,-47,building_footprint,minecraft:orange_concrete
-41,0,-47,building_footprint,minecraft:orange_concrete
-40,0,-47,building_footprint,minecraft:orange_concrete
-39,0,-47,building_footprint,minecraft:orange_concrete
-38,0,-47,building_footprint,minecraft:orange_concrete
-37,0,-47,building_footprint,minecraft:orange_concrete
-36,0,-47,building_footprint,minecraft:orange_concrete
-35,0,-47,building_footprint,minecraft:orange_concrete
-34,0,-47,building_footprint,minecraft:orange_concrete
-33,0,-47,building_footprint,minecraft:orange_concrete
-32,0,-47,building_footprint,minecraft:orange_concrete
-31,0,-47,building_footprint,minecraft:orange_concrete
-30,0,-47,building_footprint,minecraft:orange_concrete
-29,0,-47,building_footprint,minecraft:orange_concrete
-28,0,-47,building_footprint,minecraft:orange_concrete
-27,0,-47,building_footprint,minecraft:orange_concrete
-26,0,-47,building_footprint,minecraft:orange_concrete
-25,0,-47,building_footprint,minecraft:orange_concrete
-24,0,-47,building_footprint,minecraft:orange_concrete
-23,0,-47,building_footprint,minecraft:orange_concrete
-22,0,-47,building_footprint,minecraft:orange_concrete
-21,0,-47,building_footprint,minecraft:orange_concrete
-20,0,-47,building_footprint,minecraft:orange_concrete
-19,0,-47,building_footprint,minecraft:orange_concrete
-18,0,-47,building_footprint,minecraft:orange_concrete
-17,0,-47,building_footprint,minecraft:orange_concrete
-16,0,-47,sidewalk,minecraft:smooth_stone
-15,0,-47,sidewalk,minecraft:smooth_stone
-14,0,-47,sidewalk,minecraft:smooth_stone
-13,0,-47,main_street,minecraft:black_concrete
-12,0,-47,main_street,minecraft:black_concrete
-11,0,-47,main_street,minecraft:black_concrete
-10,0,-47,main_street,minecraft:black_concrete
-9,0,-47,main_street,minecraft:black_concrete
-8,0,-47,main_street,minecraft:black_concrete
-7,0,-47,main_street,minecraft:black_concrete
-6,0,-47,main_street,minecraft:black_concrete
-5,0,-47,main_street,minecraft:black_concrete
-4,0,-47,main_street,minecraft:black_concrete
-3,0,-47,main_street,minecraft:black_concrete
-2,0,-47,main_street,minecraft:black_concrete
-1,0,-47,main_street,minecraft:black_concrete
0,0,-47,main_street,minecraft:black_concrete
1,0,-47,main_street,minecraft:black_concrete
2,0,-47,main_street,minecraft:black_concrete
3,0,-47,main_street,minecraft:black_concrete
4,0,-47,main_street,minecraft:black_concrete
5,0,-47,main_street,minecraft:black_concrete
6,0,-47,main_street,minecraft:black_concrete
7,0,-47,main_street,minecraft:black_concrete
8,0,-47,main_street,minecraft:black_concrete
9,0,-47,main_street,minecraft:black_concrete
10,0,-47,main_street,minecraft:black_concrete
11,0,-47,main_street,minecraft:black_concrete
12,0,-47,sidewalk,minecraft:smooth_stone
13,0,-47,sidewalk,minecraft:smooth_stone
14,0,-47,sidewalk,minecraft:smooth_stone
15,0,-47,building_footprint,minecraft:orange_concrete
16,0,-47,building_footprint,minecraft:orange_concrete
17,0,-47,building_footprint,minecraft:orange_concrete
18,0,-47,building_footprint,minecraft:orange_concrete
19,0,-47,building_footprint,minecraft:orange_concrete
20,0,-47,building_footprint,minecraft:orange_concrete
21,0,-47,building_footprint,minecraft:orange_concrete
22,0,-47,building_footprint,minecraft:orange_concrete
23,0,-47,building_footprint,minecraft:orange_concrete
24,0,-47,building_footprint,minecraft:orange_concrete
25,0,-47,building_footprint,minecraft:orange_concrete
26,0,-47,building_footprint,minecraft:orange_concrete
27,0,-47,building_footprint,minecraft:orange_concrete
28,0,-47,building_footprint,minecraft:orange_concrete
29,0,-47,building_footprint,minecraft:orange_concrete
30,0,-47,building_footprint,minecraft:orange_concrete
31,0,-47,building_footprint,minecraft:orange_concrete
32,0,-47,building_footprint,minecraft:orange_concrete
33,0,-47,building_footprint,minecraft:orange_concrete
34,0,-47,building_footprint,minecraft:orange_concrete
35,0,-47,building_footprint,minecraft:orange_concrete
36,0,-47,building_footprint,minecraft:orange_concrete
37,0,-47,building_footprint,minecraft:orange_concrete
38,0,-47,building_footprint,minecraft:orange_concrete
39,0,-47,building_footprint,minecraft:orange_concrete
40,0,-47,building_footprint,minecraft:orange_concrete
41,0,-47,building_footprint,minecraft:orange_concrete
42,0,-47,building_footprint,minecraft:orange_concrete
43,0,-47,building_footprint,minecraft:orange_concrete
44,0,-47,building_footprint,minecraft:orange_concrete
45,0,-47,building_footprint,minecraft:orange_concrete
46,0,-47,building_footprint,minecraft:orange_concrete
47,0,-47,building_footprint,minecraft:orange_concrete
48,0,-47,building_footprint,minecraft:orange_concrete
49,0,-47,building_footprint,minecraft:orange_concrete
50,0,-47,building_footprint,minecraft:orange_concrete
51,0,-47,building_footprint,minecraft:orange_concrete
52,0,-47,building_footprint,minecraft:orange_concrete
53,0,-47,building_footprint,minecraft:orange_concrete
54,0,-47,building_footprint,minecraft:orange_concrete
55,0,-47,building_footprint,minecraft:orange_concrete
56,0,-47,building_footprint,minecraft:orange_concrete
57,0,-47,building_footprint,minecraft:orange_concrete
58,0,-47,building_footprint,minecraft:orange_concrete
59,0,-47,building_footprint,minecraft:orange_concrete
60,0,-47,building_footprint,minecraft:orange_concrete
61,0,-47,building_footprint,minecraft:orange_concrete
62,0,-47,building_footprint,minecraft:orange_concrete
66,0,-47,alley,minecraft:polished_andesite
67,0,-47,alley,minecraft:polished_andesite
68,0,-47,alley,minecraft:polished_andesite
69,0,-47,alley,minecraft:polished_andesite
-71,0,-46,alley,minecraft:polished_andesite
-70,0,-46,alley,minecraft:polished_andesite
-69,0,-46,alley,minecraft:polished_andesite
-68,0,-46,alley,minecraft:polished_andesite
-58,0,-46,building_footprint,minecraft:orange_concrete
-57,0,-46,building_footprint,minecraft:orange_concrete
-56,0,-46,building_footprint,minecraft:orange_concrete
-55,0,-46,building_footprint,minecraft:orange_concrete
-54,0,-46,building_footprint,minecraft:orange_concrete
-53,0,-46,building_footprint,minecraft:orange_concrete
-52,0,-46,building_footprint,minecraft:orange_concrete
-51,0,-46,building_footprint,minecraft:orange_concrete
-50,0,-46,building_footprint,minecraft:orange_concrete
-49,0,-46,building_footprint,minecraft:orange_concrete
-48,0,-46,building_footprint,minecraft:orange_concrete
-47,0,-46,building_footprint,minecraft:orange_concrete
-46,0,-46,building_footprint,minecraft:orange_concrete
-45,0,-46,building_footprint,minecraft:orange_concrete
-44,0,-46,building_footprint,minecraft:orange_concrete
-43,0,-46,building_footprint,minecraft:orange_concrete
-42,0,-46,building_footprint,minecraft:orange_concrete
-41,0,-46,building_footprint,minecraft:orange_concrete
-40,0,-46,building_footprint,minecraft:orange_concrete
-39,0,-46,building_footprint,minecraft:orange_concrete
-38,0,-46,building_footprint,minecraft:orange_concrete
-37,0,-46,building_footprint,minecraft:orange_concrete
-36,0,-46,building_footprint,minecraft:orange_concrete
-35,0,-46,building_footprint,minecraft:orange_concrete
-34,0,-46,building_footprint,minecraft:orange_concrete
-33,0,-46,building_footprint,minecraft:orange_concrete
-32,0,-46,building_footprint,minecraft:orange_concrete
-31,0,-46,building_footprint,minecraft:orange_concrete
-30,0,-46,building_footprint,minecraft:orange_concrete
-29,0,-46,building_footprint,minecraft:orange_concrete
-28,0,-46,building_footprint,minecraft:orange_concrete
-27,0,-46,building_footprint,minecraft:orange_concrete
-26,0,-46,building_footprint,minecraft:orange_concrete
-25,0,-46,building_footprint,minecraft:orange_concrete
-24,0,-46,building_footprint,minecraft:orange_concrete
-23,0,-46,building_footprint,minecraft:orange_concrete
-22,0,-46,building_footprint,minecraft:orange_concrete
-21,0,-46,building_footprint,minecraft:orange_concrete
-20,0,-46,building_footprint,minecraft:orange_concrete
-19,0,-46,building_footprint,minecraft:orange_concrete
-18,0,-46,building_footprint,minecraft:orange_concrete
-17,0,-46,building_footprint,minecraft:orange_concrete
-16,0,-46,sidewalk,minecraft:smooth_stone
-15,0,-46,sidewalk,minecraft:smooth_stone
-14,0,-46,sidewalk,minecraft:smooth_stone
-13,0,-46,main_street,minecraft:black_concrete
-12,0,-46,main_street,minecraft:black_concrete
-11,0,-46,main_street,minecraft:black_concrete
-10,0,-46,main_street,minecraft:black_concrete
-9,0,-46,main_street,minecraft:black_concrete
-8,0,-46,main_street,minecraft:black_concrete
-7,0,-46,main_street,minecraft:black_concrete
-6,0,-46,main_street,minecraft:black_concrete
-5,0,-46,main_street,minecraft:black_concrete
-4,0,-46,main_street,minecraft:black_concrete
-3,0,-46,main_street,minecraft:black_concrete
-2,0,-46,main_street,minecraft:black_concrete
-1,0,-46,main_street,minecraft:black_concrete
0,0,-46,main_street,minecraft:black_concrete
1,0,-46,main_street,minecraft:black_concrete
2,0,-46,main_street,minecraft:black_concrete
3,0,-46,main_street,minecraft:black_concrete
4,0,-46,main_street,minecraft:black_concrete
5,0,-46,main_street,minecraft:black_concrete
6,0,-46,main_street,minecraft:black_concrete
7,0,-46,main_street,minecraft:black_concrete
8,0,-46,main_street,minecraft:black_concrete
9,0,-46,main_street,minecraft:black_concrete
10,0,-46,main_street,minecraft:black_concrete
11,0,-46,main_street,minecraft:black_concrete
12,0,-46,sidewalk,minecraft:smooth_stone
13,0,-46,sidewalk,minecraft:smooth_stone
14,0,-46,sidewalk,minecraft:smooth_stone
15,0,-46,building_footprint,minecraft:orange_concrete
16,0,-46,building_footprint,minecraft:orange_concrete
17,0,-46,building_footprint,minecraft:orange_concrete
18,0,-46,building_footprint,minecraft:orange_concrete
19,0,-46,building_footprint,minecraft:orange_concrete
20,0,-46,building_footprint,minecraft:orange_concrete
21,0,-46,building_footprint,minecraft:orange_concrete
22,0,-46,building_footprint,minecraft:orange_concrete
23,0,-46,building_footprint,minecraft:orange_concrete
24,0,-46,building_footprint,minecraft:orange_concrete
25,0,-46,building_footprint,minecraft:orange_concrete
26,0,-46,building_footprint,minecraft:orange_concrete
27,0,-46,building_footprint,minecraft:orange_concrete
28,0,-46,building_footprint,minecraft:orange_concrete
29,0,-46,building_footprint,minecraft:orange_concrete
30,0,-46,building_footprint,minecraft:orange_concrete
31,0,-46,building_footprint,minecraft:orange_concrete
32,0,-46,building_footprint,minecraft:orange_concrete
33,0,-46,building_footprint,minecraft:orange_concrete
34,0,-46,building_footprint,minecraft:orange_concrete
35,0,-46,building_footprint,minecraft:orange_concrete
36,0,-46,building_footprint,minecraft:orange_concrete
37,0,-46,building_footprint,minecraft:orange_concrete
38,0,-46,building_footprint,minecraft:orange_concrete
39,0,-46,building_footprint,minecraft:orange_concrete
40,0,-46,building_footprint,minecraft:orange_concrete
41,0,-46,building_footprint,minecraft:orange_concrete
42,0,-46,building_footprint,minecraft:orange_concrete
43,0,-46,building_footprint,minecraft:orange_concrete
44,0,-46,building_footprint,minecraft:orange_concrete
45,0,-46,building_footprint,minecraft:orange_concrete
46,0,-46,building_footprint,minecraft:orange_concrete
47,0,-46,building_footprint,minecraft:orange_concrete
48,0,-46,building_footprint,minecraft:orange_concrete
49,0,-46,building_footprint,minecraft:orange_concrete
50,0,-46,building_footprint,minecraft:orange_concrete
51,0,-46,building_footprint,minecraft:orange_concrete
52,0,-46,building_footprint,minecraft:orange_concrete
53,0,-46,building_footprint,minecraft:orange_concrete
54,0,-46,building_footprint,minecraft:orange_concrete
55,0,-46,building_footprint,minecraft:orange_concrete
56,0,-46,building_footprint,minecraft:orange_concrete
57,0,-46,building_footprint,minecraft:orange_concrete
58,0,-46,building_footprint,minecraft:orange_concrete
59,0,-46,building_footprint,minecraft:orange_concrete
60,0,-46,building_footprint,minecraft:orange_concrete
61,0,-46,building_footprint,minecraft:orange_concrete
62,0,-46,building_footprint,minecraft:orange_concrete
66,0,-46,alley,minecraft:polished_andesite
67,0,-46,alley,minecraft:polished_andesite
68,0,-46,alley,minecraft:polished_andesite
69,0,-46,alley,minecraft:polished_andesite
-71,0,-45,alley,minecraft:polished_andesite
-70,0,-45,alley,minecraft:polished_andesite
-69,0,-45,alley,minecraft:polished_andesite
-68,0,-45,alley,minecraft:polished_andesite
-46,0,-45,building_footprint,minecraft:orange_concrete
-45,0,-45,building_footprint,minecraft:orange_concrete
-44,0,-45,building_footprint,minecraft:orange_concrete
-43,0,-45,building_footprint,minecraft:orange_concrete
-42,0,-45,building_footprint,minecraft:orange_concrete
-41,0,-45,building_footprint,minecraft:orange_concrete
-40,0,-45,building_footprint,minecraft:orange_concrete
-39,0,-45,building_footprint,minecraft:orange_concrete
-38,0,-45,building_footprint,minecraft:orange_concrete
-37,0,-45,building_footprint,minecraft:orange_concrete
-36,0,-45,building_footprint,minecraft:orange_concrete
-35,0,-45,building_footprint,minecraft:orange_concrete
-34,0,-45,building_footprint,minecraft:orange_concrete
-33,0,-45,building_footprint,minecraft:orange_concrete
-32,0,-45,building_footprint,minecraft:orange_concrete
-31,0,-45,building_footprint,minecraft:orange_concrete
-30,0,-45,building_footprint,minecraft:orange_concrete
-29,0,-45,building_footprint,minecraft:orange_concrete
-28,0,-45,building_footprint,minecraft:orange_concrete
-27,0,-45,building_footprint,minecraft:orange_concrete
-26,0,-45,building_footprint,minecraft:orange_concrete
-25,0,-45,building_footprint,minecraft:orange_concrete
-24,0,-45,building_footprint,minecraft:orange_concrete
-23,0,-45,building_footprint,minecraft:orange_concrete
-22,0,-45,building_footprint,minecraft:orange_concrete
-21,0,-45,building_footprint,minecraft:orange_concrete
-20,0,-45,building_footprint,minecraft:orange_concrete
-19,0,-45,building_footprint,minecraft:orange_concrete
-18,0,-45,building_footprint,minecraft:orange_concrete
-17,0,-45,building_footprint,minecraft:orange_concrete
-16,0,-45,sidewalk,minecraft:smooth_stone
-15,0,-45,sidewalk,minecraft:smooth_stone
-14,0,-45,sidewalk,minecraft:smooth_stone
-13,0,-45,main_street,minecraft:black_concrete
-12,0,-45,main_street,minecraft:black_concrete
-11,0,-45,main_street,minecraft:black_concrete
-10,0,-45,main_street,minecraft:black_concrete
-9,0,-45,main_street,minecraft:black_concrete
-8,0,-45,main_street,minecraft:black_concrete
-7,0,-45,main_street,minecraft:black_concrete
-6,0,-45,main_street,minecraft:black_concrete
-5,0,-45,main_street,minecraft:black_concrete
-4,0,-45,main_street,minecraft:black_concrete
-3,0,-45,main_street,minecraft:black_concrete
-2,0,-45,main_street,minecraft:black_concrete
-1,0,-45,main_street,minecraft:black_concrete
0,0,-45,main_street,minecraft:black_concrete
1,0,-45,main_street,minecraft:black_concrete
2,0,-45,main_street,minecraft:black_concrete
3,0,-45,main_street,minecraft:black_concrete
4,0,-45,main_street,minecraft:black_concrete
5,0,-45,main_street,minecraft:black_concrete
6,0,-45,main_street,minecraft:black_concrete
7,0,-45,main_street,minecraft:black_concrete
8,0,-45,main_street,minecraft:black_concrete
9,0,-45,main_street,minecraft:black_concrete
10,0,-45,main_street,minecraft:black_concrete
11,0,-45,main_street,minecraft:black_concrete
12,0,-45,sidewalk,minecraft:smooth_stone
13,0,-45,sidewalk,minecraft:smooth_stone
14,0,-45,sidewalk,minecraft:smooth_stone
15,0,-45,building_footprint,minecraft:orange_concrete
16,0,-45,building_footprint,minecraft:orange_concrete
17,0,-45,building_footprint,minecraft:orange_concrete
18,0,-45,building_footprint,minecraft:orange_concrete
19,0,-45,building_footprint,minecraft:orange_concrete
20,0,-45,building_footprint,minecraft:orange_concrete
21,0,-45,building_footprint,minecraft:orange_concrete
22,0,-45,building_footprint,minecraft:orange_concrete
23,0,-45,building_footprint,minecraft:orange_concrete
24,0,-45,building_footprint,minecraft:orange_concrete
25,0,-45,building_footprint,minecraft:orange_concrete
26,0,-45,building_footprint,minecraft:orange_concrete
27,0,-45,building_footprint,minecraft:orange_concrete
28,0,-45,building_footprint,minecraft:orange_concrete
29,0,-45,building_footprint,minecraft:orange_concrete
30,0,-45,building_footprint,minecraft:orange_concrete
31,0,-45,building_footprint,minecraft:orange_concrete
32,0,-45,building_footprint,minecraft:orange_concrete
33,0,-45,building_footprint,minecraft:orange_concrete
34,0,-45,building_footprint,minecraft:orange_concrete
35,0,-45,building_footprint,minecraft:orange_concrete
36,0,-45,building_footprint,minecraft:orange_concrete
37,0,-45,building_footprint,minecraft:orange_concrete
38,0,-45,building_footprint,minecraft:orange_concrete
39,0,-45,building_footprint,minecraft:orange_concrete
40,0,-45,building_footprint,minecraft:orange_concrete
41,0,-45,building_footprint,minecraft:orange_concrete
42,0,-45,building_footprint,minecraft:orange_concrete
43,0,-45,building_footprint,minecraft:orange_concrete
44,0,-45,building_footprint,minecraft:orange_concrete
45,0,-45,building_footprint,minecraft:orange_concrete
46,0,-45,building_footprint,minecraft:orange_concrete
47,0,-45,building_footprint,minecraft:orange_concrete
48,0,-45,building_footprint,minecraft:orange_concrete
49,0,-45,building_footprint,minecraft:orange_concrete
50,0,-45,building_footprint,minecraft:orange_concrete
51,0,-45,building_footprint,minecraft:orange_concrete
52,0,-45,building_footprint,minecraft:orange_concrete
53,0,-45,building_footprint,minecraft:orange_concrete
54,0,-45,building_footprint,minecraft:orange_concrete
55,0,-45,building_footprint,minecraft:orange_concrete
56,0,-45,building_footprint,minecraft:orange_concrete
57,0,-45,building_footprint,minecraft:orange_concrete
58,0,-45,building_footprint,minecraft:orange_concrete
59,0,-45,building_footprint,minecraft:orange_concrete
60,0,-45,building_footprint,minecraft:orange_concrete
61,0,-45,building_footprint,minecraft:orange_concrete
62,0,-45,building_footprint,minecraft:orange_concrete
66,0,-45,alley,minecraft:polished_andesite
67,0,-45,alley,minecraft:polished_andesite
68,0,-45,alley,minecraft:polished_andesite
69,0,-45,alley,minecraft:polished_andesite
-71,0,-44,alley,minecraft:polished_andesite
-70,0,-44,alley,minecraft:polished_andesite
-69,0,-44,alley,minecraft:polished_andesite
-68,0,-44,alley,minecraft:polished_andesite
-46,0,-44,building_footprint,minecraft:orange_concrete
-45,0,-44,building_footprint,minecraft:orange_concrete
-44,0,-44,building_footprint,minecraft:orange_concrete
-43,0,-44,building_footprint,minecraft:orange_concrete
-42,0,-44,building_footprint,minecraft:orange_concrete
-41,0,-44,building_footprint,minecraft:orange_concrete
-40,0,-44,building_footprint,minecraft:orange_concrete
-39,0,-44,building_footprint,minecraft:orange_concrete
-38,0,-44,building_footprint,minecraft:orange_concrete
-37,0,-44,building_footprint,minecraft:orange_concrete
-36,0,-44,building_footprint,minecraft:orange_concrete
-35,0,-44,building_footprint,minecraft:orange_concrete
-34,0,-44,building_footprint,minecraft:orange_concrete
-33,0,-44,building_footprint,minecraft:orange_concrete
-32,0,-44,building_footprint,minecraft:orange_concrete
-31,0,-44,building_footprint,minecraft:orange_concrete
-30,0,-44,building_footprint,minecraft:orange_concrete
-29,0,-44,building_footprint,minecraft:orange_concrete
-28,0,-44,building_footprint,minecraft:orange_concrete
-27,0,-44,building_footprint,minecraft:orange_concrete
-26,0,-44,building_footprint,minecraft:orange_concrete
-25,0,-44,building_footprint,minecraft:orange_concrete
-24,0,-44,building_footprint,minecraft:orange_concrete
-23,0,-44,building_footprint,minecraft:orange_concrete
-22,0,-44,building_footprint,minecraft:orange_concrete
-21,0,-44,building_footprint,minecraft:orange_concrete
-20,0,-44,building_footprint,minecraft:orange_concrete
-19,0,-44,building_footprint,minecraft:orange_concrete
-18,0,-44,building_footprint,minecraft:orange_concrete
-17,0,-44,building_footprint,minecraft:orange_concrete
-16,0,-44,sidewalk,minecraft:smooth_stone
-15,0,-44,sidewalk,minecraft:smooth_stone
-14,0,-44,sidewalk,minecraft:smooth_stone
-13,0,-44,main_street,minecraft:black_concrete
-12,0,-44,main_street,minecraft:black_concrete
-11,0,-44,main_street,minecraft:black_concrete
-10,0,-44,main_street,minecraft:black_concrete
-9,0,-44,main_street,minecraft:black_concrete
-8,0,-44,main_street,minecraft:black_concrete
-7,0,-44,main_street,minecraft:black_concrete
-6,0,-44,main_street,minecraft:black_concrete
-5,0,-44,main_street,minecraft:black_concrete
-4,0,-44,main_street,minecraft:black_concrete
-3,0,-44,main_street,minecraft:black_concrete
-2,0,-44,main_street,minecraft:black_concrete
-1,0,-44,main_street,minecraft:black_concrete
0,0,-44,main_street,minecraft:black_concrete
1,0,-44,main_street,minecraft:black_concrete
2,0,-44,main_street,minecraft:black_concrete
3,0,-44,main_street,minecraft:black_concrete
4,0,-44,main_street,minecraft:black_concrete
5,0,-44,main_street,minecraft:black_concrete
6,0,-44,main_street,minecraft:black_concrete
7,0,-44,main_street,minecraft:black_concrete
8,0,-44,main_street,minecraft:black_concrete
9,0,-44,main_street,minecraft:black_concrete
10,0,-44,main_street,minecraft:black_concrete
11,0,-44,main_street,minecraft:black_concrete
12,0,-44,sidewalk,minecraft:smooth_stone
13,0,-44,sidewalk,minecraft:smooth_stone
14,0,-44,sidewalk,minecraft:smooth_stone
15,0,-44,building_footprint,minecraft:orange_concrete
16,0,-44,building_footprint,minecraft:orange_concrete
17,0,-44,building_footprint,minecraft:orange_concrete
18,0,-44,building_footprint,minecraft:orange_concrete
19,0,-44,building_footprint,minecraft:orange_concrete
20,0,-44,building_footprint,minecraft:orange_concrete
21,0,-44,building_footprint,minecraft:orange_concrete
22,0,-44,building_footprint,minecraft:orange_concrete
23,0,-44,building_footprint,minecraft:orange_concrete
24,0,-44,building_footprint,minecraft:orange_concrete
25,0,-44,building_footprint,minecraft:orange_concrete
26,0,-44,building_footprint,minecraft:orange_concrete
27,0,-44,building_footprint,minecraft:orange_concrete
28,0,-44,building_footprint,minecraft:orange_concrete
29,0,-44,building_footprint,minecraft:orange_concrete
30,0,-44,building_footprint,minecraft:orange_concrete
31,0,-44,building_footprint,minecraft:orange_concrete
32,0,-44,building_footprint,minecraft:orange_concrete
33,0,-44,building_footprint,minecraft:orange_concrete
34,0,-44,building_footprint,minecraft:orange_concrete
35,0,-44,building_footprint,minecraft:orange_concrete
36,0,-44,building_footprint,minecraft:orange_concrete
37,0,-44,building_footprint,minecraft:orange_concrete
38,0,-44,building_footprint,minecraft:orange_concrete
39,0,-44,building_footprint,minecraft:orange_concrete
40,0,-44,building_footprint,minecraft:orange_concrete
41,0,-44,building_footprint,minecraft:orange_concrete
42,0,-44,building_footprint,minecraft:orange_concrete
43,0,-44,building_footprint,minecraft:orange_concrete
44,0,-44,building_footprint,minecraft:orange_concrete
45,0,-44,building_footprint,minecraft:orange_concrete
46,0,-44,building_footprint,minecraft:orange_concrete
47,0,-44,building_footprint,minecraft:orange_concrete
48,0,-44,building_footprint,minecraft:orange_concrete
49,0,-44,building_footprint,minecraft:orange_concrete
50,0,-44,building_footprint,minecraft:orange_concrete
51,0,-44,building_footprint,minecraft:orange_concrete
52,0,-44,building_footprint,minecraft:orange_concrete
53,0,-44,building_footprint,minecraft:orange_concrete
54,0,-44,building_footprint,minecraft:orange_concrete
55,0,-44,building_footprint,minecraft:orange_concrete
56,0,-44,building_footprint,minecraft:orange_concrete
57,0,-44,building_footprint,minecraft:orange_concrete
58,0,-44,building_footprint,minecraft:orange_concrete
59,0,-44,building_footprint,minecraft:orange_concrete
60,0,-44,building_footprint,minecraft:orange_concrete
61,0,-44,building_footprint,minecraft:orange_concrete
62,0,-44,building_footprint,minecraft:orange_concrete
66,0,-44,alley,minecraft:polished_andesite
67,0,-44,alley,minecraft:polished_andesite
68,0,-44,alley,minecraft:polished_andesite
69,0,-44,alley,minecraft:polished_andesite
-71,0,-43,alley,minecraft:polished_andesite
-70,0,-43,alley,minecraft:polished_andesite
-69,0,-43,alley,minecraft:polished_andesite
-68,0,-43,alley,minecraft:polished_andesite
-46,0,-43,building_footprint,minecraft:orange_concrete
-45,0,-43,building_footprint,minecraft:orange_concrete
-44,0,-43,building_footprint,minecraft:orange_concrete
-43,0,-43,building_footprint,minecraft:orange_concrete
-42,0,-43,building_footprint,minecraft:orange_concrete
-41,0,-43,building_footprint,minecraft:orange_concrete
-40,0,-43,building_footprint,minecraft:orange_concrete
-39,0,-43,building_footprint,minecraft:orange_concrete
-38,0,-43,building_footprint,minecraft:orange_concrete
-37,0,-43,building_footprint,minecraft:orange_concrete
-36,0,-43,building_footprint,minecraft:orange_concrete
-35,0,-43,building_footprint,minecraft:orange_concrete
-34,0,-43,building_footprint,minecraft:orange_concrete
-33,0,-43,building_footprint,minecraft:orange_concrete
-32,0,-43,building_footprint,minecraft:orange_concrete
-31,0,-43,building_footprint,minecraft:orange_concrete
-30,0,-43,building_footprint,minecraft:orange_concrete
-29,0,-43,building_footprint,minecraft:orange_concrete
-28,0,-43,building_footprint,minecraft:orange_concrete
-27,0,-43,building_footprint,minecraft:orange_concrete
-26,0,-43,building_footprint,minecraft:orange_concrete
-25,0,-43,building_footprint,minecraft:orange_concrete
-24,0,-43,building_footprint,minecraft:orange_concrete
-23,0,-43,building_footprint,minecraft:orange_concrete
-22,0,-43,building_footprint,minecraft:orange_concrete
-21,0,-43,building_footprint,minecraft:orange_concrete
-20,0,-43,building_footprint,minecraft:orange_concrete
-19,0,-43,building_footprint,minecraft:orange_concrete
-18,0,-43,building_footprint,minecraft:orange_concrete
-17,0,-43,building_footprint,minecraft:orange_concrete
-16,0,-43,sidewalk,minecraft:smooth_stone
-15,0,-43,sidewalk,minecraft:smooth_stone
-14,0,-43,sidewalk,minecraft:smooth_stone
-13,0,-43,main_street,minecraft:black_concrete
-12,0,-43,main_street,minecraft:black_concrete
-11,0,-43,main_street,minecraft:black_concrete
-10,0,-43,main_street,minecraft:black_concrete
-9,0,-43,main_street,minecraft:black_concrete
-8,0,-43,main_street,minecraft:black_concrete
-7,0,-43,main_street,minecraft:black_concrete
-6,0,-43,main_street,minecraft:black_concrete
-5,0,-43,main_street,minecraft:black_concrete
-4,0,-43,main_street,minecraft:black_concrete
-3,0,-43,main_street,minecraft:black_concrete
-2,0,-43,main_street,minecraft:black_concrete
-1,0,-43,main_street,minecraft:black_concrete
0,0,-43,main_street,minecraft:black_concrete
1,0,-43,main_street,minecraft:black_concrete
2,0,-43,main_street,minecraft:black_concrete
3,0,-43,main_street,minecraft:black_concrete
4,0,-43,main_street,minecraft:black_concrete
5,0,-43,main_street,minecraft:black_concrete
6,0,-43,main_street,minecraft:black_concrete
7,0,-43,main_street,minecraft:black_concrete
8,0,-43,main_street,minecraft:black_concrete
9,0,-43,main_street,minecraft:black_concrete
10,0,-43,main_street,minecraft:black_concrete
11,0,-43,main_street,minecraft:black_concrete
12,0,-43,sidewalk,minecraft:smooth_stone
13,0,-43,sidewalk,minecraft:smooth_stone
14,0,-43,sidewalk,minecraft:smooth_stone
15,0,-43,building_footprint,minecraft:orange_concrete
16,0,-43,building_footprint,minecraft:orange_concrete
17,0,-43,building_footprint,minecraft:orange_concrete
18,0,-43,building_footprint,minecraft:orange_concrete
19,0,-43,building_footprint,minecraft:orange_concrete
20,0,-43,building_footprint,minecraft:orange_concrete
21,0,-43,building_footprint,minecraft:orange_concrete
22,0,-43,building_footprint,minecraft:orange_concrete
23,0,-43,building_footprint,minecraft:orange_concrete
24,0,-43,building_footprint,minecraft:orange_concrete
25,0,-43,building_footprint,minecraft:orange_concrete
26,0,-43,building_footprint,minecraft:orange_concrete
27,0,-43,building_footprint,minecraft:orange_concrete
28,0,-43,building_footprint,minecraft:orange_concrete
29,0,-43,building_footprint,minecraft:orange_concrete
30,0,-43,building_footprint,minecraft:orange_concrete
31,0,-43,building_footprint,minecraft:orange_concrete
32,0,-43,building_footprint,minecraft:orange_concrete
33,0,-43,building_footprint,minecraft:orange_concrete
34,0,-43,building_footprint,minecraft:orange_concrete
35,0,-43,building_footprint,minecraft:orange_concrete
36,0,-43,building_footprint,minecraft:orange_concrete
37,0,-43,building_footprint,minecraft:orange_concrete
38,0,-43,building_footprint,minecraft:orange_concrete
39,0,-43,building_footprint,minecraft:orange_concrete
40,0,-43,building_footprint,minecraft:orange_concrete
41,0,-43,building_footprint,minecraft:orange_concrete
42,0,-43,building_footprint,minecraft:orange_concrete
43,0,-43,building_footprint,minecraft:orange_concrete
44,0,-43,building_footprint,minecraft:orange_concrete
45,0,-43,building_footprint,minecraft:orange_concrete
46,0,-43,building_footprint,minecraft:orange_concrete
47,0,-43,building_footprint,minecraft:orange_concrete
48,0,-43,building_footprint,minecraft:orange_concrete
49,0,-43,building_footprint,minecraft:orange_concrete
50,0,-43,building_footprint,minecraft:orange_concrete
51,0,-43,building_footprint,minecraft:orange_concrete
52,0,-43,building_footprint,minecraft:orange_concrete
53,0,-43,building_footprint,minecraft:orange_concrete
54,0,-43,building_footprint,minecraft:orange_concrete
55,0,-43,building_footprint,minecraft:orange_concrete
56,0,-43,building_footprint,minecraft:orange_concrete
57,0,-43,building_footprint,minecraft:orange_concrete
58,0,-43,building_footprint,minecraft:orange_concrete
59,0,-43,building_footprint,minecraft:orange_concrete
60,0,-43,building_footprint,minecraft:orange_concrete
61,0,-43,building_footprint,minecraft:orange_concrete
62,0,-43,building_footprint,minecraft:orange_concrete
66,0,-43,alley,minecraft:polished_andesite
67,0,-43,alley,minecraft:polished_andesite
68,0,-43,alley,minecraft:polished_andesite
69,0,-43,alley,minecraft:polished_andesite
-71,0,-42,alley,minecraft:polished_andesite
-70,0,-42,alley,minecraft:polished_andesite
-69,0,-42,alley,minecraft:polished_andesite
-68,0,-42,alley,minecraft:polished_andesite
-46,0,-42,building_footprint,minecraft:orange_concrete
-45,0,-42,building_footprint,minecraft:orange_concrete
-44,0,-42,building_footprint,minecraft:orange_concrete
-43,0,-42,building_footprint,minecraft:orange_concrete
-42,0,-42,building_footprint,minecraft:orange_concrete
-41,0,-42,building_footprint,minecraft:orange_concrete
-40,0,-42,building_footprint,minecraft:orange_concrete
-39,0,-42,building_footprint,minecraft:orange_concrete
-38,0,-42,building_footprint,minecraft:orange_concrete
-37,0,-42,building_footprint,minecraft:orange_concrete
-36,0,-42,building_footprint,minecraft:orange_concrete
-35,0,-42,building_footprint,minecraft:orange_concrete
-34,0,-42,building_footprint,minecraft:orange_concrete
-33,0,-42,building_footprint,minecraft:orange_concrete
-32,0,-42,building_footprint,minecraft:orange_concrete
-31,0,-42,building_footprint,minecraft:orange_concrete
-30,0,-42,building_footprint,minecraft:orange_concrete
-29,0,-42,building_footprint,minecraft:orange_concrete
-28,0,-42,building_footprint,minecraft:orange_concrete
-27,0,-42,building_footprint,minecraft:orange_concrete
-26,0,-42,building_footprint,minecraft:orange_concrete
-25,0,-42,building_footprint,minecraft:orange_concrete
-24,0,-42,building_footprint,minecraft:orange_concrete
-23,0,-42,building_footprint,minecraft:orange_concrete
-22,0,-42,building_footprint,minecraft:orange_concrete
-21,0,-42,building_footprint,minecraft:orange_concrete
-20,0,-42,building_footprint,minecraft:orange_concrete
-19,0,-42,building_footprint,minecraft:orange_concrete
-18,0,-42,building_footprint,minecraft:orange_concrete
-17,0,-42,building_footprint,minecraft:orange_concrete
-16,0,-42,sidewalk,minecraft:smooth_stone
-15,0,-42,sidewalk,minecraft:smooth_stone
-14,0,-42,sidewalk,minecraft:smooth_stone
-13,0,-42,main_street,minecraft:black_concrete
-12,0,-42,main_street,minecraft:black_concrete
-11,0,-42,main_street,minecraft:black_concrete
-10,0,-42,main_street,minecraft:black_concrete
-9,0,-42,main_street,minecraft:black_concrete
-8,0,-42,main_street,minecraft:black_concrete
-7,0,-42,main_street,minecraft:black_concrete
-6,0,-42,main_street,minecraft:black_concrete
-5,0,-42,main_street,minecraft:black_concrete
-4,0,-42,main_street,minecraft:black_concrete
-3,0,-42,main_street,minecraft:black_concrete
-2,0,-42,main_street,minecraft:black_concrete
-1,0,-42,main_street,minecraft:black_concrete
0,0,-42,main_street,minecraft:black_concrete
1,0,-42,main_street,minecraft:black_concrete
2,0,-42,main_street,minecraft:black_concrete
3,0,-42,main_street,minecraft:black_concrete
4,0,-42,main_street,minecraft:black_concrete
5,0,-42,main_street,minecraft:black_concrete
6,0,-42,main_street,minecraft:black_concrete
7,0,-42,main_street,minecraft:black_concrete
8,0,-42,main_street,minecraft:black_concrete
9,0,-42,main_street,minecraft:black_concrete
10,0,-42,main_street,minecraft:black_concrete
11,0,-42,main_street,minecraft:black_concrete
12,0,-42,sidewalk,minecraft:smooth_stone
13,0,-42,sidewalk,minecraft:smooth_stone
14,0,-42,sidewalk,minecraft:smooth_stone
15,0,-42,building_footprint,minecraft:orange_concrete
16,0,-42,building_footprint,minecraft:orange_concrete
17,0,-42,building_footprint,minecraft:orange_concrete
18,0,-42,building_footprint,minecraft:orange_concrete
19,0,-42,building_footprint,minecraft:orange_concrete
20,0,-42,building_footprint,minecraft:orange_concrete
21,0,-42,building_footprint,minecraft:orange_concrete
22,0,-42,building_footprint,minecraft:orange_concrete
23,0,-42,building_footprint,minecraft:orange_concrete
24,0,-42,building_footprint,minecraft:orange_concrete
25,0,-42,building_footprint,minecraft:orange_concrete
26,0,-42,building_footprint,minecraft:orange_concrete
27,0,-42,building_footprint,minecraft:orange_concrete
28,0,-42,building_footprint,minecraft:orange_concrete
29,0,-42,building_footprint,minecraft:orange_concrete
30,0,-42,building_footprint,minecraft:orange_concrete
31,0,-42,building_footprint,minecraft:orange_concrete
32,0,-42,building_footprint,minecraft:orange_concrete
33,0,-42,building_footprint,minecraft:orange_concrete
34,0,-42,building_footprint,minecraft:orange_concrete
35,0,-42,building_footprint,minecraft:orange_concrete
36,0,-42,building_footprint,minecraft:orange_concrete
37,0,-42,building_footprint,minecraft:orange_concrete
38,0,-42,building_footprint,minecraft:orange_concrete
39,0,-42,building_footprint,minecraft:orange_concrete
40,0,-42,building_footprint,minecraft:orange_concrete
41,0,-42,building_footprint,minecraft:orange_concrete
42,0,-42,building_footprint,minecraft:orange_concrete
43,0,-42,building_footprint,minecraft:orange_concrete
44,0,-42,building_footprint,minecraft:orange_concrete
45,0,-42,building_footprint,minecraft:orange_concrete
46,0,-42,building_footprint,minecraft:orange_concrete
47,0,-42,building_footprint,minecraft:orange_concrete
48,0,-42,building_footprint,minecraft:orange_concrete
49,0,-42,building_footprint,minecraft:orange_concrete
50,0,-42,building_footprint,minecraft:orange_concrete
51,0,-42,building_footprint,minecraft:orange_concrete
52,0,-42,building_footprint,minecraft:orange_concrete
53,0,-42,building_footprint,minecraft:orange_concrete
54,0,-42,building_footprint,minecraft:orange_concrete
55,0,-42,building_footprint,minecraft:orange_concrete
56,0,-42,building_footprint,minecraft:orange_concrete
57,0,-42,building_footprint,minecraft:orange_concrete
58,0,-42,building_footprint,minecraft:orange_concrete
59,0,-42,building_footprint,minecraft:orange_concrete
60,0,-42,building_footprint,minecraft:orange_concrete
61,0,-42,building_footprint,minecraft:orange_concrete
62,0,-42,building_footprint,minecraft:orange_concrete
66,0,-42,alley,minecraft:polished_andesite
67,0,-42,alley,minecraft:polished_andesite
68,0,-42,alley,minecraft:polished_andesite
69,0,-42,alley,minecraft:polished_andesite
-71,0,-41,alley,minecraft:polished_andesite
-70,0,-41,alley,minecraft:polished_andesite
-69,0,-41,alley,minecraft:polished_andesite
-68,0,-41,alley,minecraft:polished_andesite
-46,0,-41,building_footprint,minecraft:orange_concrete
-45,0,-41,building_footprint,minecraft:orange_concrete
-44,0,-41,building_footprint,minecraft:orange_concrete
-43,0,-41,building_footprint,minecraft:orange_concrete
-42,0,-41,building_footprint,minecraft:orange_concrete
-41,0,-41,building_footprint,minecraft:orange_concrete
-40,0,-41,building_footprint,minecraft:orange_concrete
-39,0,-41,building_footprint,minecraft:orange_concrete
-38,0,-41,building_footprint,minecraft:orange_concrete
-37,0,-41,building_footprint,minecraft:orange_concrete
-36,0,-41,building_footprint,minecraft:orange_concrete
-35,0,-41,building_footprint,minecraft:orange_concrete
-34,0,-41,building_footprint,minecraft:orange_concrete
-33,0,-41,building_footprint,minecraft:orange_concrete
-32,0,-41,building_footprint,minecraft:orange_concrete
-31,0,-41,building_footprint,minecraft:orange_concrete
-30,0,-41,building_footprint,minecraft:orange_concrete
-29,0,-41,building_footprint,minecraft:orange_concrete
-28,0,-41,building_footprint,minecraft:orange_concrete
-27,0,-41,building_footprint,minecraft:orange_concrete
-26,0,-41,building_footprint,minecraft:orange_concrete
-25,0,-41,building_footprint,minecraft:orange_concrete
-24,0,-41,building_footprint,minecraft:orange_concrete
-23,0,-41,building_footprint,minecraft:orange_concrete
-22,0,-41,building_footprint,minecraft:orange_concrete
-21,0,-41,building_footprint,minecraft:orange_concrete
-20,0,-41,building_footprint,minecraft:orange_concrete
-19,0,-41,building_footprint,minecraft:orange_concrete
-18,0,-41,building_footprint,minecraft:orange_concrete
-17,0,-41,building_footprint,minecraft:orange_concrete
-16,0,-41,sidewalk,minecraft:smooth_stone
-15,0,-41,sidewalk,minecraft:smooth_stone
-14,0,-41,sidewalk,minecraft:smooth_stone
-13,0,-41,main_street,minecraft:black_concrete
-12,0,-41,main_street,minecraft:black_concrete
-11,0,-41,main_street,minecraft:black_concrete
-10,0,-41,main_street,minecraft:black_concrete
-9,0,-41,main_street,minecraft:black_concrete
-8,0,-41,main_street,minecraft:black_concrete
-7,0,-41,main_street,minecraft:black_concrete
-6,0,-41,main_street,minecraft:black_concrete
-5,0,-41,main_street,minecraft:black_concrete
-4,0,-41,main_street,minecraft:black_concrete
-3,0,-41,main_street,minecraft:black_concrete
-2,0,-41,main_street,minecraft:black_concrete
-1,0,-41,main_street,minecraft:black_concrete
0,0,-41,main_street,minecraft:black_concrete
1,0,-41,main_street,minecraft:black_concrete
2,0,-41,main_street,minecraft:black_concrete
3,0,-41,main_street,minecraft:black_concrete
4,0,-41,main_street,minecraft:black_concrete
5,0,-41,main_street,minecraft:black_concrete
6,0,-41,main_street,minecraft:black_concrete
7,0,-41,main_street,minecraft:black_concrete
8,0,-41,main_street,minecraft:black_concrete
9,0,-41,main_street,minecraft:black_concrete
10,0,-41,main_street,minecraft:black_concrete
11,0,-41,main_street,minecraft:black_concrete
12,0,-41,sidewalk,minecraft:smooth_stone
13,0,-41,sidewalk,minecraft:smooth_stone
14,0,-41,sidewalk,minecraft:smooth_stone
15,0,-41,building_footprint,minecraft:orange_concrete
16,0,-41,building_footprint,minecraft:orange_concrete
17,0,-41,building_footprint,minecraft:orange_concrete
18,0,-41,building_footprint,minecraft:orange_concrete
19,0,-41,building_footprint,minecraft:orange_concrete
20,0,-41,building_footprint,minecraft:orange_concrete
21,0,-41,building_footprint,minecraft:orange_concrete
22,0,-41,building_footprint,minecraft:orange_concrete
23,0,-41,building_footprint,minecraft:orange_concrete
24,0,-41,building_footprint,minecraft:orange_concrete
25,0,-41,building_footprint,minecraft:orange_concrete
26,0,-41,building_footprint,minecraft:orange_concrete
27,0,-41,building_footprint,minecraft:orange_concrete
28,0,-41,building_footprint,minecraft:orange_concrete
29,0,-41,building_footprint,minecraft:orange_concrete
30,0,-41,building_footprint,minecraft:orange_concrete
31,0,-41,building_footprint,minecraft:orange_concrete
32,0,-41,building_footprint,minecraft:orange_concrete
33,0,-41,building_footprint,minecraft:orange_concrete
34,0,-41,building_footprint,minecraft:orange_concrete
35,0,-41,building_footprint,minecraft:orange_concrete
36,0,-41,building_footprint,minecraft:orange_concrete
37,0,-41,building_footprint,minecraft:orange_concrete
38,0,-41,building_footprint,minecraft:orange_concrete
39,0,-41,building_footprint,minecraft:orange_concrete
40,0,-41,building_footprint,minecraft:orange_concrete
41,0,-41,building_footprint,minecraft:orange_concrete
42,0,-41,building_footprint,minecraft:orange_concrete
43,0,-41,building_footprint,minecraft:orange_concrete
44,0,-41,building_footprint,minecraft:orange_concrete
45,0,-41,building_footprint,minecraft:orange_concrete
46,0,-41,building_footprint,minecraft:orange_concrete
47,0,-41,building_footprint,minecraft:orange_concrete
48,0,-41,building_footprint,minecraft:orange_concrete
49,0,-41,building_footprint,minecraft:orange_concrete
50,0,-41,building_footprint,minecraft:orange_concrete
51,0,-41,building_footprint,minecraft:orange_concrete
52,0,-41,building_footprint,minecraft:orange_concrete
53,0,-41,building_footprint,minecraft:orange_concrete
54,0,-41,building_footprint,minecraft:orange_concrete
55,0,-41,building_footprint,minecraft:orange_concrete
56,0,-41,building_footprint,minecraft:orange_concrete
57,0,-41,building_footprint,minecraft:orange_concrete
58,0,-41,building_footprint,minecraft:orange_concrete
59,0,-41,building_footprint,minecraft:orange_concrete
60,0,-41,building_footprint,minecraft:orange_concrete
61,0,-41,building_footprint,minecraft:orange_concrete
62,0,-41,building_footprint,minecraft:orange_concrete
66,0,-41,alley,minecraft:polished_andesite
67,0,-41,alley,minecraft:polished_andesite
68,0,-41,alley,minecraft:polished_andesite
69,0,-41,alley,minecraft:polished_andesite
-71,0,-40,alley,minecraft:polished_andesite
-70,0,-40,alley,minecraft:polished_andesite
-69,0,-40,alley,minecraft:polished_andesite
-68,0,-40,alley,minecraft:polished_andesite
-46,0,-40,building_footprint,minecraft:orange_concrete
-45,0,-40,building_footprint,minecraft:orange_concrete
-44,0,-40,building_footprint,minecraft:orange_concrete
-43,0,-40,building_footprint,minecraft:orange_concrete
-42,0,-40,building_footprint,minecraft:orange_concrete
-41,0,-40,building_footprint,minecraft:orange_concrete
-40,0,-40,building_footprint,minecraft:orange_concrete
-39,0,-40,building_footprint,minecraft:orange_concrete
-38,0,-40,building_footprint,minecraft:orange_concrete
-37,0,-40,building_footprint,minecraft:orange_concrete
-36,0,-40,building_footprint,minecraft:orange_concrete
-35,0,-40,building_footprint,minecraft:orange_concrete
-34,0,-40,building_footprint,minecraft:orange_concrete
-33,0,-40,building_footprint,minecraft:orange_concrete
-32,0,-40,building_footprint,minecraft:orange_concrete
-31,0,-40,building_footprint,minecraft:orange_concrete
-30,0,-40,building_footprint,minecraft:orange_concrete
-29,0,-40,building_footprint,minecraft:orange_concrete
-28,0,-40,building_footprint,minecraft:orange_concrete
-27,0,-40,building_footprint,minecraft:orange_concrete
-26,0,-40,building_footprint,minecraft:orange_concrete
-25,0,-40,building_footprint,minecraft:orange_concrete
-24,0,-40,building_footprint,minecraft:orange_concrete
-23,0,-40,building_footprint,minecraft:orange_concrete
-22,0,-40,building_footprint,minecraft:orange_concrete
-21,0,-40,building_footprint,minecraft:orange_concrete
-20,0,-40,building_footprint,minecraft:orange_concrete
-19,0,-40,building_footprint,minecraft:orange_concrete
-18,0,-40,building_footprint,minecraft:orange_concrete
-17,0,-40,building_footprint,minecraft:orange_concrete
-16,0,-40,sidewalk,minecraft:smooth_stone
-15,0,-40,sidewalk,minecraft:smooth_stone
-14,0,-40,sidewalk,minecraft:smooth_stone
-13,0,-40,main_street,minecraft:black_concrete
-12,0,-40,main_street,minecraft:black_concrete
-11,0,-40,main_street,minecraft:black_concrete
-10,0,-40,main_street,minecraft:black_concrete
-9,0,-40,main_street,minecraft:black_concrete
-8,0,-40,main_street,minecraft:black_concrete
-7,0,-40,main_street,minecraft:black_concrete
-6,0,-40,main_street,minecraft:black_concrete
-5,0,-40,main_street,minecraft:black_concrete
-4,0,-40,main_street,minecraft:black_concrete
-3,0,-40,main_street,minecraft:black_concrete
-2,0,-40,main_street,minecraft:black_concrete
-1,0,-40,main_street,minecraft:black_concrete
0,0,-40,main_street,minecraft:black_concrete
1,0,-40,main_street,minecraft:black_concrete
2,0,-40,main_street,minecraft:black_concrete
3,0,-40,main_street,minecraft:black_concrete
4,0,-40,main_street,minecraft:black_concrete
5,0,-40,main_street,minecraft:black_concrete
6,0,-40,main_street,minecraft:black_concrete
7,0,-40,main_street,minecraft:black_concrete
8,0,-40,main_street,minecraft:black_concrete
9,0,-40,main_street,minecraft:black_concrete
10,0,-40,main_street,minecraft:black_concrete
11,0,-40,main_street,minecraft:black_concrete
12,0,-40,sidewalk,minecraft:smooth_stone
13,0,-40,sidewalk,minecraft:smooth_stone
14,0,-40,sidewalk,minecraft:smooth_stone
15,0,-40,building_footprint,minecraft:orange_concrete
16,0,-40,building_footprint,minecraft:orange_concrete
17,0,-40,building_footprint,minecraft:orange_concrete
18,0,-40,building_footprint,minecraft:orange_concrete
19,0,-40,building_footprint,minecraft:orange_concrete
20,0,-40,building_footprint,minecraft:orange_concrete
21,0,-40,building_footprint,minecraft:orange_concrete
22,0,-40,building_footprint,minecraft:orange_concrete
23,0,-40,building_footprint,minecraft:orange_concrete
24,0,-40,building_footprint,minecraft:orange_concrete
25,0,-40,building_footprint,minecraft:orange_concrete
26,0,-40,building_footprint,minecraft:orange_concrete
27,0,-40,building_footprint,minecraft:orange_concrete
28,0,-40,building_footprint,minecraft:orange_concrete
29,0,-40,building_footprint,minecraft:orange_concrete
30,0,-40,building_footprint,minecraft:orange_concrete
31,0,-40,building_footprint,minecraft:orange_concrete
32,0,-40,building_footprint,minecraft:orange_concrete
33,0,-40,building_footprint,minecraft:orange_concrete
34,0,-40,building_footprint,minecraft:orange_concrete
35,0,-40,building_footprint,minecraft:orange_concrete
36,0,-40,building_footprint,minecraft:orange_concrete
37,0,-40,building_footprint,minecraft:orange_concrete
38,0,-40,building_footprint,minecraft:orange_concrete
39,0,-40,building_footprint,minecraft:orange_concrete
40,0,-40,building_footprint,minecraft:orange_concrete
41,0,-40,building_footprint,minecraft:orange_concrete
42,0,-40,building_footprint,minecraft:orange_concrete
43,0,-40,building_footprint,minecraft:orange_concrete
44,0,-40,building_footprint,minecraft:orange_concrete
45,0,-40,building_footprint,minecraft:orange_concrete
46,0,-40,building_footprint,minecraft:orange_concrete
47,0,-40,building_footprint,minecraft:orange_concrete
48,0,-40,building_footprint,minecraft:orange_concrete
49,0,-40,building_footprint,minecraft:orange_concrete
50,0,-40,building_footprint,minecraft:orange_concrete
51,0,-40,building_footprint,minecraft:orange_concrete
52,0,-40,building_footprint,minecraft:orange_concrete
53,0,-40,building_footprint,minecraft:orange_concrete
54,0,-40,building_footprint,minecraft:orange_concrete
55,0,-40,building_footprint,minecraft:orange_concrete
56,0,-40,building_footprint,minecraft:orange_concrete
57,0,-40,building_footprint,minecraft:orange_concrete
58,0,-40,building_footprint,minecraft:orange_concrete
59,0,-40,building_footprint,minecraft:orange_concrete
60,0,-40,building_footprint,minecraft:orange_concrete
61,0,-40,building_footprint,minecraft:orange_concrete
62,0,-40,building_footprint,minecraft:orange_concrete
66,0,-40,alley,minecraft:polished_andesite
67,0,-40,alley,minecraft:polished_andesite
68,0,-40,alley,minecraft:polished_andesite
69,0,-40,alley,minecraft:polished_andesite
-71,0,-39,alley,minecraft:polished_andesite
-70,0,-39,alley,minecraft:polished_andesite
-69,0,-39,alley,minecraft:polished_andesite
-68,0,-39,alley,minecraft:polished_andesite
-46,0,-39,building_footprint,minecraft:orange_concrete
-45,0,-39,building_footprint,minecraft:orange_concrete
-44,0,-39,building_footprint,minecraft:orange_concrete
-43,0,-39,building_footprint,minecraft:orange_concrete
-42,0,-39,building_footprint,minecraft:orange_concrete
-41,0,-39,building_footprint,minecraft:orange_concrete
-40,0,-39,building_footprint,minecraft:orange_concrete
-39,0,-39,building_footprint,minecraft:orange_concrete
-38,0,-39,building_footprint,minecraft:orange_concrete
-37,0,-39,building_footprint,minecraft:orange_concrete
-36,0,-39,building_footprint,minecraft:orange_concrete
-35,0,-39,building_footprint,minecraft:orange_concrete
-34,0,-39,building_footprint,minecraft:orange_concrete
-33,0,-39,building_footprint,minecraft:orange_concrete
-32,0,-39,building_footprint,minecraft:orange_concrete
-31,0,-39,building_footprint,minecraft:orange_concrete
-30,0,-39,building_footprint,minecraft:orange_concrete
-29,0,-39,building_footprint,minecraft:orange_concrete
-28,0,-39,building_footprint,minecraft:orange_concrete
-27,0,-39,building_footprint,minecraft:orange_concrete
-26,0,-39,building_footprint,minecraft:orange_concrete
-25,0,-39,building_footprint,minecraft:orange_concrete
-24,0,-39,building_footprint,minecraft:orange_concrete
-23,0,-39,building_footprint,minecraft:orange_concrete
-22,0,-39,building_footprint,minecraft:orange_concrete
-21,0,-39,building_footprint,minecraft:orange_concrete
-20,0,-39,building_footprint,minecraft:orange_concrete
-19,0,-39,building_footprint,minecraft:orange_concrete
-18,0,-39,building_footprint,minecraft:orange_concrete
-17,0,-39,building_footprint,minecraft:orange_concrete
-16,0,-39,sidewalk,minecraft:smooth_stone
-15,0,-39,sidewalk,minecraft:smooth_stone
-14,0,-39,sidewalk,minecraft:smooth_stone
-13,0,-39,main_street,minecraft:black_concrete
-12,0,-39,main_street,minecraft:black_concrete
-11,0,-39,main_street,minecraft:black_concrete
-10,0,-39,main_street,minecraft:black_concrete
-9,0,-39,main_street,minecraft:black_concrete
-8,0,-39,main_street,minecraft:black_concrete
-7,0,-39,main_street,minecraft:black_concrete
-6,0,-39,main_street,minecraft:black_concrete
-5,0,-39,main_street,minecraft:black_concrete
-4,0,-39,main_street,minecraft:black_concrete
-3,0,-39,main_street,minecraft:black_concrete
-2,0,-39,main_street,minecraft:black_concrete
-1,0,-39,main_street,minecraft:black_concrete
0,0,-39,main_street,minecraft:black_concrete
1,0,-39,main_street,minecraft:black_concrete
2,0,-39,main_street,minecraft:black_concrete
3,0,-39,main_street,minecraft:black_concrete
4,0,-39,main_street,minecraft:black_concrete
5,0,-39,main_street,minecraft:black_concrete
6,0,-39,main_street,minecraft:black_concrete
7,0,-39,main_street,minecraft:black_concrete
8,0,-39,main_street,minecraft:black_concrete
9,0,-39,main_street,minecraft:black_concrete
10,0,-39,main_street,minecraft:black_concrete
11,0,-39,main_street,minecraft:black_concrete
12,0,-39,sidewalk,minecraft:smooth_stone
13,0,-39,sidewalk,minecraft:smooth_stone
14,0,-39,sidewalk,minecraft:smooth_stone
15,0,-39,building_footprint,minecraft:orange_concrete
16,0,-39,building_footprint,minecraft:orange_concrete
17,0,-39,building_footprint,minecraft:orange_concrete
18,0,-39,building_footprint,minecraft:orange_concrete
19,0,-39,building_footprint,minecraft:orange_concrete
20,0,-39,building_footprint,minecraft:orange_concrete
21,0,-39,building_footprint,minecraft:orange_concrete
22,0,-39,building_footprint,minecraft:orange_concrete
23,0,-39,building_footprint,minecraft:orange_concrete
24,0,-39,building_footprint,minecraft:orange_concrete
25,0,-39,building_footprint,minecraft:orange_concrete
26,0,-39,building_footprint,minecraft:orange_concrete
27,0,-39,building_footprint,minecraft:orange_concrete
28,0,-39,building_footprint,minecraft:orange_concrete
29,0,-39,building_footprint,minecraft:orange_concrete
30,0,-39,building_footprint,minecraft:orange_concrete
31,0,-39,building_footprint,minecraft:orange_concrete
32,0,-39,building_footprint,minecraft:orange_concrete
33,0,-39,building_footprint,minecraft:orange_concrete
34,0,-39,building_footprint,minecraft:orange_concrete
35,0,-39,building_footprint,minecraft:orange_concrete
36,0,-39,building_footprint,minecraft:orange_concrete
37,0,-39,building_footprint,minecraft:orange_concrete
38,0,-39,building_footprint,minecraft:orange_concrete
39,0,-39,building_footprint,minecraft:orange_concrete
40,0,-39,building_footprint,minecraft:orange_concrete
41,0,-39,building_footprint,minecraft:orange_concrete
42,0,-39,building_footprint,minecraft:orange_concrete
43,0,-39,building_footprint,minecraft:orange_concrete
44,0,-39,building_footprint,minecraft:orange_concrete
45,0,-39,building_footprint,minecraft:orange_concrete
46,0,-39,building_footprint,minecraft:orange_concrete
47,0,-39,building_footprint,minecraft:orange_concrete
48,0,-39,building_footprint,minecraft:orange_concrete
49,0,-39,building_footprint,minecraft:orange_concrete
50,0,-39,building_footprint,minecraft:orange_concrete
51,0,-39,building_footprint,minecraft:orange_concrete
52,0,-39,building_footprint,minecraft:orange_concrete
53,0,-39,building_footprint,minecraft:orange_concrete
54,0,-39,building_footprint,minecraft:orange_concrete
55,0,-39,building_footprint,minecraft:orange_concrete
56,0,-39,building_footprint,minecraft:orange_concrete
57,0,-39,building_footprint,minecraft:orange_concrete
58,0,-39,building_footprint,minecraft:orange_concrete
59,0,-39,building_footprint,minecraft:orange_concrete
60,0,-39,building_footprint,minecraft:orange_concrete
61,0,-39,building_footprint,minecraft:orange_concrete
62,0,-39,building_footprint,minecraft:orange_concrete
66,0,-39,alley,minecraft:polished_andesite
67,0,-39,alley,minecraft:polished_andesite
68,0,-39,alley,minecraft:polished_andesite
69,0,-39,alley,minecraft:polished_andesite
-71,0,-38,alley,minecraft:polished_andesite
-70,0,-38,alley,minecraft:polished_andesite
-69,0,-38,alley,minecraft:polished_andesite
-68,0,-38,alley,minecraft:polished_andesite
-46,0,-38,building_footprint,minecraft:orange_concrete
-45,0,-38,building_footprint,minecraft:orange_concrete
-44,0,-38,building_footprint,minecraft:orange_concrete
-43,0,-38,building_footprint,minecraft:orange_concrete
-42,0,-38,building_footprint,minecraft:orange_concrete
-41,0,-38,building_footprint,minecraft:orange_concrete
-40,0,-38,building_footprint,minecraft:orange_concrete
-39,0,-38,building_footprint,minecraft:orange_concrete
-38,0,-38,building_footprint,minecraft:orange_concrete
-37,0,-38,building_footprint,minecraft:orange_concrete
-36,0,-38,building_footprint,minecraft:orange_concrete
-35,0,-38,building_footprint,minecraft:orange_concrete
-34,0,-38,building_footprint,minecraft:orange_concrete
-33,0,-38,building_footprint,minecraft:orange_concrete
-32,0,-38,building_footprint,minecraft:orange_concrete
-31,0,-38,building_footprint,minecraft:orange_concrete
-30,0,-38,building_footprint,minecraft:orange_concrete
-29,0,-38,building_footprint,minecraft:orange_concrete
-28,0,-38,building_footprint,minecraft:orange_concrete
-27,0,-38,building_footprint,minecraft:orange_concrete
-26,0,-38,building_footprint,minecraft:orange_concrete
-25,0,-38,building_footprint,minecraft:orange_concrete
-24,0,-38,building_footprint,minecraft:orange_concrete
-23,0,-38,building_footprint,minecraft:orange_concrete
-22,0,-38,building_footprint,minecraft:orange_concrete
-21,0,-38,building_footprint,minecraft:orange_concrete
-20,0,-38,building_footprint,minecraft:orange_concrete
-19,0,-38,building_footprint,minecraft:orange_concrete
-18,0,-38,building_footprint,minecraft:orange_concrete
-17,0,-38,building_footprint,minecraft:orange_concrete
-16,0,-38,sidewalk,minecraft:smooth_stone
-15,0,-38,sidewalk,minecraft:smooth_stone
-14,0,-38,sidewalk,minecraft:smooth_stone
-13,0,-38,main_street,minecraft:black_concrete
-12,0,-38,main_street,minecraft:black_concrete
-11,0,-38,main_street,minecraft:black_concrete
-10,0,-38,main_street,minecraft:black_concrete
-9,0,-38,main_street,minecraft:black_concrete
-8,0,-38,main_street,minecraft:black_concrete
-7,0,-38,main_street,minecraft:black_concrete
-6,0,-38,main_street,minecraft:black_concrete
-5,0,-38,main_street,minecraft:black_concrete
-4,0,-38,main_street,minecraft:black_concrete
-3,0,-38,main_street,minecraft:black_concrete
-2,0,-38,main_street,minecraft:black_concrete
-1,0,-38,main_street,minecraft:black_concrete
0,0,-38,main_street,minecraft:black_concrete
1,0,-38,main_street,minecraft:black_concrete
2,0,-38,main_street,minecraft:black_concrete
3,0,-38,main_street,minecraft:black_concrete
4,0,-38,main_street,minecraft:black_concrete
5,0,-38,main_street,minecraft:black_concrete
6,0,-38,main_street,minecraft:black_concrete
7,0,-38,main_street,minecraft:black_concrete
8,0,-38,main_street,minecraft:black_concrete
9,0,-38,main_street,minecraft:black_concrete
10,0,-38,main_street,minecraft:black_concrete
11,0,-38,main_street,minecraft:black_concrete
12,0,-38,sidewalk,minecraft:smooth_stone
13,0,-38,sidewalk,minecraft:smooth_stone
14,0,-38,sidewalk,minecraft:smooth_stone
15,0,-38,building_footprint,minecraft:orange_concrete
16,0,-38,building_footprint,minecraft:orange_concrete
17,0,-38,building_footprint,minecraft:orange_concrete
18,0,-38,building_footprint,minecraft:orange_concrete
19,0,-38,building_footprint,minecraft:orange_concrete
20,0,-38,building_footprint,minecraft:orange_concrete
21,0,-38,building_footprint,minecraft:orange_concrete
22,0,-38,building_footprint,minecraft:orange_concrete
23,0,-38,building_footprint,minecraft:orange_concrete
24,0,-38,building_footprint,minecraft:orange_concrete
25,0,-38,building_footprint,minecraft:orange_concrete
26,0,-38,building_footprint,minecraft:orange_concrete
27,0,-38,building_footprint,minecraft:orange_concrete
28,0,-38,building_footprint,minecraft:orange_concrete
29,0,-38,building_footprint,minecraft:orange_concrete
30,0,-38,building_footprint,minecraft:orange_concrete
31,0,-38,building_footprint,minecraft:orange_concrete
32,0,-38,building_footprint,minecraft:orange_concrete
33,0,-38,building_footprint,minecraft:orange_concrete
34,0,-38,building_footprint,minecraft:orange_concrete
35,0,-38,building_footprint,minecraft:orange_concrete
36,0,-38,building_footprint,minecraft:orange_concrete
37,0,-38,building_footprint,minecraft:orange_concrete
38,0,-38,building_footprint,minecraft:orange_concrete
39,0,-38,building_footprint,minecraft:orange_concrete
40,0,-38,building_footprint,minecraft:orange_concrete
41,0,-38,building_footprint,minecraft:orange_concrete
42,0,-38,building_footprint,minecraft:orange_concrete
43,0,-38,building_footprint,minecraft:orange_concrete
44,0,-38,building_footprint,minecraft:orange_concrete
45,0,-38,building_footprint,minecraft:orange_concrete
46,0,-38,building_footprint,minecraft:orange_concrete
47,0,-38,building_footprint,minecraft:orange_concrete
48,0,-38,building_footprint,minecraft:orange_concrete
49,0,-38,building_footprint,minecraft:orange_concrete
50,0,-38,building_footprint,minecraft:orange_concrete
51,0,-38,building_footprint,minecraft:orange_concrete
52,0,-38,building_footprint,minecraft:orange_concrete
53,0,-38,building_footprint,minecraft:orange_concrete
54,0,-38,building_footprint,minecraft:orange_concrete
55,0,-38,building_footprint,minecraft:orange_concrete
56,0,-38,building_footprint,minecraft:orange_concrete
57,0,-38,building_footprint,minecraft:orange_concrete
58,0,-38,building_footprint,minecraft:orange_concrete
59,0,-38,building_footprint,minecraft:orange_concrete
60,0,-38,building_footprint,minecraft:orange_concrete
61,0,-38,building_footprint,minecraft:orange_concrete
62,0,-38,building_footprint,minecraft:orange_concrete
66,0,-38,alley,minecraft:polished_andesite
67,0,-38,alley,minecraft:polished_andesite
68,0,-38,alley,minecraft:polished_andesite
69,0,-38,alley,minecraft:polished_andesite
-71,0,-37,alley,minecraft:polished_andesite
-70,0,-37,alley,minecraft:polished_andesite
-69,0,-37,alley,minecraft:polished_andesite
-68,0,-37,alley,minecraft:polished_andesite
-48,0,-37,building_footprint,minecraft:orange_concrete
-47,0,-37,building_footprint,minecraft:orange_concrete
-46,0,-37,building_footprint,minecraft:orange_concrete
-45,0,-37,building_footprint,minecraft:orange_concrete
-44,0,-37,building_footprint,minecraft:orange_concrete
-43,0,-37,building_footprint,minecraft:orange_concrete
-42,0,-37,building_footprint,minecraft:orange_concrete
-41,0,-37,building_footprint,minecraft:orange_concrete
-40,0,-37,building_footprint,minecraft:orange_concrete
-39,0,-37,building_footprint,minecraft:orange_concrete
-38,0,-37,building_footprint,minecraft:orange_concrete
-37,0,-37,building_footprint,minecraft:orange_concrete
-36,0,-37,building_footprint,minecraft:orange_concrete
-35,0,-37,building_footprint,minecraft:orange_concrete
-34,0,-37,building_footprint,minecraft:orange_concrete
-33,0,-37,building_footprint,minecraft:orange_concrete
-32,0,-37,building_footprint,minecraft:orange_concrete
-31,0,-37,building_footprint,minecraft:orange_concrete
-30,0,-37,building_footprint,minecraft:orange_concrete
-29,0,-37,building_footprint,minecraft:orange_concrete
-28,0,-37,building_footprint,minecraft:orange_concrete
-27,0,-37,building_footprint,minecraft:orange_concrete
-26,0,-37,building_footprint,minecraft:orange_concrete
-25,0,-37,building_footprint,minecraft:orange_concrete
-24,0,-37,building_footprint,minecraft:orange_concrete
-23,0,-37,building_footprint,minecraft:orange_concrete
-22,0,-37,building_footprint,minecraft:orange_concrete
-21,0,-37,building_footprint,minecraft:orange_concrete
-20,0,-37,building_footprint,minecraft:orange_concrete
-19,0,-37,building_footprint,minecraft:orange_concrete
-18,0,-37,building_footprint,minecraft:orange_concrete
-17,0,-37,building_footprint,minecraft:orange_concrete
-16,0,-37,sidewalk,minecraft:smooth_stone
-15,0,-37,sidewalk,minecraft:smooth_stone
-14,0,-37,sidewalk,minecraft:smooth_stone
-13,0,-37,main_street,minecraft:black_concrete
-12,0,-37,main_street,minecraft:black_concrete
-11,0,-37,main_street,minecraft:black_concrete
-10,0,-37,main_street,minecraft:black_concrete
-9,0,-37,main_street,minecraft:black_concrete
-8,0,-37,main_street,minecraft:black_concrete
-7,0,-37,main_street,minecraft:black_concrete
-6,0,-37,main_street,minecraft:black_concrete
-5,0,-37,main_street,minecraft:black_concrete
-4,0,-37,main_street,minecraft:black_concrete
-3,0,-37,main_street,minecraft:black_concrete
-2,0,-37,main_street,minecraft:black_concrete
-1,0,-37,main_street,minecraft:black_concrete
0,0,-37,main_street,minecraft:black_concrete
1,0,-37,main_street,minecraft:black_concrete
2,0,-37,main_street,minecraft:black_concrete
3,0,-37,main_street,minecraft:black_concrete
4,0,-37,main_street,minecraft:black_concrete
5,0,-37,main_street,minecraft:black_concrete
6,0,-37,main_street,minecraft:black_concrete
7,0,-37,main_street,minecraft:black_concrete
8,0,-37,main_street,minecraft:black_concrete
9,0,-37,main_street,minecraft:black_concrete
10,0,-37,main_street,minecraft:black_concrete
11,0,-37,main_street,minecraft:black_concrete
12,0,-37,sidewalk,minecraft:smooth_stone
13,0,-37,sidewalk,minecraft:smooth_stone
14,0,-37,sidewalk,minecraft:smooth_stone
15,0,-37,building_footprint,minecraft:orange_concrete
16,0,-37,building_footprint,minecraft:orange_concrete
17,0,-37,building_footprint,minecraft:orange_concrete
18,0,-37,building_footprint,minecraft:orange_concrete
19,0,-37,building_footprint,minecraft:orange_concrete
20,0,-37,building_footprint,minecraft:orange_concrete
21,0,-37,building_footprint,minecraft:orange_concrete
22,0,-37,building_footprint,minecraft:orange_concrete
23,0,-37,building_footprint,minecraft:orange_concrete
24,0,-37,building_footprint,minecraft:orange_concrete
25,0,-37,building_footprint,minecraft:orange_concrete
26,0,-37,building_footprint,minecraft:orange_concrete
27,0,-37,building_footprint,minecraft:orange_concrete
28,0,-37,building_footprint,minecraft:orange_concrete
29,0,-37,building_footprint,minecraft:orange_concrete
30,0,-37,building_footprint,minecraft:orange_concrete
31,0,-37,building_footprint,minecraft:orange_concrete
32,0,-37,building_footprint,minecraft:orange_concrete
33,0,-37,building_footprint,minecraft:orange_concrete
34,0,-37,building_footprint,minecraft:orange_concrete
35,0,-37,building_footprint,minecraft:orange_concrete
36,0,-37,building_footprint,minecraft:orange_concrete
37,0,-37,building_footprint,minecraft:orange_concrete
38,0,-37,building_footprint,minecraft:orange_concrete
39,0,-37,building_footprint,minecraft:orange_concrete
40,0,-37,building_footprint,minecraft:orange_concrete
41,0,-37,building_footprint,minecraft:orange_concrete
42,0,-37,building_footprint,minecraft:orange_concrete
43,0,-37,building_footprint,minecraft:orange_concrete
44,0,-37,building_footprint,minecraft:orange_concrete
45,0,-37,building_footprint,minecraft:orange_concrete
46,0,-37,building_footprint,minecraft:orange_concrete
47,0,-37,building_footprint,minecraft:orange_concrete
48,0,-37,building_footprint,minecraft:orange_concrete
49,0,-37,building_footprint,minecraft:orange_concrete
50,0,-37,building_footprint,minecraft:orange_concrete
51,0,-37,building_footprint,minecraft:orange_concrete
52,0,-37,building_footprint,minecraft:orange_concrete
53,0,-37,building_footprint,minecraft:orange_concrete
54,0,-37,building_footprint,minecraft:orange_concrete
55,0,-37,building_footprint,minecraft:orange_concrete
56,0,-37,building_footprint,minecraft:orange_concrete
57,0,-37,building_footprint,minecraft:orange_concrete
58,0,-37,building_footprint,minecraft:orange_concrete
59,0,-37,building_footprint,minecraft:orange_concrete
60,0,-37,building_footprint,minecraft:orange_concrete
61,0,-37,building_footprint,minecraft:orange_concrete
62,0,-37,building_footprint,minecraft:orange_concrete
66,0,-37,alley,minecraft:polished_andesite
67,0,-37,alley,minecraft:polished_andesite
68,0,-37,alley,minecraft:polished_andesite
69,0,-37,alley,minecraft:polished_andesite
-71,0,-36,alley,minecraft:polished_andesite
-70,0,-36,alley,minecraft:polished_andesite
-69,0,-36,alley,minecraft:polished_andesite
-68,0,-36,alley,minecraft:polished_andesite
-48,0,-36,building_footprint,minecraft:orange_concrete
-47,0,-36,building_footprint,minecraft:orange_concrete
-46,0,-36,building_footprint,minecraft:orange_concrete
-45,0,-36,building_footprint,minecraft:orange_concrete
-44,0,-36,building_footprint,minecraft:orange_concrete
-43,0,-36,building_footprint,minecraft:orange_concrete
-42,0,-36,building_footprint,minecraft:orange_concrete
-41,0,-36,building_footprint,minecraft:orange_concrete
-40,0,-36,building_footprint,minecraft:orange_concrete
-39,0,-36,building_footprint,minecraft:orange_concrete
-38,0,-36,building_footprint,minecraft:orange_concrete
-37,0,-36,building_footprint,minecraft:orange_concrete
-36,0,-36,building_footprint,minecraft:orange_concrete
-35,0,-36,building_footprint,minecraft:orange_concrete
-34,0,-36,building_footprint,minecraft:orange_concrete
-33,0,-36,building_footprint,minecraft:orange_concrete
-32,0,-36,building_footprint,minecraft:orange_concrete
-31,0,-36,building_footprint,minecraft:orange_concrete
-30,0,-36,building_footprint,minecraft:orange_concrete
-29,0,-36,building_footprint,minecraft:orange_concrete
-28,0,-36,building_footprint,minecraft:orange_concrete
-27,0,-36,building_footprint,minecraft:orange_concrete
-26,0,-36,building_footprint,minecraft:orange_concrete
-25,0,-36,building_footprint,minecraft:orange_concrete
-24,0,-36,building_footprint,minecraft:orange_concrete
-23,0,-36,building_footprint,minecraft:orange_concrete
-22,0,-36,building_footprint,minecraft:orange_concrete
-21,0,-36,building_footprint,minecraft:orange_concrete
-20,0,-36,building_footprint,minecraft:orange_concrete
-19,0,-36,building_footprint,minecraft:orange_concrete
-18,0,-36,building_footprint,minecraft:orange_concrete
-17,0,-36,building_footprint,minecraft:orange_concrete
-16,0,-36,sidewalk,minecraft:smooth_stone
-15,0,-36,sidewalk,minecraft:smooth_stone
-14,0,-36,sidewalk,minecraft:smooth_stone
-13,0,-36,main_street,minecraft:black_concrete
-12,0,-36,main_street,minecraft:black_concrete
-11,0,-36,main_street,minecraft:black_concrete
-10,0,-36,main_street,minecraft:black_concrete
-9,0,-36,main_street,minecraft:black_concrete
-8,0,-36,main_street,minecraft:black_concrete
-7,0,-36,main_street,minecraft:black_concrete
-6,0,-36,main_street,minecraft:black_concrete
-5,0,-36,main_street,minecraft:black_concrete
-4,0,-36,main_street,minecraft:black_concrete
-3,0,-36,main_street,minecraft:black_concrete
-2,0,-36,main_street,minecraft:black_concrete
-1,0,-36,main_street,minecraft:black_concrete
0,0,-36,main_street,minecraft:black_concrete
1,0,-36,main_street,minecraft:black_concrete
2,0,-36,main_street,minecraft:black_concrete
3,0,-36,main_street,minecraft:black_concrete
4,0,-36,main_street,minecraft:black_concrete
5,0,-36,main_street,minecraft:black_concrete
6,0,-36,main_street,minecraft:black_concrete
7,0,-36,main_street,minecraft:black_concrete
8,0,-36,main_street,minecraft:black_concrete
9,0,-36,main_street,minecraft:black_concrete
10,0,-36,main_street,minecraft:black_concrete
11,0,-36,main_street,minecraft:black_concrete
12,0,-36,sidewalk,minecraft:smooth_stone
13,0,-36,sidewalk,minecraft:smooth_stone
14,0,-36,sidewalk,minecraft:smooth_stone
15,0,-36,building_footprint,minecraft:orange_concrete
16,0,-36,building_footprint,minecraft:orange_concrete
17,0,-36,building_footprint,minecraft:orange_concrete
18,0,-36,building_footprint,minecraft:orange_concrete
19,0,-36,building_footprint,minecraft:orange_concrete
20,0,-36,building_footprint,minecraft:orange_concrete
21,0,-36,building_footprint,minecraft:orange_concrete
22,0,-36,building_footprint,minecraft:orange_concrete
23,0,-36,building_footprint,minecraft:orange_concrete
24,0,-36,building_footprint,minecraft:orange_concrete
25,0,-36,building_footprint,minecraft:orange_concrete
26,0,-36,building_footprint,minecraft:orange_concrete
27,0,-36,building_footprint,minecraft:orange_concrete
28,0,-36,building_footprint,minecraft:orange_concrete
29,0,-36,building_footprint,minecraft:orange_concrete
30,0,-36,building_footprint,minecraft:orange_concrete
31,0,-36,building_footprint,minecraft:orange_concrete
32,0,-36,building_footprint,minecraft:orange_concrete
33,0,-36,building_footprint,minecraft:orange_concrete
34,0,-36,building_footprint,minecraft:orange_concrete
35,0,-36,building_footprint,minecraft:orange_concrete
36,0,-36,building_footprint,minecraft:orange_concrete
37,0,-36,building_footprint,minecraft:orange_concrete
38,0,-36,building_footprint,minecraft:orange_concrete
39,0,-36,building_footprint,minecraft:orange_concrete
40,0,-36,building_footprint,minecraft:orange_concrete
41,0,-36,building_footprint,minecraft:orange_concrete
42,0,-36,building_footprint,minecraft:orange_concrete
43,0,-36,building_footprint,minecraft:orange_concrete
44,0,-36,building_footprint,minecraft:orange_concrete
45,0,-36,building_footprint,minecraft:orange_concrete
46,0,-36,building_footprint,minecraft:orange_concrete
47,0,-36,building_footprint,minecraft:orange_concrete
48,0,-36,building_footprint,minecraft:orange_concrete
49,0,-36,building_footprint,minecraft:orange_concrete
50,0,-36,building_footprint,minecraft:orange_concrete
51,0,-36,building_footprint,minecraft:orange_concrete
52,0,-36,building_footprint,minecraft:orange_concrete
53,0,-36,building_footprint,minecraft:orange_concrete
54,0,-36,building_footprint,minecraft:orange_concrete
55,0,-36,building_footprint,minecraft:orange_concrete
56,0,-36,building_footprint,minecraft:orange_concrete
57,0,-36,building_footprint,minecraft:orange_concrete
58,0,-36,building_footprint,minecraft:orange_concrete
59,0,-36,building_footprint,minecraft:orange_concrete
60,0,-36,building_footprint,minecraft:orange_concrete
61,0,-36,building_footprint,minecraft:orange_concrete
62,0,-36,building_footprint,minecraft:orange_concrete
66,0,-36,alley,minecraft:polished_andesite
67,0,-36,alley,minecraft:polished_andesite
68,0,-36,alley,minecraft:polished_andesite
69,0,-36,alley,minecraft:polished_andesite
-71,0,-35,alley,minecraft:polished_andesite
-70,0,-35,alley,minecraft:polished_andesite
-69,0,-35,alley,minecraft:polished_andesite
-68,0,-35,alley,minecraft:polished_andesite
-48,0,-35,building_footprint,minecraft:orange_concrete
-47,0,-35,building_footprint,minecraft:orange_concrete
-46,0,-35,building_footprint,minecraft:orange_concrete
-45,0,-35,building_footprint,minecraft:orange_concrete
-44,0,-35,building_footprint,minecraft:orange_concrete
-43,0,-35,building_footprint,minecraft:orange_concrete
-42,0,-35,building_footprint,minecraft:orange_concrete
-41,0,-35,building_footprint,minecraft:orange_concrete
-40,0,-35,building_footprint,minecraft:orange_concrete
-39,0,-35,building_footprint,minecraft:orange_concrete
-38,0,-35,building_footprint,minecraft:orange_concrete
-37,0,-35,building_footprint,minecraft:orange_concrete
-36,0,-35,building_footprint,minecraft:orange_concrete
-35,0,-35,building_footprint,minecraft:orange_concrete
-34,0,-35,building_footprint,minecraft:orange_concrete
-33,0,-35,building_footprint,minecraft:orange_concrete
-32,0,-35,building_footprint,minecraft:orange_concrete
-31,0,-35,building_footprint,minecraft:orange_concrete
-30,0,-35,building_footprint,minecraft:orange_concrete
-29,0,-35,building_footprint,minecraft:orange_concrete
-28,0,-35,building_footprint,minecraft:orange_concrete
-27,0,-35,building_footprint,minecraft:orange_concrete
-26,0,-35,building_footprint,minecraft:orange_concrete
-25,0,-35,building_footprint,minecraft:orange_concrete
-24,0,-35,building_footprint,minecraft:orange_concrete
-23,0,-35,building_footprint,minecraft:orange_concrete
-22,0,-35,building_footprint,minecraft:orange_concrete
-21,0,-35,building_footprint,minecraft:orange_concrete
-20,0,-35,building_footprint,minecraft:orange_concrete
-19,0,-35,building_footprint,minecraft:orange_concrete
-18,0,-35,building_footprint,minecraft:orange_concrete
-17,0,-35,building_footprint,minecraft:orange_concrete
-16,0,-35,sidewalk,minecraft:smooth_stone
-15,0,-35,sidewalk,minecraft:smooth_stone
-14,0,-35,sidewalk,minecraft:smooth_stone
-13,0,-35,main_street,minecraft:black_concrete
-12,0,-35,main_street,minecraft:black_concrete
-11,0,-35,main_street,minecraft:black_concrete
-10,0,-35,main_street,minecraft:black_concrete
-9,0,-35,main_street,minecraft:black_concrete
-8,0,-35,main_street,minecraft:black_concrete
-7,0,-35,main_street,minecraft:black_concrete
-6,0,-35,main_street,minecraft:black_concrete
-5,0,-35,main_street,minecraft:black_concrete
-4,0,-35,main_street,minecraft:black_concrete
-3,0,-35,main_street,minecraft:black_concrete
-2,0,-35,main_street,minecraft:black_concrete
-1,0,-35,main_street,minecraft:black_concrete
0,0,-35,main_street,minecraft:black_concrete
1,0,-35,main_street,minecraft:black_concrete
2,0,-35,main_street,minecraft:black_concrete
3,0,-35,main_street,minecraft:black_concrete
4,0,-35,main_street,minecraft:black_concrete
5,0,-35,main_street,minecraft:black_concrete
6,0,-35,main_street,minecraft:black_concrete
7,0,-35,main_street,minecraft:black_concrete
8,0,-35,main_street,minecraft:black_concrete
9,0,-35,main_street,minecraft:black_concrete
10,0,-35,main_street,minecraft:black_concrete
11,0,-35,main_street,minecraft:black_concrete
12,0,-35,sidewalk,minecraft:smooth_stone
13,0,-35,sidewalk,minecraft:smooth_stone
14,0,-35,sidewalk,minecraft:smooth_stone
15,0,-35,building_footprint,minecraft:orange_concrete
16,0,-35,building_footprint,minecraft:orange_concrete
17,0,-35,building_footprint,minecraft:orange_concrete
18,0,-35,building_footprint,minecraft:orange_concrete
19,0,-35,building_footprint,minecraft:orange_concrete
20,0,-35,building_footprint,minecraft:orange_concrete
21,0,-35,building_footprint,minecraft:orange_concrete
22,0,-35,building_footprint,minecraft:orange_concrete
23,0,-35,building_footprint,minecraft:orange_concrete
24,0,-35,building_footprint,minecraft:orange_concrete
25,0,-35,building_footprint,minecraft:orange_concrete
26,0,-35,building_footprint,minecraft:orange_concrete
27,0,-35,building_footprint,minecraft:orange_concrete
28,0,-35,building_footprint,minecraft:orange_concrete
29,0,-35,building_footprint,minecraft:orange_concrete
30,0,-35,building_footprint,minecraft:orange_concrete
31,0,-35,building_footprint,minecraft:orange_concrete
32,0,-35,building_footprint,minecraft:orange_concrete
33,0,-35,building_footprint,minecraft:orange_concrete
34,0,-35,building_footprint,minecraft:orange_concrete
35,0,-35,building_footprint,minecraft:orange_concrete
36,0,-35,building_footprint,minecraft:orange_concrete
37,0,-35,building_footprint,minecraft:orange_concrete
38,0,-35,building_footprint,minecraft:orange_concrete
39,0,-35,building_footprint,minecraft:orange_concrete
40,0,-35,building_footprint,minecraft:orange_concrete
41,0,-35,building_footprint,minecraft:orange_concrete
42,0,-35,building_footprint,minecraft:orange_concrete
48,0,-35,building_footprint,minecraft:orange_concrete
49,0,-35,building_footprint,minecraft:orange_concrete
50,0,-35,building_footprint,minecraft:orange_concrete
51,0,-35,building_footprint,minecraft:orange_concrete
52,0,-35,building_footprint,minecraft:orange_concrete
53,0,-35,building_footprint,minecraft:orange_concrete
54,0,-35,building_footprint,minecraft:orange_concrete
55,0,-35,building_footprint,minecraft:orange_concrete
66,0,-35,alley,minecraft:polished_andesite
67,0,-35,alley,minecraft:polished_andesite
68,0,-35,alley,minecraft:polished_andesite
69,0,-35,alley,minecraft:polished_andesite
-71,0,-34,alley,minecraft:polished_andesite
-70,0,-34,alley,minecraft:polished_andesite
-69,0,-34,alley,minecraft:polished_andesite
-68,0,-34,alley,minecraft:polished_andesite
-48,0,-34,building_footprint,minecraft:orange_concrete
-47,0,-34,building_footprint,minecraft:orange_concrete
-46,0,-34,building_footprint,minecraft:orange_concrete
-45,0,-34,building_footprint,minecraft:orange_concrete
-44,0,-34,building_footprint,minecraft:orange_concrete
-43,0,-34,building_footprint,minecraft:orange_concrete
-42,0,-34,building_footprint,minecraft:orange_concrete
-41,0,-34,building_footprint,minecraft:orange_concrete
-40,0,-34,building_footprint,minecraft:orange_concrete
-39,0,-34,building_footprint,minecraft:orange_concrete
-38,0,-34,building_footprint,minecraft:orange_concrete
-37,0,-34,building_footprint,minecraft:orange_concrete
-36,0,-34,building_footprint,minecraft:orange_concrete
-35,0,-34,building_footprint,minecraft:orange_concrete
-34,0,-34,building_footprint,minecraft:orange_concrete
-33,0,-34,building_footprint,minecraft:orange_concrete
-32,0,-34,building_footprint,minecraft:orange_concrete
-31,0,-34,building_footprint,minecraft:orange_concrete
-30,0,-34,building_footprint,minecraft:orange_concrete
-29,0,-34,building_footprint,minecraft:orange_concrete
-28,0,-34,building_footprint,minecraft:orange_concrete
-27,0,-34,building_footprint,minecraft:orange_concrete
-26,0,-34,building_footprint,minecraft:orange_concrete
-25,0,-34,building_footprint,minecraft:orange_concrete
-24,0,-34,building_footprint,minecraft:orange_concrete
-23,0,-34,building_footprint,minecraft:orange_concrete
-22,0,-34,building_footprint,minecraft:orange_concrete
-21,0,-34,building_footprint,minecraft:orange_concrete
-20,0,-34,building_footprint,minecraft:orange_concrete
-19,0,-34,building_footprint,minecraft:orange_concrete
-18,0,-34,building_footprint,minecraft:orange_concrete
-17,0,-34,building_footprint,minecraft:orange_concrete
-16,0,-34,sidewalk,minecraft:smooth_stone
-15,0,-34,sidewalk,minecraft:smooth_stone
-14,0,-34,sidewalk,minecraft:smooth_stone
-13,0,-34,main_street,minecraft:black_concrete
-12,0,-34,main_street,minecraft:black_concrete
-11,0,-34,main_street,minecraft:black_concrete
-10,0,-34,main_street,minecraft:black_concrete
-9,0,-34,main_street,minecraft:black_concrete
-8,0,-34,main_street,minecraft:black_concrete
-7,0,-34,main_street,minecraft:black_concrete
-6,0,-34,main_street,minecraft:black_concrete
-5,0,-34,main_street,minecraft:black_concrete
-4,0,-34,main_street,minecraft:black_concrete
-3,0,-34,main_street,minecraft:black_concrete
-2,0,-34,main_street,minecraft:black_concrete
-1,0,-34,main_street,minecraft:black_concrete
0,0,-34,main_street,minecraft:black_concrete
1,0,-34,main_street,minecraft:black_concrete
2,0,-34,main_street,minecraft:black_concrete
3,0,-34,main_street,minecraft:black_concrete
4,0,-34,main_street,minecraft:black_concrete
5,0,-34,main_street,minecraft:black_concrete
6,0,-34,main_street,minecraft:black_concrete
7,0,-34,main_street,minecraft:black_concrete
8,0,-34,main_street,minecraft:black_concrete
9,0,-34,main_street,minecraft:black_concrete
10,0,-34,main_street,minecraft:black_concrete
11,0,-34,main_street,minecraft:black_concrete
12,0,-34,sidewalk,minecraft:smooth_stone
13,0,-34,sidewalk,minecraft:smooth_stone
14,0,-34,sidewalk,minecraft:smooth_stone
15,0,-34,building_footprint,minecraft:orange_concrete
16,0,-34,building_footprint,minecraft:orange_concrete
17,0,-34,building_footprint,minecraft:orange_concrete
18,0,-34,building_footprint,minecraft:orange_concrete
19,0,-34,building_footprint,minecraft:orange_concrete
20,0,-34,building_footprint,minecraft:orange_concrete
21,0,-34,building_footprint,minecraft:orange_concrete
22,0,-34,building_footprint,minecraft:orange_concrete
23,0,-34,building_footprint,minecraft:orange_concrete
24,0,-34,building_footprint,minecraft:orange_concrete
25,0,-34,building_footprint,minecraft:orange_concrete
26,0,-34,building_footprint,minecraft:orange_concrete
27,0,-34,building_footprint,minecraft:orange_concrete
28,0,-34,building_footprint,minecraft:orange_concrete
29,0,-34,building_footprint,minecraft:orange_concrete
30,0,-34,building_footprint,minecraft:orange_concrete
31,0,-34,building_footprint,minecraft:orange_concrete
32,0,-34,building_footprint,minecraft:orange_concrete
33,0,-34,building_footprint,minecraft:orange_concrete
34,0,-34,building_footprint,minecraft:orange_concrete
35,0,-34,building_footprint,minecraft:orange_concrete
36,0,-34,building_footprint,minecraft:orange_concrete
37,0,-34,building_footprint,minecraft:orange_concrete
38,0,-34,building_footprint,minecraft:orange_concrete
39,0,-34,building_footprint,minecraft:orange_concrete
40,0,-34,building_footprint,minecraft:orange_concrete
41,0,-34,building_footprint,minecraft:orange_concrete
42,0,-34,building_footprint,minecraft:orange_concrete
48,0,-34,building_footprint,minecraft:orange_concrete
49,0,-34,building_footprint,minecraft:orange_concrete
50,0,-34,building_footprint,minecraft:orange_concrete
51,0,-34,building_footprint,minecraft:orange_concrete
52,0,-34,building_footprint,minecraft:orange_concrete
53,0,-34,building_footprint,minecraft:orange_concrete
54,0,-34,building_footprint,minecraft:orange_concrete
55,0,-34,building_footprint,minecraft:orange_concrete
66,0,-34,alley,minecraft:polished_andesite
67,0,-34,alley,minecraft:polished_andesite
68,0,-34,alley,minecraft:polished_andesite
69,0,-34,alley,minecraft:polished_andesite
-71,0,-33,alley,minecraft:polished_andesite
-70,0,-33,alley,minecraft:polished_andesite
-69,0,-33,alley,minecraft:polished_andesite
-68,0,-33,alley,minecraft:polished_andesite
-48,0,-33,building_footprint,minecraft:orange_concrete
-47,0,-33,building_footprint,minecraft:orange_concrete
-46,0,-33,building_footprint,minecraft:orange_concrete
-45,0,-33,building_footprint,minecraft:orange_concrete
-44,0,-33,building_footprint,minecraft:orange_concrete
-43,0,-33,building_footprint,minecraft:orange_concrete
-42,0,-33,building_footprint,minecraft:orange_concrete
-41,0,-33,building_footprint,minecraft:orange_concrete
-40,0,-33,building_footprint,minecraft:orange_concrete
-39,0,-33,building_footprint,minecraft:orange_concrete
-38,0,-33,building_footprint,minecraft:orange_concrete
-37,0,-33,building_footprint,minecraft:orange_concrete
-36,0,-33,building_footprint,minecraft:orange_concrete
-35,0,-33,building_footprint,minecraft:orange_concrete
-34,0,-33,building_footprint,minecraft:orange_concrete
-33,0,-33,building_footprint,minecraft:orange_concrete
-32,0,-33,building_footprint,minecraft:orange_concrete
-31,0,-33,building_footprint,minecraft:orange_concrete
-30,0,-33,building_footprint,minecraft:orange_concrete
-29,0,-33,building_footprint,minecraft:orange_concrete
-28,0,-33,building_footprint,minecraft:orange_concrete
-27,0,-33,building_footprint,minecraft:orange_concrete
-26,0,-33,building_footprint,minecraft:orange_concrete
-25,0,-33,building_footprint,minecraft:orange_concrete
-24,0,-33,building_footprint,minecraft:orange_concrete
-23,0,-33,building_footprint,minecraft:orange_concrete
-22,0,-33,building_footprint,minecraft:orange_concrete
-21,0,-33,building_footprint,minecraft:orange_concrete
-20,0,-33,building_footprint,minecraft:orange_concrete
-19,0,-33,building_footprint,minecraft:orange_concrete
-18,0,-33,building_footprint,minecraft:orange_concrete
-17,0,-33,building_footprint,minecraft:orange_concrete
-16,0,-33,sidewalk,minecraft:smooth_stone
-15,0,-33,sidewalk,minecraft:smooth_stone
-14,0,-33,sidewalk,minecraft:smooth_stone
-13,0,-33,main_street,minecraft:black_concrete
-12,0,-33,main_street,minecraft:black_concrete
-11,0,-33,main_street,minecraft:black_concrete
-10,0,-33,main_street,minecraft:black_concrete
-9,0,-33,main_street,minecraft:black_concrete
-8,0,-33,main_street,minecraft:black_concrete
-7,0,-33,main_street,minecraft:black_concrete
-6,0,-33,main_street,minecraft:black_concrete
-5,0,-33,main_street,minecraft:black_concrete
-4,0,-33,main_street,minecraft:black_concrete
-3,0,-33,main_street,minecraft:black_concrete
-2,0,-33,main_street,minecraft:black_concrete
-1,0,-33,main_street,minecraft:black_concrete
0,0,-33,main_street,minecraft:black_concrete
1,0,-33,main_street,minecraft:black_concrete
2,0,-33,main_street,minecraft:black_concrete
3,0,-33,main_street,minecraft:black_concrete
4,0,-33,main_street,minecraft:black_concrete
5,0,-33,main_street,minecraft:black_concrete
6,0,-33,main_street,minecraft:black_concrete
7,0,-33,main_street,minecraft:black_concrete
8,0,-33,main_street,minecraft:black_concrete
9,0,-33,main_street,minecraft:black_concrete
10,0,-33,main_street,minecraft:black_concrete
11,0,-33,main_street,minecraft:black_concrete
12,0,-33,sidewalk,minecraft:smooth_stone
13,0,-33,sidewalk,minecraft:smooth_stone
14,0,-33,sidewalk,minecraft:smooth_stone
15,0,-33,building_footprint,minecraft:orange_concrete
16,0,-33,building_footprint,minecraft:orange_concrete
17,0,-33,building_footprint,minecraft:orange_concrete
18,0,-33,building_footprint,minecraft:orange_concrete
19,0,-33,building_footprint,minecraft:orange_concrete
20,0,-33,building_footprint,minecraft:orange_concrete
21,0,-33,building_footprint,minecraft:orange_concrete
22,0,-33,building_footprint,minecraft:orange_concrete
23,0,-33,building_footprint,minecraft:orange_concrete
24,0,-33,building_footprint,minecraft:orange_concrete
25,0,-33,building_footprint,minecraft:orange_concrete
26,0,-33,building_footprint,minecraft:orange_concrete
27,0,-33,building_footprint,minecraft:orange_concrete
28,0,-33,building_footprint,minecraft:orange_concrete
29,0,-33,building_footprint,minecraft:orange_concrete
30,0,-33,building_footprint,minecraft:orange_concrete
31,0,-33,building_footprint,minecraft:orange_concrete
32,0,-33,building_footprint,minecraft:orange_concrete
33,0,-33,building_footprint,minecraft:orange_concrete
34,0,-33,building_footprint,minecraft:orange_concrete
35,0,-33,building_footprint,minecraft:orange_concrete
36,0,-33,building_footprint,minecraft:orange_concrete
37,0,-33,building_footprint,minecraft:orange_concrete
38,0,-33,building_footprint,minecraft:orange_concrete
39,0,-33,building_footprint,minecraft:orange_concrete
40,0,-33,building_footprint,minecraft:orange_concrete
41,0,-33,building_footprint,minecraft:orange_concrete
48,0,-33,building_footprint,minecraft:orange_concrete
49,0,-33,building_footprint,minecraft:orange_concrete
50,0,-33,building_footprint,minecraft:orange_concrete
51,0,-33,building_footprint,minecraft:orange_concrete
52,0,-33,building_footprint,minecraft:orange_concrete
53,0,-33,building_footprint,minecraft:orange_concrete
54,0,-33,building_footprint,minecraft:orange_concrete
55,0,-33,building_footprint,minecraft:orange_concrete
66,0,-33,alley,minecraft:polished_andesite
67,0,-33,alley,minecraft:polished_andesite
68,0,-33,alley,minecraft:polished_andesite
69,0,-33,alley,minecraft:polished_andesite
-71,0,-32,alley,minecraft:polished_andesite
-70,0,-32,alley,minecraft:polished_andesite
-69,0,-32,alley,minecraft:polished_andesite
-68,0,-32,alley,minecraft:polished_andesite
-48,0,-32,building_footprint,minecraft:orange_concrete
-47,0,-32,building_footprint,minecraft:orange_concrete
-46,0,-32,building_footprint,minecraft:orange_concrete
-45,0,-32,building_footprint,minecraft:orange_concrete
-44,0,-32,building_footprint,minecraft:orange_concrete
-43,0,-32,building_footprint,minecraft:orange_concrete
-42,0,-32,building_footprint,minecraft:orange_concrete
-41,0,-32,building_footprint,minecraft:orange_concrete
-40,0,-32,building_footprint,minecraft:orange_concrete
-39,0,-32,building_footprint,minecraft:orange_concrete
-38,0,-32,building_footprint,minecraft:orange_concrete
-37,0,-32,building_footprint,minecraft:orange_concrete
-36,0,-32,building_footprint,minecraft:orange_concrete
-35,0,-32,building_footprint,minecraft:orange_concrete
-34,0,-32,building_footprint,minecraft:orange_concrete
-33,0,-32,building_footprint,minecraft:orange_concrete
-32,0,-32,building_footprint,minecraft:orange_concrete
-31,0,-32,building_footprint,minecraft:orange_concrete
-30,0,-32,building_footprint,minecraft:orange_concrete
-29,0,-32,building_footprint,minecraft:orange_concrete
-28,0,-32,building_footprint,minecraft:orange_concrete
-27,0,-32,building_footprint,minecraft:orange_concrete
-26,0,-32,building_footprint,minecraft:orange_concrete
-25,0,-32,building_footprint,minecraft:orange_concrete
-24,0,-32,building_footprint,minecraft:orange_concrete
-23,0,-32,building_footprint,minecraft:orange_concrete
-22,0,-32,building_footprint,minecraft:orange_concrete
-21,0,-32,building_footprint,minecraft:orange_concrete
-20,0,-32,building_footprint,minecraft:orange_concrete
-19,0,-32,building_footprint,minecraft:orange_concrete
-18,0,-32,building_footprint,minecraft:orange_concrete
-17,0,-32,building_footprint,minecraft:orange_concrete
-16,0,-32,sidewalk,minecraft:smooth_stone
-15,0,-32,sidewalk,minecraft:smooth_stone
-14,0,-32,sidewalk,minecraft:smooth_stone
-13,0,-32,main_street,minecraft:black_concrete
-12,0,-32,main_street,minecraft:black_concrete
-11,0,-32,main_street,minecraft:black_concrete
-10,0,-32,main_street,minecraft:black_concrete
-9,0,-32,main_street,minecraft:black_concrete
-8,0,-32,main_street,minecraft:black_concrete
-7,0,-32,main_street,minecraft:black_concrete
-6,0,-32,main_street,minecraft:black_concrete
-5,0,-32,main_street,minecraft:black_concrete
-4,0,-32,main_street,minecraft:black_concrete
-3,0,-32,main_street,minecraft:black_concrete
-2,0,-32,main_street,minecraft:black_concrete
-1,0,-32,main_street,minecraft:black_concrete
0,0,-32,main_street,minecraft:black_concrete
1,0,-32,main_street,minecraft:black_concrete
2,0,-32,main_street,minecraft:black_concrete
3,0,-32,main_street,minecraft:black_concrete
4,0,-32,main_street,minecraft:black_concrete
5,0,-32,main_street,minecraft:black_concrete
6,0,-32,main_street,minecraft:black_concrete
7,0,-32,main_street,minecraft:black_concrete
8,0,-32,main_street,minecraft:black_concrete
9,0,-32,main_street,minecraft:black_concrete
10,0,-32,main_street,minecraft:black_concrete
11,0,-32,main_street,minecraft:black_concrete
12,0,-32,sidewalk,minecraft:smooth_stone
13,0,-32,sidewalk,minecraft:smooth_stone
14,0,-32,sidewalk,minecraft:smooth_stone
15,0,-32,building_footprint,minecraft:orange_concrete
16,0,-32,building_footprint,minecraft:orange_concrete
17,0,-32,building_footprint,minecraft:orange_concrete
18,0,-32,building_footprint,minecraft:orange_concrete
19,0,-32,building_footprint,minecraft:orange_concrete
20,0,-32,building_footprint,minecraft:orange_concrete
21,0,-32,building_footprint,minecraft:orange_concrete
22,0,-32,building_footprint,minecraft:orange_concrete
23,0,-32,building_footprint,minecraft:orange_concrete
24,0,-32,building_footprint,minecraft:orange_concrete
25,0,-32,building_footprint,minecraft:orange_concrete
26,0,-32,building_footprint,minecraft:orange_concrete
27,0,-32,building_footprint,minecraft:orange_concrete
28,0,-32,building_footprint,minecraft:orange_concrete
29,0,-32,building_footprint,minecraft:orange_concrete
30,0,-32,building_footprint,minecraft:orange_concrete
31,0,-32,building_footprint,minecraft:orange_concrete
32,0,-32,building_footprint,minecraft:orange_concrete
33,0,-32,building_footprint,minecraft:orange_concrete
34,0,-32,building_footprint,minecraft:orange_concrete
35,0,-32,building_footprint,minecraft:orange_concrete
36,0,-32,building_footprint,minecraft:orange_concrete
37,0,-32,building_footprint,minecraft:orange_concrete
38,0,-32,building_footprint,minecraft:orange_concrete
39,0,-32,building_footprint,minecraft:orange_concrete
40,0,-32,building_footprint,minecraft:orange_concrete
41,0,-32,building_footprint,minecraft:orange_concrete
48,0,-32,building_footprint,minecraft:orange_concrete
49,0,-32,building_footprint,minecraft:orange_concrete
50,0,-32,building_footprint,minecraft:orange_concrete
51,0,-32,building_footprint,minecraft:orange_concrete
52,0,-32,building_footprint,minecraft:orange_concrete
53,0,-32,building_footprint,minecraft:orange_concrete
54,0,-32,building_footprint,minecraft:orange_concrete
55,0,-32,building_footprint,minecraft:orange_concrete
66,0,-32,alley,minecraft:polished_andesite
67,0,-32,alley,minecraft:polished_andesite
68,0,-32,alley,minecraft:polished_andesite
69,0,-32,alley,minecraft:polished_andesite
-71,0,-31,alley,minecraft:polished_andesite
-70,0,-31,alley,minecraft:polished_andesite
-69,0,-31,alley,minecraft:polished_andesite
-68,0,-31,alley,minecraft:polished_andesite
-48,0,-31,building_footprint,minecraft:orange_concrete
-47,0,-31,building_footprint,minecraft:orange_concrete
-46,0,-31,building_footprint,minecraft:orange_concrete
-45,0,-31,building_footprint,minecraft:orange_concrete
-44,0,-31,building_footprint,minecraft:orange_concrete
-43,0,-31,building_footprint,minecraft:orange_concrete
-42,0,-31,building_footprint,minecraft:orange_concrete
-41,0,-31,building_footprint,minecraft:orange_concrete
-40,0,-31,building_footprint,minecraft:orange_concrete
-39,0,-31,building_footprint,minecraft:orange_concrete
-38,0,-31,building_footprint,minecraft:orange_concrete
-37,0,-31,building_footprint,minecraft:orange_concrete
-36,0,-31,building_footprint,minecraft:orange_concrete
-35,0,-31,building_footprint,minecraft:orange_concrete
-34,0,-31,building_footprint,minecraft:orange_concrete
-33,0,-31,building_footprint,minecraft:orange_concrete
-32,0,-31,building_footprint,minecraft:orange_concrete
-31,0,-31,building_footprint,minecraft:orange_concrete
-30,0,-31,building_footprint,minecraft:orange_concrete
-29,0,-31,building_footprint,minecraft:orange_concrete
-28,0,-31,building_footprint,minecraft:orange_concrete
-27,0,-31,building_footprint,minecraft:orange_concrete
-26,0,-31,building_footprint,minecraft:orange_concrete
-25,0,-31,building_footprint,minecraft:orange_concrete
-24,0,-31,building_footprint,minecraft:orange_concrete
-23,0,-31,building_footprint,minecraft:orange_concrete
-22,0,-31,building_footprint,minecraft:orange_concrete
-21,0,-31,building_footprint,minecraft:orange_concrete
-20,0,-31,building_footprint,minecraft:orange_concrete
-19,0,-31,building_footprint,minecraft:orange_concrete
-18,0,-31,building_footprint,minecraft:orange_concrete
-17,0,-31,building_footprint,minecraft:orange_concrete
-16,0,-31,sidewalk,minecraft:smooth_stone
-15,0,-31,sidewalk,minecraft:smooth_stone
-14,0,-31,sidewalk,minecraft:smooth_stone
-13,0,-31,main_street,minecraft:black_concrete
-12,0,-31,main_street,minecraft:black_concrete
-11,0,-31,main_street,minecraft:black_concrete
-10,0,-31,main_street,minecraft:black_concrete
-9,0,-31,main_street,minecraft:black_concrete
-8,0,-31,main_street,minecraft:black_concrete
-7,0,-31,main_street,minecraft:black_concrete
-6,0,-31,main_street,minecraft:black_concrete
-5,0,-31,main_street,minecraft:black_concrete
-4,0,-31,main_street,minecraft:black_concrete
-3,0,-31,main_street,minecraft:black_concrete
-2,0,-31,main_street,minecraft:black_concrete
-1,0,-31,main_street,minecraft:black_concrete
0,0,-31,main_street,minecraft:black_concrete
1,0,-31,main_street,minecraft:black_concrete
2,0,-31,main_street,minecraft:black_concrete
3,0,-31,main_street,minecraft:black_concrete
4,0,-31,main_street,minecraft:black_concrete
5,0,-31,main_street,minecraft:black_concrete
6,0,-31,main_street,minecraft:black_concrete
7,0,-31,main_street,minecraft:black_concrete
8,0,-31,main_street,minecraft:black_concrete
9,0,-31,main_street,minecraft:black_concrete
10,0,-31,main_street,minecraft:black_concrete
11,0,-31,main_street,minecraft:black_concrete
12,0,-31,sidewalk,minecraft:smooth_stone
13,0,-31,sidewalk,minecraft:smooth_stone
14,0,-31,sidewalk,minecraft:smooth_stone
15,0,-31,building_footprint,minecraft:orange_concrete
16,0,-31,building_footprint,minecraft:orange_concrete
17,0,-31,building_footprint,minecraft:orange_concrete
18,0,-31,building_footprint,minecraft:orange_concrete
19,0,-31,building_footprint,minecraft:orange_concrete
20,0,-31,building_footprint,minecraft:orange_concrete
21,0,-31,building_footprint,minecraft:orange_concrete
22,0,-31,building_footprint,minecraft:orange_concrete
23,0,-31,building_footprint,minecraft:orange_concrete
24,0,-31,building_footprint,minecraft:orange_concrete
25,0,-31,building_footprint,minecraft:orange_concrete
26,0,-31,building_footprint,minecraft:orange_concrete
27,0,-31,building_footprint,minecraft:orange_concrete
28,0,-31,building_footprint,minecraft:orange_concrete
29,0,-31,building_footprint,minecraft:orange_concrete
30,0,-31,building_footprint,minecraft:orange_concrete
31,0,-31,building_footprint,minecraft:orange_concrete
32,0,-31,building_footprint,minecraft:orange_concrete
33,0,-31,building_footprint,minecraft:orange_concrete
34,0,-31,building_footprint,minecraft:orange_concrete
35,0,-31,building_footprint,minecraft:orange_concrete
36,0,-31,building_footprint,minecraft:orange_concrete
37,0,-31,building_footprint,minecraft:orange_concrete
38,0,-31,building_footprint,minecraft:orange_concrete
39,0,-31,building_footprint,minecraft:orange_concrete
40,0,-31,building_footprint,minecraft:orange_concrete
41,0,-31,building_footprint,minecraft:orange_concrete
48,0,-31,building_footprint,minecraft:orange_concrete
49,0,-31,building_footprint,minecraft:orange_concrete
50,0,-31,building_footprint,minecraft:orange_concrete
51,0,-31,building_footprint,minecraft:orange_concrete
52,0,-31,building_footprint,minecraft:orange_concrete
53,0,-31,building_footprint,minecraft:orange_concrete
54,0,-31,building_footprint,minecraft:orange_concrete
55,0,-31,building_footprint,minecraft:orange_concrete
66,0,-31,alley,minecraft:polished_andesite
67,0,-31,alley,minecraft:polished_andesite
68,0,-31,alley,minecraft:polished_andesite
69,0,-31,alley,minecraft:polished_andesite
-71,0,-30,alley,minecraft:polished_andesite
-70,0,-30,alley,minecraft:polished_andesite
-69,0,-30,alley,minecraft:polished_andesite
-68,0,-30,alley,minecraft:polished_andesite
-16,0,-30,sidewalk,minecraft:smooth_stone
-15,0,-30,sidewalk,minecraft:smooth_stone
-14,0,-30,sidewalk,minecraft:smooth_stone
-13,0,-30,main_street,minecraft:black_concrete
-12,0,-30,main_street,minecraft:black_concrete
-11,0,-30,main_street,minecraft:black_concrete
-10,0,-30,main_street,minecraft:black_concrete
-9,0,-30,main_street,minecraft:black_concrete
-8,0,-30,main_street,minecraft:black_concrete
-7,0,-30,main_street,minecraft:black_concrete
-6,0,-30,main_street,minecraft:black_concrete
-5,0,-30,main_street,minecraft:black_concrete
-4,0,-30,main_street,minecraft:black_concrete
-3,0,-30,main_street,minecraft:black_concrete
-2,0,-30,main_street,minecraft:black_concrete
-1,0,-30,main_street,minecraft:black_concrete
0,0,-30,main_street,minecraft:black_concrete
1,0,-30,main_street,minecraft:black_concrete
2,0,-30,main_street,minecraft:black_concrete
3,0,-30,main_street,minecraft:black_concrete
4,0,-30,main_street,minecraft:black_concrete
5,0,-30,main_street,minecraft:black_concrete
6,0,-30,main_street,minecraft:black_concrete
7,0,-30,main_street,minecraft:black_concrete
8,0,-30,main_street,minecraft:black_concrete
9,0,-30,main_street,minecraft:black_concrete
10,0,-30,main_street,minecraft:black_concrete
11,0,-30,main_street,minecraft:black_concrete
12,0,-30,sidewalk,minecraft:smooth_stone
13,0,-30,sidewalk,minecraft:smooth_stone
14,0,-30,sidewalk,minecraft:smooth_stone
15,0,-30,building_footprint,minecraft:orange_concrete
16,0,-30,building_footprint,minecraft:orange_concrete
17,0,-30,building_footprint,minecraft:orange_concrete
18,0,-30,building_footprint,minecraft:orange_concrete
19,0,-30,building_footprint,minecraft:orange_concrete
20,0,-30,building_footprint,minecraft:orange_concrete
21,0,-30,building_footprint,minecraft:orange_concrete
22,0,-30,building_footprint,minecraft:orange_concrete
23,0,-30,building_footprint,minecraft:orange_concrete
31,0,-30,building_footprint,minecraft:orange_concrete
32,0,-30,building_footprint,minecraft:orange_concrete
33,0,-30,building_footprint,minecraft:orange_concrete
34,0,-30,building_footprint,minecraft:orange_concrete
35,0,-30,building_footprint,minecraft:orange_concrete
36,0,-30,building_footprint,minecraft:orange_concrete
37,0,-30,building_footprint,minecraft:orange_concrete
38,0,-30,building_footprint,minecraft:orange_concrete
39,0,-30,building_footprint,minecraft:orange_concrete
40,0,-30,building_footprint,minecraft:orange_concrete
41,0,-30,building_footprint,minecraft:orange_concrete
48,0,-30,building_footprint,minecraft:orange_concrete
49,0,-30,building_footprint,minecraft:orange_concrete
50,0,-30,building_footprint,minecraft:orange_concrete
51,0,-30,building_footprint,minecraft:orange_concrete
52,0,-30,building_footprint,minecraft:orange_concrete
53,0,-30,building_footprint,minecraft:orange_concrete
54,0,-30,building_footprint,minecraft:orange_concrete
55,0,-30,building_footprint,minecraft:orange_concrete
66,0,-30,alley,minecraft:polished_andesite
67,0,-30,alley,minecraft:polished_andesite
68,0,-30,alley,minecraft:polished_andesite
69,0,-30,alley,minecraft:polished_andesite
-71,0,-29,alley,minecraft:polished_andesite
-70,0,-29,alley,minecraft:polished_andesite
-69,0,-29,alley,minecraft:polished_andesite
-68,0,-29,alley,minecraft:polished_andesite
-16,0,-29,sidewalk,minecraft:smooth_stone
-15,0,-29,sidewalk,minecraft:smooth_stone
-14,0,-29,sidewalk,minecraft:smooth_stone
-13,0,-29,main_street,minecraft:black_concrete
-12,0,-29,main_street,minecraft:black_concrete
-11,0,-29,main_street,minecraft:black_concrete
-10,0,-29,main_street,minecraft:black_concrete
-9,0,-29,main_street,minecraft:black_concrete
-8,0,-29,main_street,minecraft:black_concrete
-7,0,-29,main_street,minecraft:black_concrete
-6,0,-29,main_street,minecraft:black_concrete
-5,0,-29,main_street,minecraft:black_concrete
-4,0,-29,main_street,minecraft:black_concrete
-3,0,-29,main_street,minecraft:black_concrete
-2,0,-29,main_street,minecraft:black_concrete
-1,0,-29,main_street,minecraft:black_concrete
0,0,-29,main_street,minecraft:black_concrete
1,0,-29,main_street,minecraft:black_concrete
2,0,-29,main_street,minecraft:black_concrete
3,0,-29,main_street,minecraft:black_concrete
4,0,-29,main_street,minecraft:black_concrete
5,0,-29,main_street,minecraft:black_concrete
6,0,-29,main_street,minecraft:black_concrete
7,0,-29,main_street,minecraft:black_concrete
8,0,-29,main_street,minecraft:black_concrete
9,0,-29,main_street,minecraft:black_concrete
10,0,-29,main_street,minecraft:black_concrete
11,0,-29,main_street,minecraft:black_concrete
12,0,-29,sidewalk,minecraft:smooth_stone
13,0,-29,sidewalk,minecraft:smooth_stone
14,0,-29,sidewalk,minecraft:smooth_stone
15,0,-29,building_footprint,minecraft:orange_concrete
16,0,-29,building_footprint,minecraft:orange_concrete
17,0,-29,building_footprint,minecraft:orange_concrete
18,0,-29,building_footprint,minecraft:orange_concrete
19,0,-29,building_footprint,minecraft:orange_concrete
20,0,-29,building_footprint,minecraft:orange_concrete
21,0,-29,building_footprint,minecraft:orange_concrete
22,0,-29,building_footprint,minecraft:orange_concrete
23,0,-29,building_footprint,minecraft:orange_concrete
24,0,-29,building_footprint,minecraft:orange_concrete
25,0,-29,building_footprint,minecraft:orange_concrete
26,0,-29,building_footprint,minecraft:orange_concrete
27,0,-29,building_footprint,minecraft:orange_concrete
28,0,-29,building_footprint,minecraft:orange_concrete
29,0,-29,building_footprint,minecraft:orange_concrete
30,0,-29,building_footprint,minecraft:orange_concrete
31,0,-29,building_footprint,minecraft:orange_concrete
32,0,-29,building_footprint,minecraft:orange_concrete
33,0,-29,building_footprint,minecraft:orange_concrete
34,0,-29,building_footprint,minecraft:orange_concrete
35,0,-29,building_footprint,minecraft:orange_concrete
36,0,-29,building_footprint,minecraft:orange_concrete
37,0,-29,building_footprint,minecraft:orange_concrete
38,0,-29,building_footprint,minecraft:orange_concrete
66,0,-29,alley,minecraft:polished_andesite
67,0,-29,alley,minecraft:polished_andesite
68,0,-29,alley,minecraft:polished_andesite
69,0,-29,alley,minecraft:polished_andesite
-71,0,-28,alley,minecraft:polished_andesite
-70,0,-28,alley,minecraft:polished_andesite
-69,0,-28,alley,minecraft:polished_andesite
-68,0,-28,alley,minecraft:polished_andesite
-23,0,-28,building_footprint,minecraft:orange_concrete
-22,0,-28,building_footprint,minecraft:orange_concrete
-21,0,-28,building_footprint,minecraft:orange_concrete
-20,0,-28,building_footprint,minecraft:orange_concrete
-19,0,-28,building_footprint,minecraft:orange_concrete
-16,0,-28,sidewalk,minecraft:smooth_stone
-15,0,-28,sidewalk,minecraft:smooth_stone
-14,0,-28,sidewalk,minecraft:smooth_stone
-13,0,-28,main_street,minecraft:black_concrete
-12,0,-28,main_street,minecraft:black_concrete
-11,0,-28,main_street,minecraft:black_concrete
-10,0,-28,main_street,minecraft:black_concrete
-9,0,-28,main_street,minecraft:black_concrete
-8,0,-28,main_street,minecraft:black_concrete
-7,0,-28,main_street,minecraft:black_concrete
-6,0,-28,main_street,minecraft:black_concrete
-5,0,-28,main_street,minecraft:black_concrete
-4,0,-28,main_street,minecraft:black_concrete
-3,0,-28,main_street,minecraft:black_concrete
-2,0,-28,main_street,minecraft:black_concrete
-1,0,-28,main_street,minecraft:black_concrete
0,0,-28,main_street,minecraft:black_concrete
1,0,-28,main_street,minecraft:black_concrete
2,0,-28,main_street,minecraft:black_concrete
3,0,-28,main_street,minecraft:black_concrete
4,0,-28,main_street,minecraft:black_concrete
5,0,-28,main_street,minecraft:black_concrete
6,0,-28,main_street,minecraft:black_concrete
7,0,-28,main_street,minecraft:black_concrete
8,0,-28,main_street,minecraft:black_concrete
9,0,-28,main_street,minecraft:black_concrete
10,0,-28,main_street,minecraft:black_concrete
11,0,-28,main_street,minecraft:black_concrete
12,0,-28,sidewalk,minecraft:smooth_stone
13,0,-28,sidewalk,minecraft:smooth_stone
14,0,-28,sidewalk,minecraft:smooth_stone
15,0,-28,building_footprint,minecraft:orange_concrete
16,0,-28,building_footprint,minecraft:orange_concrete
17,0,-28,building_footprint,minecraft:orange_concrete
18,0,-28,building_footprint,minecraft:orange_concrete
19,0,-28,building_footprint,minecraft:orange_concrete
20,0,-28,building_footprint,minecraft:orange_concrete
21,0,-28,building_footprint,minecraft:orange_concrete
22,0,-28,building_footprint,minecraft:orange_concrete
23,0,-28,building_footprint,minecraft:orange_concrete
24,0,-28,building_footprint,minecraft:orange_concrete
25,0,-28,building_footprint,minecraft:orange_concrete
26,0,-28,building_footprint,minecraft:orange_concrete
27,0,-28,building_footprint,minecraft:orange_concrete
28,0,-28,building_footprint,minecraft:orange_concrete
29,0,-28,building_footprint,minecraft:orange_concrete
30,0,-28,building_footprint,minecraft:orange_concrete
31,0,-28,building_footprint,minecraft:orange_concrete
32,0,-28,building_footprint,minecraft:orange_concrete
33,0,-28,building_footprint,minecraft:orange_concrete
34,0,-28,building_footprint,minecraft:orange_concrete
35,0,-28,building_footprint,minecraft:orange_concrete
36,0,-28,building_footprint,minecraft:orange_concrete
37,0,-28,building_footprint,minecraft:orange_concrete
38,0,-28,building_footprint,minecraft:orange_concrete
66,0,-28,alley,minecraft:polished_andesite
67,0,-28,alley,minecraft:polished_andesite
68,0,-28,alley,minecraft:polished_andesite
69,0,-28,alley,minecraft:polished_andesite
-71,0,-27,alley,minecraft:polished_andesite
-70,0,-27,alley,minecraft:polished_andesite
-69,0,-27,alley,minecraft:polished_andesite
-68,0,-27,alley,minecraft:polished_andesite
-29,0,-27,building_footprint,minecraft:orange_concrete
-28,0,-27,building_footprint,minecraft:orange_concrete
-23,0,-27,building_footprint,minecraft:orange_concrete
-22,0,-27,building_footprint,minecraft:orange_concrete
-21,0,-27,building_footprint,minecraft:orange_concrete
-20,0,-27,building_footprint,minecraft:orange_concrete
-19,0,-27,building_footprint,minecraft:orange_concrete
-16,0,-27,sidewalk,minecraft:smooth_stone
-15,0,-27,sidewalk,minecraft:smooth_stone
-14,0,-27,sidewalk,minecraft:smooth_stone
-13,0,-27,main_street,minecraft:black_concrete
-12,0,-27,main_street,minecraft:black_concrete
-11,0,-27,main_street,minecraft:black_concrete
-10,0,-27,main_street,minecraft:black_concrete
-9,0,-27,main_street,minecraft:black_concrete
-8,0,-27,main_street,minecraft:black_concrete
-7,0,-27,main_street,minecraft:black_concrete
-6,0,-27,main_street,minecraft:black_concrete
-5,0,-27,main_street,minecraft:black_concrete
-4,0,-27,main_street,minecraft:black_concrete
-3,0,-27,main_street,minecraft:black_concrete
-2,0,-27,main_street,minecraft:black_concrete
-1,0,-27,main_street,minecraft:black_concrete
0,0,-27,main_street,minecraft:black_concrete
1,0,-27,main_street,minecraft:black_concrete
2,0,-27,main_street,minecraft:black_concrete
3,0,-27,main_street,minecraft:black_concrete
4,0,-27,main_street,minecraft:black_concrete
5,0,-27,main_street,minecraft:black_concrete
6,0,-27,main_street,minecraft:black_concrete
7,0,-27,main_street,minecraft:black_concrete
8,0,-27,main_street,minecraft:black_concrete
9,0,-27,main_street,minecraft:black_concrete
10,0,-27,main_street,minecraft:black_concrete
11,0,-27,main_street,minecraft:black_concrete
12,0,-27,sidewalk,minecraft:smooth_stone
13,0,-27,sidewalk,minecraft:smooth_stone
14,0,-27,sidewalk,minecraft:smooth_stone
15,0,-27,building_footprint,minecraft:orange_concrete
16,0,-27,building_footprint,minecraft:orange_concrete
17,0,-27,building_footprint,minecraft:orange_concrete
18,0,-27,building_footprint,minecraft:orange_concrete
19,0,-27,building_footprint,minecraft:orange_concrete
20,0,-27,building_footprint,minecraft:orange_concrete
21,0,-27,building_footprint,minecraft:orange_concrete
22,0,-27,building_footprint,minecraft:orange_concrete
23,0,-27,building_footprint,minecraft:orange_concrete
24,0,-27,building_footprint,minecraft:orange_concrete
25,0,-27,building_footprint,minecraft:orange_concrete
26,0,-27,building_footprint,minecraft:orange_concrete
27,0,-27,building_footprint,minecraft:orange_concrete
28,0,-27,building_footprint,minecraft:orange_concrete
29,0,-27,building_footprint,minecraft:orange_concrete
30,0,-27,building_footprint,minecraft:orange_concrete
31,0,-27,building_footprint,minecraft:orange_concrete
32,0,-27,building_footprint,minecraft:orange_concrete
33,0,-27,building_footprint,minecraft:orange_concrete
34,0,-27,building_footprint,minecraft:orange_concrete
35,0,-27,building_footprint,minecraft:orange_concrete
36,0,-27,building_footprint,minecraft:orange_concrete
37,0,-27,building_footprint,minecraft:orange_concrete
38,0,-27,building_footprint,minecraft:orange_concrete
66,0,-27,alley,minecraft:polished_andesite
67,0,-27,alley,minecraft:polished_andesite
68,0,-27,alley,minecraft:polished_andesite
69,0,-27,alley,minecraft:polished_andesite
-71,0,-26,alley,minecraft:polished_andesite
-70,0,-26,alley,minecraft:polished_andesite
-69,0,-26,alley,minecraft:polished_andesite
-68,0,-26,alley,minecraft:polished_andesite
-31,0,-26,building_footprint,minecraft:orange_concrete
-30,0,-26,building_footprint,minecraft:orange_concrete
-29,0,-26,building_footprint,minecraft:orange_concrete
-28,0,-26,building_footprint,minecraft:orange_concrete
-27,0,-26,building_footprint,minecraft:orange_concrete
-26,0,-26,building_footprint,minecraft:orange_concrete
-25,0,-26,building_footprint,minecraft:orange_concrete
-24,0,-26,building_footprint,minecraft:orange_concrete
-23,0,-26,building_footprint,minecraft:orange_concrete
-22,0,-26,building_footprint,minecraft:orange_concrete
-21,0,-26,building_footprint,minecraft:orange_concrete
-20,0,-26,building_footprint,minecraft:orange_concrete
-19,0,-26,building_footprint,minecraft:orange_concrete
-18,0,-26,building_footprint,minecraft:orange_concrete
-17,0,-26,building_footprint,minecraft:orange_concrete
-16,0,-26,sidewalk,minecraft:smooth_stone
-15,0,-26,sidewalk,minecraft:smooth_stone
-14,0,-26,sidewalk,minecraft:smooth_stone
-13,0,-26,main_street,minecraft:black_concrete
-12,0,-26,main_street,minecraft:black_concrete
-11,0,-26,main_street,minecraft:black_concrete
-10,0,-26,main_street,minecraft:black_concrete
-9,0,-26,main_street,minecraft:black_concrete
-8,0,-26,main_street,minecraft:black_concrete
-7,0,-26,main_street,minecraft:black_concrete
-6,0,-26,main_street,minecraft:black_concrete
-5,0,-26,main_street,minecraft:black_concrete
-4,0,-26,main_street,minecraft:black_concrete
-3,0,-26,main_street,minecraft:black_concrete
-2,0,-26,main_street,minecraft:black_concrete
-1,0,-26,main_street,minecraft:black_concrete
0,0,-26,main_street,minecraft:black_concrete
1,0,-26,main_street,minecraft:black_concrete
2,0,-26,main_street,minecraft:black_concrete
3,0,-26,main_street,minecraft:black_concrete
4,0,-26,main_street,minecraft:black_concrete
5,0,-26,main_street,minecraft:black_concrete
6,0,-26,main_street,minecraft:black_concrete
7,0,-26,main_street,minecraft:black_concrete
8,0,-26,main_street,minecraft:black_concrete
9,0,-26,main_street,minecraft:black_concrete
10,0,-26,main_street,minecraft:black_concrete
11,0,-26,main_street,minecraft:black_concrete
12,0,-26,sidewalk,minecraft:smooth_stone
13,0,-26,sidewalk,minecraft:smooth_stone
14,0,-26,sidewalk,minecraft:smooth_stone
15,0,-26,building_footprint,minecraft:orange_concrete
16,0,-26,building_footprint,minecraft:orange_concrete
17,0,-26,building_footprint,minecraft:orange_concrete
18,0,-26,building_footprint,minecraft:orange_concrete
19,0,-26,building_footprint,minecraft:orange_concrete
20,0,-26,building_footprint,minecraft:orange_concrete
21,0,-26,building_footprint,minecraft:orange_concrete
22,0,-26,building_footprint,minecraft:orange_concrete
23,0,-26,building_footprint,minecraft:orange_concrete
24,0,-26,building_footprint,minecraft:orange_concrete
25,0,-26,building_footprint,minecraft:orange_concrete
26,0,-26,building_footprint,minecraft:orange_concrete
27,0,-26,building_footprint,minecraft:orange_concrete
28,0,-26,building_footprint,minecraft:orange_concrete
29,0,-26,building_footprint,minecraft:orange_concrete
30,0,-26,building_footprint,minecraft:orange_concrete
31,0,-26,building_footprint,minecraft:orange_concrete
32,0,-26,building_footprint,minecraft:orange_concrete
33,0,-26,building_footprint,minecraft:orange_concrete
34,0,-26,building_footprint,minecraft:orange_concrete
35,0,-26,building_footprint,minecraft:orange_concrete
36,0,-26,building_footprint,minecraft:orange_concrete
37,0,-26,building_footprint,minecraft:orange_concrete
38,0,-26,building_footprint,minecraft:orange_concrete
66,0,-26,alley,minecraft:polished_andesite
67,0,-26,alley,minecraft:polished_andesite
68,0,-26,alley,minecraft:polished_andesite
69,0,-26,alley,minecraft:polished_andesite
-71,0,-25,alley,minecraft:polished_andesite
-70,0,-25,alley,minecraft:polished_andesite
-69,0,-25,alley,minecraft:polished_andesite
-68,0,-25,alley,minecraft:polished_andesite
-31,0,-25,building_footprint,minecraft:orange_concrete
-30,0,-25,building_footprint,minecraft:orange_concrete
-29,0,-25,building_footprint,minecraft:orange_concrete
-28,0,-25,building_footprint,minecraft:orange_concrete
-27,0,-25,building_footprint,minecraft:orange_concrete
-26,0,-25,building_footprint,minecraft:orange_concrete
-25,0,-25,building_footprint,minecraft:orange_concrete
-24,0,-25,building_footprint,minecraft:orange_concrete
-23,0,-25,building_footprint,minecraft:orange_concrete
-22,0,-25,building_footprint,minecraft:orange_concrete
-21,0,-25,building_footprint,minecraft:orange_concrete
-20,0,-25,building_footprint,minecraft:orange_concrete
-19,0,-25,building_footprint,minecraft:orange_concrete
-18,0,-25,building_footprint,minecraft:orange_concrete
-17,0,-25,building_footprint,minecraft:orange_concrete
-16,0,-25,sidewalk,minecraft:smooth_stone
-15,0,-25,sidewalk,minecraft:smooth_stone
-14,0,-25,sidewalk,minecraft:smooth_stone
-13,0,-25,main_street,minecraft:black_concrete
-12,0,-25,main_street,minecraft:black_concrete
-11,0,-25,main_street,minecraft:black_concrete
-10,0,-25,main_street,minecraft:black_concrete
-9,0,-25,main_street,minecraft:black_concrete
-8,0,-25,main_street,minecraft:black_concrete
-7,0,-25,main_street,minecraft:black_concrete
-6,0,-25,main_street,minecraft:black_concrete
-5,0,-25,main_street,minecraft:black_concrete
-4,0,-25,main_street,minecraft:black_concrete
-3,0,-25,main_street,minecraft:black_concrete
-2,0,-25,main_street,minecraft:black_concrete
-1,0,-25,main_street,minecraft:black_concrete
0,0,-25,main_street,minecraft:black_concrete
1,0,-25,main_street,minecraft:black_concrete
2,0,-25,main_street,minecraft:black_concrete
3,0,-25,main_street,minecraft:black_concrete
4,0,-25,main_street,minecraft:black_concrete
5,0,-25,main_street,minecraft:black_concrete
6,0,-25,main_street,minecraft:black_concrete
7,0,-25,main_street,minecraft:black_concrete
8,0,-25,main_street,minecraft:black_concrete
9,0,-25,main_street,minecraft:black_concrete
10,0,-25,main_street,minecraft:black_concrete
11,0,-25,main_street,minecraft:black_concrete
12,0,-25,sidewalk,minecraft:smooth_stone
13,0,-25,sidewalk,minecraft:smooth_stone
14,0,-25,sidewalk,minecraft:smooth_stone
15,0,-25,building_footprint,minecraft:orange_concrete
16,0,-25,building_footprint,minecraft:orange_concrete
17,0,-25,building_footprint,minecraft:orange_concrete
18,0,-25,building_footprint,minecraft:orange_concrete
19,0,-25,building_footprint,minecraft:orange_concrete
20,0,-25,building_footprint,minecraft:orange_concrete
21,0,-25,building_footprint,minecraft:orange_concrete
22,0,-25,building_footprint,minecraft:orange_concrete
23,0,-25,building_footprint,minecraft:orange_concrete
24,0,-25,building_footprint,minecraft:orange_concrete
25,0,-25,building_footprint,minecraft:orange_concrete
26,0,-25,building_footprint,minecraft:orange_concrete
27,0,-25,building_footprint,minecraft:orange_concrete
28,0,-25,building_footprint,minecraft:orange_concrete
29,0,-25,building_footprint,minecraft:orange_concrete
30,0,-25,building_footprint,minecraft:orange_concrete
31,0,-25,building_footprint,minecraft:orange_concrete
32,0,-25,building_footprint,minecraft:orange_concrete
33,0,-25,building_footprint,minecraft:orange_concrete
34,0,-25,building_footprint,minecraft:orange_concrete
35,0,-25,building_footprint,minecraft:orange_concrete
36,0,-25,building_footprint,minecraft:orange_concrete
37,0,-25,building_footprint,minecraft:orange_concrete
38,0,-25,building_footprint,minecraft:orange_concrete
66,0,-25,alley,minecraft:polished_andesite
67,0,-25,alley,minecraft:polished_andesite
68,0,-25,alley,minecraft:polished_andesite
69,0,-25,alley,minecraft:polished_andesite
-71,0,-24,alley,minecraft:polished_andesite
-70,0,-24,alley,minecraft:polished_andesite
-69,0,-24,alley,minecraft:polished_andesite
-68,0,-24,alley,minecraft:polished_andesite
-31,0,-24,building_footprint,minecraft:orange_concrete
-30,0,-24,building_footprint,minecraft:orange_concrete
-29,0,-24,building_footprint,minecraft:orange_concrete
-28,0,-24,building_footprint,minecraft:orange_concrete
-27,0,-24,building_footprint,minecraft:orange_concrete
-26,0,-24,building_footprint,minecraft:orange_concrete
-25,0,-24,building_footprint,minecraft:orange_concrete
-24,0,-24,building_footprint,minecraft:orange_concrete
-23,0,-24,building_footprint,minecraft:orange_concrete
-22,0,-24,building_footprint,minecraft:orange_concrete
-21,0,-24,building_footprint,minecraft:orange_concrete
-20,0,-24,building_footprint,minecraft:orange_concrete
-19,0,-24,building_footprint,minecraft:orange_concrete
-18,0,-24,building_footprint,minecraft:orange_concrete
-17,0,-24,building_footprint,minecraft:orange_concrete
-16,0,-24,sidewalk,minecraft:smooth_stone
-15,0,-24,sidewalk,minecraft:smooth_stone
-14,0,-24,sidewalk,minecraft:smooth_stone
-13,0,-24,main_street,minecraft:black_concrete
-12,0,-24,main_street,minecraft:black_concrete
-11,0,-24,main_street,minecraft:black_concrete
-10,0,-24,main_street,minecraft:black_concrete
-9,0,-24,main_street,minecraft:black_concrete
-8,0,-24,main_street,minecraft:black_concrete
-7,0,-24,main_street,minecraft:black_concrete
-6,0,-24,main_street,minecraft:black_concrete
-5,0,-24,main_street,minecraft:black_concrete
-4,0,-24,main_street,minecraft:black_concrete
-3,0,-24,main_street,minecraft:black_concrete
-2,0,-24,main_street,minecraft:black_concrete
-1,0,-24,main_street,minecraft:black_concrete
0,0,-24,main_street,minecraft:black_concrete
1,0,-24,main_street,minecraft:black_concrete
2,0,-24,main_street,minecraft:black_concrete
3,0,-24,main_street,minecraft:black_concrete
4,0,-24,main_street,minecraft:black_concrete
5,0,-24,main_street,minecraft:black_concrete
6,0,-24,main_street,minecraft:black_concrete
7,0,-24,main_street,minecraft:black_concrete
8,0,-24,main_street,minecraft:black_concrete
9,0,-24,main_street,minecraft:black_concrete
10,0,-24,main_street,minecraft:black_concrete
11,0,-24,main_street,minecraft:black_concrete
12,0,-24,sidewalk,minecraft:smooth_stone
13,0,-24,sidewalk,minecraft:smooth_stone
14,0,-24,sidewalk,minecraft:smooth_stone
15,0,-24,building_footprint,minecraft:orange_concrete
16,0,-24,building_footprint,minecraft:orange_concrete
17,0,-24,building_footprint,minecraft:orange_concrete
18,0,-24,building_footprint,minecraft:orange_concrete
19,0,-24,building_footprint,minecraft:orange_concrete
20,0,-24,building_footprint,minecraft:orange_concrete
21,0,-24,building_footprint,minecraft:orange_concrete
22,0,-24,building_footprint,minecraft:orange_concrete
23,0,-24,building_footprint,minecraft:orange_concrete
24,0,-24,building_footprint,minecraft:orange_concrete
25,0,-24,building_footprint,minecraft:orange_concrete
26,0,-24,building_footprint,minecraft:orange_concrete
27,0,-24,building_footprint,minecraft:orange_concrete
28,0,-24,building_footprint,minecraft:orange_concrete
29,0,-24,building_footprint,minecraft:orange_concrete
30,0,-24,building_footprint,minecraft:orange_concrete
31,0,-24,building_footprint,minecraft:orange_concrete
32,0,-24,building_footprint,minecraft:orange_concrete
33,0,-24,building_footprint,minecraft:orange_concrete
34,0,-24,building_footprint,minecraft:orange_concrete
35,0,-24,building_footprint,minecraft:orange_concrete
36,0,-24,building_footprint,minecraft:orange_concrete
37,0,-24,building_footprint,minecraft:orange_concrete
38,0,-24,building_footprint,minecraft:orange_concrete
66,0,-24,alley,minecraft:polished_andesite
67,0,-24,alley,minecraft:polished_andesite
68,0,-24,alley,minecraft:polished_andesite
69,0,-24,alley,minecraft:polished_andesite
-71,0,-23,alley,minecraft:polished_andesite
-70,0,-23,alley,minecraft:polished_andesite
-69,0,-23,alley,minecraft:polished_andesite
-68,0,-23,alley,minecraft:polished_andesite
-31,0,-23,building_footprint,minecraft:orange_concrete
-30,0,-23,building_footprint,minecraft:orange_concrete
-29,0,-23,building_footprint,minecraft:orange_concrete
-28,0,-23,building_footprint,minecraft:orange_concrete
-27,0,-23,building_footprint,minecraft:orange_concrete
-26,0,-23,building_footprint,minecraft:orange_concrete
-25,0,-23,building_footprint,minecraft:orange_concrete
-24,0,-23,building_footprint,minecraft:orange_concrete
-23,0,-23,building_footprint,minecraft:orange_concrete
-22,0,-23,building_footprint,minecraft:orange_concrete
-21,0,-23,building_footprint,minecraft:orange_concrete
-20,0,-23,building_footprint,minecraft:orange_concrete
-19,0,-23,building_footprint,minecraft:orange_concrete
-18,0,-23,building_footprint,minecraft:orange_concrete
-17,0,-23,building_footprint,minecraft:orange_concrete
-16,0,-23,sidewalk,minecraft:smooth_stone
-15,0,-23,sidewalk,minecraft:smooth_stone
-14,0,-23,sidewalk,minecraft:smooth_stone
-13,0,-23,main_street,minecraft:black_concrete
-12,0,-23,main_street,minecraft:black_concrete
-11,0,-23,main_street,minecraft:black_concrete
-10,0,-23,main_street,minecraft:black_concrete
-9,0,-23,main_street,minecraft:black_concrete
-8,0,-23,main_street,minecraft:black_concrete
-7,0,-23,main_street,minecraft:black_concrete
-6,0,-23,main_street,minecraft:black_concrete
-5,0,-23,main_street,minecraft:black_concrete
-4,0,-23,main_street,minecraft:black_concrete
-3,0,-23,main_street,minecraft:black_concrete
-2,0,-23,main_street,minecraft:black_concrete
-1,0,-23,main_street,minecraft:black_concrete
0,0,-23,main_street,minecraft:black_concrete
1,0,-23,main_street,minecraft:black_concrete
2,0,-23,main_street,minecraft:black_concrete
3,0,-23,main_street,minecraft:black_concrete
4,0,-23,main_street,minecraft:black_concrete
5,0,-23,main_street,minecraft:black_concrete
6,0,-23,main_street,minecraft:black_concrete
7,0,-23,main_street,minecraft:black_concrete
8,0,-23,main_street,minecraft:black_concrete
9,0,-23,main_street,minecraft:black_concrete
10,0,-23,main_street,minecraft:black_concrete
11,0,-23,main_street,minecraft:black_concrete
12,0,-23,sidewalk,minecraft:smooth_stone
13,0,-23,sidewalk,minecraft:smooth_stone
14,0,-23,sidewalk,minecraft:smooth_stone
15,0,-23,building_footprint,minecraft:orange_concrete
16,0,-23,building_footprint,minecraft:orange_concrete
17,0,-23,building_footprint,minecraft:orange_concrete
18,0,-23,building_footprint,minecraft:orange_concrete
19,0,-23,building_footprint,minecraft:orange_concrete
20,0,-23,building_footprint,minecraft:orange_concrete
21,0,-23,building_footprint,minecraft:orange_concrete
22,0,-23,building_footprint,minecraft:orange_concrete
23,0,-23,building_footprint,minecraft:orange_concrete
24,0,-23,building_footprint,minecraft:orange_concrete
25,0,-23,building_footprint,minecraft:orange_concrete
26,0,-23,building_footprint,minecraft:orange_concrete
27,0,-23,building_footprint,minecraft:orange_concrete
28,0,-23,building_footprint,minecraft:orange_concrete
29,0,-23,building_footprint,minecraft:orange_concrete
30,0,-23,building_footprint,minecraft:orange_concrete
31,0,-23,building_footprint,minecraft:orange_concrete
32,0,-23,building_footprint,minecraft:orange_concrete
33,0,-23,building_footprint,minecraft:orange_concrete
34,0,-23,building_footprint,minecraft:orange_concrete
35,0,-23,building_footprint,minecraft:orange_concrete
36,0,-23,building_footprint,minecraft:orange_concrete
37,0,-23,building_footprint,minecraft:orange_concrete
38,0,-23,building_footprint,minecraft:orange_concrete
66,0,-23,alley,minecraft:polished_andesite
67,0,-23,alley,minecraft:polished_andesite
68,0,-23,alley,minecraft:polished_andesite
69,0,-23,alley,minecraft:polished_andesite
-71,0,-22,alley,minecraft:polished_andesite
-70,0,-22,alley,minecraft:polished_andesite
-69,0,-22,alley,minecraft:polished_andesite
-68,0,-22,alley,minecraft:polished_andesite
-31,0,-22,building_footprint,minecraft:orange_concrete
-30,0,-22,building_footprint,minecraft:orange_concrete
-29,0,-22,building_footprint,minecraft:orange_concrete
-28,0,-22,building_footprint,minecraft:orange_concrete
-27,0,-22,building_footprint,minecraft:orange_concrete
-26,0,-22,building_footprint,minecraft:orange_concrete
-25,0,-22,building_footprint,minecraft:orange_concrete
-24,0,-22,building_footprint,minecraft:orange_concrete
-23,0,-22,building_footprint,minecraft:orange_concrete
-22,0,-22,building_footprint,minecraft:orange_concrete
-21,0,-22,building_footprint,minecraft:orange_concrete
-20,0,-22,building_footprint,minecraft:orange_concrete
-19,0,-22,building_footprint,minecraft:orange_concrete
-18,0,-22,building_footprint,minecraft:orange_concrete
-17,0,-22,building_footprint,minecraft:orange_concrete
-16,0,-22,sidewalk,minecraft:smooth_stone
-15,0,-22,sidewalk,minecraft:smooth_stone
-14,0,-22,sidewalk,minecraft:smooth_stone
-13,0,-22,main_street,minecraft:black_concrete
-12,0,-22,main_street,minecraft:black_concrete
-11,0,-22,main_street,minecraft:black_concrete
-10,0,-22,main_street,minecraft:black_concrete
-9,0,-22,main_street,minecraft:black_concrete
-8,0,-22,main_street,minecraft:black_concrete
-7,0,-22,main_street,minecraft:black_concrete
-6,0,-22,main_street,minecraft:black_concrete
-5,0,-22,main_street,minecraft:black_concrete
-4,0,-22,main_street,minecraft:black_concrete
-3,0,-22,main_street,minecraft:black_concrete
-2,0,-22,main_street,minecraft:black_concrete
-1,0,-22,main_street,minecraft:black_concrete
0,0,-22,main_street,minecraft:black_concrete
1,0,-22,main_street,minecraft:black_concrete
2,0,-22,main_street,minecraft:black_concrete
3,0,-22,main_street,minecraft:black_concrete
4,0,-22,main_street,minecraft:black_concrete
5,0,-22,main_street,minecraft:black_concrete
6,0,-22,main_street,minecraft:black_concrete
7,0,-22,main_street,minecraft:black_concrete
8,0,-22,main_street,minecraft:black_concrete
9,0,-22,main_street,minecraft:black_concrete
10,0,-22,main_street,minecraft:black_concrete
11,0,-22,main_street,minecraft:black_concrete
12,0,-22,sidewalk,minecraft:smooth_stone
13,0,-22,sidewalk,minecraft:smooth_stone
14,0,-22,sidewalk,minecraft:smooth_stone
15,0,-22,building_footprint,minecraft:orange_concrete
16,0,-22,building_footprint,minecraft:orange_concrete
17,0,-22,building_footprint,minecraft:orange_concrete
18,0,-22,building_footprint,minecraft:orange_concrete
19,0,-22,building_footprint,minecraft:orange_concrete
20,0,-22,building_footprint,minecraft:orange_concrete
21,0,-22,building_footprint,minecraft:orange_concrete
22,0,-22,building_footprint,minecraft:orange_concrete
23,0,-22,building_footprint,minecraft:orange_concrete
24,0,-22,building_footprint,minecraft:orange_concrete
25,0,-22,building_footprint,minecraft:orange_concrete
26,0,-22,building_footprint,minecraft:orange_concrete
27,0,-22,building_footprint,minecraft:orange_concrete
28,0,-22,building_footprint,minecraft:orange_concrete
29,0,-22,building_footprint,minecraft:orange_concrete
30,0,-22,building_footprint,minecraft:orange_concrete
31,0,-22,building_footprint,minecraft:orange_concrete
32,0,-22,building_footprint,minecraft:orange_concrete
33,0,-22,building_footprint,minecraft:orange_concrete
34,0,-22,building_footprint,minecraft:orange_concrete
35,0,-22,building_footprint,minecraft:orange_concrete
36,0,-22,building_footprint,minecraft:orange_concrete
37,0,-22,building_footprint,minecraft:orange_concrete
38,0,-22,building_footprint,minecraft:orange_concrete
66,0,-22,alley,minecraft:polished_andesite
67,0,-22,alley,minecraft:polished_andesite
68,0,-22,alley,minecraft:polished_andesite
69,0,-22,alley,minecraft:polished_andesite
-71,0,-21,alley,minecraft:polished_andesite
-70,0,-21,alley,minecraft:polished_andesite
-69,0,-21,alley,minecraft:polished_andesite
-68,0,-21,alley,minecraft:polished_andesite
-31,0,-21,building_footprint,minecraft:orange_concrete
-30,0,-21,building_footprint,minecraft:orange_concrete
-29,0,-21,building_footprint,minecraft:orange_concrete
-28,0,-21,building_footprint,minecraft:orange_concrete
-27,0,-21,building_footprint,minecraft:orange_concrete
-26,0,-21,building_footprint,minecraft:orange_concrete
-25,0,-21,building_footprint,minecraft:orange_concrete
-24,0,-21,building_footprint,minecraft:orange_concrete
-23,0,-21,building_footprint,minecraft:orange_concrete
-22,0,-21,building_footprint,minecraft:orange_concrete
-21,0,-21,building_footprint,minecraft:orange_concrete
-20,0,-21,building_footprint,minecraft:orange_concrete
-19,0,-21,building_footprint,minecraft:orange_concrete
-18,0,-21,building_footprint,minecraft:orange_concrete
-17,0,-21,building_footprint,minecraft:orange_concrete
-16,0,-21,sidewalk,minecraft:smooth_stone
-15,0,-21,sidewalk,minecraft:smooth_stone
-14,0,-21,sidewalk,minecraft:smooth_stone
-13,0,-21,main_street,minecraft:black_concrete
-12,0,-21,main_street,minecraft:black_concrete
-11,0,-21,main_street,minecraft:black_concrete
-10,0,-21,main_street,minecraft:black_concrete
-9,0,-21,main_street,minecraft:black_concrete
-8,0,-21,main_street,minecraft:black_concrete
-7,0,-21,main_street,minecraft:black_concrete
-6,0,-21,main_street,minecraft:black_concrete
-5,0,-21,main_street,minecraft:black_concrete
-4,0,-21,main_street,minecraft:black_concrete
-3,0,-21,main_street,minecraft:black_concrete
-2,0,-21,main_street,minecraft:black_concrete
-1,0,-21,main_street,minecraft:black_concrete
0,0,-21,main_street,minecraft:black_concrete
1,0,-21,main_street,minecraft:black_concrete
2,0,-21,main_street,minecraft:black_concrete
3,0,-21,main_street,minecraft:black_concrete
4,0,-21,main_street,minecraft:black_concrete
5,0,-21,main_street,minecraft:black_concrete
6,0,-21,main_street,minecraft:black_concrete
7,0,-21,main_street,minecraft:black_concrete
8,0,-21,main_street,minecraft:black_concrete
9,0,-21,main_street,minecraft:black_concrete
10,0,-21,main_street,minecraft:black_concrete
11,0,-21,main_street,minecraft:black_concrete
12,0,-21,sidewalk,minecraft:smooth_stone
13,0,-21,sidewalk,minecraft:smooth_stone
14,0,-21,sidewalk,minecraft:smooth_stone
15,0,-21,building_footprint,minecraft:orange_concrete
16,0,-21,building_footprint,minecraft:orange_concrete
17,0,-21,building_footprint,minecraft:orange_concrete
18,0,-21,building_footprint,minecraft:orange_concrete
19,0,-21,building_footprint,minecraft:orange_concrete
20,0,-21,building_footprint,minecraft:orange_concrete
21,0,-21,building_footprint,minecraft:orange_concrete
22,0,-21,building_footprint,minecraft:orange_concrete
23,0,-21,building_footprint,minecraft:orange_concrete
24,0,-21,building_footprint,minecraft:orange_concrete
25,0,-21,building_footprint,minecraft:orange_concrete
26,0,-21,building_footprint,minecraft:orange_concrete
27,0,-21,building_footprint,minecraft:orange_concrete
28,0,-21,building_footprint,minecraft:orange_concrete
29,0,-21,building_footprint,minecraft:orange_concrete
30,0,-21,building_footprint,minecraft:orange_concrete
31,0,-21,building_footprint,minecraft:orange_concrete
32,0,-21,building_footprint,minecraft:orange_concrete
33,0,-21,building_footprint,minecraft:orange_concrete
34,0,-21,building_footprint,minecraft:orange_concrete
35,0,-21,building_footprint,minecraft:orange_concrete
36,0,-21,building_footprint,minecraft:orange_concrete
37,0,-21,building_footprint,minecraft:orange_concrete
38,0,-21,building_footprint,minecraft:orange_concrete
66,0,-21,alley,minecraft:polished_andesite
67,0,-21,alley,minecraft:polished_andesite
68,0,-21,alley,minecraft:polished_andesite
69,0,-21,alley,minecraft:polished_andesite
-71,0,-20,alley,minecraft:polished_andesite
-70,0,-20,alley,minecraft:polished_andesite
-69,0,-20,alley,minecraft:polished_andesite
-68,0,-20,alley,minecraft:polished_andesite
-31,0,-20,building_footprint,minecraft:orange_concrete
-30,0,-20,building_footprint,minecraft:orange_concrete
-29,0,-20,building_footprint,minecraft:orange_concrete
-28,0,-20,building_footprint,minecraft:orange_concrete
-27,0,-20,building_footprint,minecraft:orange_concrete
-26,0,-20,building_footprint,minecraft:orange_concrete
-25,0,-20,building_footprint,minecraft:orange_concrete
-24,0,-20,building_footprint,minecraft:orange_concrete
-23,0,-20,building_footprint,minecraft:orange_concrete
-22,0,-20,building_footprint,minecraft:orange_concrete
-21,0,-20,building_footprint,minecraft:orange_concrete
-20,0,-20,building_footprint,minecraft:orange_concrete
-19,0,-20,building_footprint,minecraft:orange_concrete
-18,0,-20,building_footprint,minecraft:orange_concrete
-17,0,-20,building_footprint,minecraft:orange_concrete
-16,0,-20,sidewalk,minecraft:smooth_stone
-15,0,-20,sidewalk,minecraft:smooth_stone
-14,0,-20,sidewalk,minecraft:smooth_stone
-13,0,-20,main_street,minecraft:black_concrete
-12,0,-20,main_street,minecraft:black_concrete
-11,0,-20,main_street,minecraft:black_concrete
-10,0,-20,main_street,minecraft:black_concrete
-9,0,-20,main_street,minecraft:black_concrete
-8,0,-20,main_street,minecraft:black_concrete
-7,0,-20,main_street,minecraft:black_concrete
-6,0,-20,main_street,minecraft:black_concrete
-5,0,-20,main_street,minecraft:black_concrete
-4,0,-20,main_street,minecraft:black_concrete
-3,0,-20,main_street,minecraft:black_concrete
-2,0,-20,main_street,minecraft:black_concrete
-1,0,-20,main_street,minecraft:black_concrete
0,0,-20,main_street,minecraft:black_concrete
1,0,-20,main_street,minecraft:black_concrete
2,0,-20,main_street,minecraft:black_concrete
3,0,-20,main_street,minecraft:black_concrete
4,0,-20,main_street,minecraft:black_concrete
5,0,-20,main_street,minecraft:black_concrete
6,0,-20,main_street,minecraft:black_concrete
7,0,-20,main_street,minecraft:black_concrete
8,0,-20,main_street,minecraft:black_concrete
9,0,-20,main_street,minecraft:black_concrete
10,0,-20,main_street,minecraft:black_concrete
11,0,-20,main_street,minecraft:black_concrete
12,0,-20,sidewalk,minecraft:smooth_stone
13,0,-20,sidewalk,minecraft:smooth_stone
14,0,-20,sidewalk,minecraft:smooth_stone
15,0,-20,building_footprint,minecraft:orange_concrete
16,0,-20,building_footprint,minecraft:orange_concrete
17,0,-20,building_footprint,minecraft:orange_concrete
18,0,-20,building_footprint,minecraft:orange_concrete
19,0,-20,building_footprint,minecraft:orange_concrete
20,0,-20,building_footprint,minecraft:orange_concrete
21,0,-20,building_footprint,minecraft:orange_concrete
22,0,-20,building_footprint,minecraft:orange_concrete
23,0,-20,building_footprint,minecraft:orange_concrete
24,0,-20,building_footprint,minecraft:orange_concrete
25,0,-20,building_footprint,minecraft:orange_concrete
26,0,-20,building_footprint,minecraft:orange_concrete
27,0,-20,building_footprint,minecraft:orange_concrete
28,0,-20,building_footprint,minecraft:orange_concrete
29,0,-20,building_footprint,minecraft:orange_concrete
30,0,-20,building_footprint,minecraft:orange_concrete
31,0,-20,building_footprint,minecraft:orange_concrete
32,0,-20,building_footprint,minecraft:orange_concrete
33,0,-20,building_footprint,minecraft:orange_concrete
34,0,-20,building_footprint,minecraft:orange_concrete
35,0,-20,building_footprint,minecraft:orange_concrete
36,0,-20,building_footprint,minecraft:orange_concrete
37,0,-20,building_footprint,minecraft:orange_concrete
38,0,-20,building_footprint,minecraft:orange_concrete
66,0,-20,alley,minecraft:polished_andesite
67,0,-20,alley,minecraft:polished_andesite
68,0,-20,alley,minecraft:polished_andesite
69,0,-20,alley,minecraft:polished_andesite
-71,0,-19,alley,minecraft:polished_andesite
-70,0,-19,alley,minecraft:polished_andesite
-69,0,-19,alley,minecraft:polished_andesite
-68,0,-19,alley,minecraft:polished_andesite
-31,0,-19,building_footprint,minecraft:orange_concrete
-30,0,-19,building_footprint,minecraft:orange_concrete
-29,0,-19,building_footprint,minecraft:orange_concrete
-28,0,-19,building_footprint,minecraft:orange_concrete
-27,0,-19,building_footprint,minecraft:orange_concrete
-26,0,-19,building_footprint,minecraft:orange_concrete
-25,0,-19,building_footprint,minecraft:orange_concrete
-24,0,-19,building_footprint,minecraft:orange_concrete
-23,0,-19,building_footprint,minecraft:orange_concrete
-22,0,-19,building_footprint,minecraft:orange_concrete
-21,0,-19,building_footprint,minecraft:orange_concrete
-20,0,-19,building_footprint,minecraft:orange_concrete
-19,0,-19,building_footprint,minecraft:orange_concrete
-18,0,-19,building_footprint,minecraft:orange_concrete
-17,0,-19,building_footprint,minecraft:orange_concrete
-16,0,-19,sidewalk,minecraft:smooth_stone
-15,0,-19,sidewalk,minecraft:smooth_stone
-14,0,-19,sidewalk,minecraft:smooth_stone
-13,0,-19,main_street,minecraft:black_concrete
-12,0,-19,main_street,minecraft:black_concrete
-11,0,-19,main_street,minecraft:black_concrete
-10,0,-19,main_street,minecraft:black_concrete
-9,0,-19,main_street,minecraft:black_concrete
-8,0,-19,main_street,minecraft:black_concrete
-7,0,-19,main_street,minecraft:black_concrete
-6,0,-19,main_street,minecraft:black_concrete
-5,0,-19,main_street,minecraft:black_concrete
-4,0,-19,main_street,minecraft:black_concrete
-3,0,-19,main_street,minecraft:black_concrete
-2,0,-19,main_street,minecraft:black_concrete
-1,0,-19,main_street,minecraft:black_concrete
0,0,-19,main_street,minecraft:black_concrete
1,0,-19,main_street,minecraft:black_concrete
2,0,-19,main_street,minecraft:black_concrete
3,0,-19,main_street,minecraft:black_concrete
4,0,-19,main_street,minecraft:black_concrete
5,0,-19,main_street,minecraft:black_concrete
6,0,-19,main_street,minecraft:black_concrete
7,0,-19,main_street,minecraft:black_concrete
8,0,-19,main_street,minecraft:black_concrete
9,0,-19,main_street,minecraft:black_concrete
10,0,-19,main_street,minecraft:black_concrete
11,0,-19,main_street,minecraft:black_concrete
12,0,-19,sidewalk,minecraft:smooth_stone
13,0,-19,sidewalk,minecraft:smooth_stone
14,0,-19,sidewalk,minecraft:smooth_stone
15,0,-19,building_footprint,minecraft:orange_concrete
16,0,-19,building_footprint,minecraft:orange_concrete
17,0,-19,building_footprint,minecraft:orange_concrete
18,0,-19,building_footprint,minecraft:orange_concrete
19,0,-19,building_footprint,minecraft:orange_concrete
20,0,-19,building_footprint,minecraft:orange_concrete
21,0,-19,building_footprint,minecraft:orange_concrete
22,0,-19,building_footprint,minecraft:orange_concrete
23,0,-19,building_footprint,minecraft:orange_concrete
24,0,-19,building_footprint,minecraft:orange_concrete
25,0,-19,building_footprint,minecraft:orange_concrete
26,0,-19,building_footprint,minecraft:orange_concrete
27,0,-19,building_footprint,minecraft:orange_concrete
28,0,-19,building_footprint,minecraft:orange_concrete
29,0,-19,building_footprint,minecraft:orange_concrete
30,0,-19,building_footprint,minecraft:orange_concrete
31,0,-19,building_footprint,minecraft:orange_concrete
32,0,-19,building_footprint,minecraft:orange_concrete
33,0,-19,building_footprint,minecraft:orange_concrete
34,0,-19,building_footprint,minecraft:orange_concrete
35,0,-19,building_footprint,minecraft:orange_concrete
36,0,-19,building_footprint,minecraft:orange_concrete
37,0,-19,building_footprint,minecraft:orange_concrete
38,0,-19,building_footprint,minecraft:orange_concrete
66,0,-19,alley,minecraft:polished_andesite
67,0,-19,alley,minecraft:polished_andesite
68,0,-19,alley,minecraft:polished_andesite
69,0,-19,alley,minecraft:polished_andesite
-71,0,-18,alley,minecraft:polished_andesite
-70,0,-18,alley,minecraft:polished_andesite
-69,0,-18,alley,minecraft:polished_andesite
-68,0,-18,alley,minecraft:polished_andesite
-31,0,-18,building_footprint,minecraft:orange_concrete
-30,0,-18,building_footprint,minecraft:orange_concrete
-29,0,-18,building_footprint,minecraft:orange_concrete
-28,0,-18,building_footprint,minecraft:orange_concrete
-27,0,-18,building_footprint,minecraft:orange_concrete
-26,0,-18,building_footprint,minecraft:orange_concrete
-25,0,-18,building_footprint,minecraft:orange_concrete
-24,0,-18,building_footprint,minecraft:orange_concrete
-23,0,-18,building_footprint,minecraft:orange_concrete
-22,0,-18,building_footprint,minecraft:orange_concrete
-21,0,-18,building_footprint,minecraft:orange_concrete
-20,0,-18,building_footprint,minecraft:orange_concrete
-19,0,-18,building_footprint,minecraft:orange_concrete
-18,0,-18,building_footprint,minecraft:orange_concrete
-17,0,-18,building_footprint,minecraft:orange_concrete
-16,0,-18,sidewalk,minecraft:smooth_stone
-15,0,-18,sidewalk,minecraft:smooth_stone
-14,0,-18,sidewalk,minecraft:smooth_stone
-13,0,-18,main_street,minecraft:black_concrete
-12,0,-18,main_street,minecraft:black_concrete
-11,0,-18,main_street,minecraft:black_concrete
-10,0,-18,main_street,minecraft:black_concrete
-9,0,-18,main_street,minecraft:black_concrete
-8,0,-18,main_street,minecraft:black_concrete
-7,0,-18,main_street,minecraft:black_concrete
-6,0,-18,main_street,minecraft:black_concrete
-5,0,-18,main_street,minecraft:black_concrete
-4,0,-18,main_street,minecraft:black_concrete
-3,0,-18,main_street,minecraft:black_concrete
-2,0,-18,main_street,minecraft:black_concrete
-1,0,-18,main_street,minecraft:black_concrete
0,0,-18,main_street,minecraft:black_concrete
1,0,-18,main_street,minecraft:black_concrete
2,0,-18,main_street,minecraft:black_concrete
3,0,-18,main_street,minecraft:black_concrete
4,0,-18,main_street,minecraft:black_concrete
5,0,-18,main_street,minecraft:black_concrete
6,0,-18,main_street,minecraft:black_concrete
7,0,-18,main_street,minecraft:black_concrete
8,0,-18,main_street,minecraft:black_concrete
9,0,-18,main_street,minecraft:black_concrete
10,0,-18,main_street,minecraft:black_concrete
11,0,-18,main_street,minecraft:black_concrete
12,0,-18,sidewalk,minecraft:smooth_stone
13,0,-18,sidewalk,minecraft:smooth_stone
14,0,-18,sidewalk,minecraft:smooth_stone
15,0,-18,building_footprint,minecraft:orange_concrete
16,0,-18,building_footprint,minecraft:orange_concrete
17,0,-18,building_footprint,minecraft:orange_concrete
18,0,-18,building_footprint,minecraft:orange_concrete
19,0,-18,building_footprint,minecraft:orange_concrete
20,0,-18,building_footprint,minecraft:orange_concrete
21,0,-18,building_footprint,minecraft:orange_concrete
22,0,-18,building_footprint,minecraft:orange_concrete
23,0,-18,building_footprint,minecraft:orange_concrete
24,0,-18,building_footprint,minecraft:orange_concrete
25,0,-18,building_footprint,minecraft:orange_concrete
26,0,-18,building_footprint,minecraft:orange_concrete
27,0,-18,building_footprint,minecraft:orange_concrete
28,0,-18,building_footprint,minecraft:orange_concrete
29,0,-18,building_footprint,minecraft:orange_concrete
30,0,-18,building_footprint,minecraft:orange_concrete
31,0,-18,building_footprint,minecraft:orange_concrete
32,0,-18,building_footprint,minecraft:orange_concrete
33,0,-18,building_footprint,minecraft:orange_concrete
34,0,-18,building_footprint,minecraft:orange_concrete
35,0,-18,building_footprint,minecraft:orange_concrete
36,0,-18,building_footprint,minecraft:orange_concrete
37,0,-18,building_footprint,minecraft:orange_concrete
38,0,-18,building_footprint,minecraft:orange_concrete
66,0,-18,alley,minecraft:polished_andesite
67,0,-18,alley,minecraft:polished_andesite
68,0,-18,alley,minecraft:polished_andesite
69,0,-18,alley,minecraft:polished_andesite
-71,0,-17,alley,minecraft:polished_andesite
-70,0,-17,alley,minecraft:polished_andesite
-69,0,-17,alley,minecraft:polished_andesite
-68,0,-17,alley,minecraft:polished_andesite
-31,0,-17,building_footprint,minecraft:orange_concrete
-30,0,-17,building_footprint,minecraft:orange_concrete
-29,0,-17,building_footprint,minecraft:orange_concrete
-28,0,-17,building_footprint,minecraft:orange_concrete
-27,0,-17,building_footprint,minecraft:orange_concrete
-26,0,-17,building_footprint,minecraft:orange_concrete
-25,0,-17,building_footprint,minecraft:orange_concrete
-24,0,-17,building_footprint,minecraft:orange_concrete
-23,0,-17,building_footprint,minecraft:orange_concrete
-22,0,-17,building_footprint,minecraft:orange_concrete
-21,0,-17,building_footprint,minecraft:orange_concrete
-20,0,-17,building_footprint,minecraft:orange_concrete
-19,0,-17,building_footprint,minecraft:orange_concrete
-18,0,-17,building_footprint,minecraft:orange_concrete
-17,0,-17,building_footprint,minecraft:orange_concrete
-16,0,-17,sidewalk,minecraft:smooth_stone
-15,0,-17,sidewalk,minecraft:smooth_stone
-14,0,-17,sidewalk,minecraft:smooth_stone
-13,0,-17,main_street,minecraft:black_concrete
-12,0,-17,main_street,minecraft:black_concrete
-11,0,-17,main_street,minecraft:black_concrete
-10,0,-17,main_street,minecraft:black_concrete
-9,0,-17,main_street,minecraft:black_concrete
-8,0,-17,main_street,minecraft:black_concrete
-7,0,-17,main_street,minecraft:black_concrete
-6,0,-17,main_street,minecraft:black_concrete
-5,0,-17,main_street,minecraft:black_concrete
-4,0,-17,main_street,minecraft:black_concrete
-3,0,-17,main_street,minecraft:black_concrete
-2,0,-17,main_street,minecraft:black_concrete
-1,0,-17,main_street,minecraft:black_concrete
0,0,-17,main_street,minecraft:black_concrete
1,0,-17,main_street,minecraft:black_concrete
2,0,-17,main_street,minecraft:black_concrete
3,0,-17,main_street,minecraft:black_concrete
4,0,-17,main_street,minecraft:black_concrete
5,0,-17,main_street,minecraft:black_concrete
6,0,-17,main_street,minecraft:black_concrete
7,0,-17,main_street,minecraft:black_concrete
8,0,-17,main_street,minecraft:black_concrete
9,0,-17,main_street,minecraft:black_concrete
10,0,-17,main_street,minecraft:black_concrete
11,0,-17,main_street,minecraft:black_concrete
12,0,-17,sidewalk,minecraft:smooth_stone
13,0,-17,sidewalk,minecraft:smooth_stone
14,0,-17,sidewalk,minecraft:smooth_stone
15,0,-17,building_footprint,minecraft:orange_concrete
16,0,-17,building_footprint,minecraft:orange_concrete
17,0,-17,building_footprint,minecraft:orange_concrete
18,0,-17,building_footprint,minecraft:orange_concrete
19,0,-17,building_footprint,minecraft:orange_concrete
20,0,-17,building_footprint,minecraft:orange_concrete
21,0,-17,building_footprint,minecraft:orange_concrete
22,0,-17,building_footprint,minecraft:orange_concrete
23,0,-17,building_footprint,minecraft:orange_concrete
24,0,-17,building_footprint,minecraft:orange_concrete
25,0,-17,building_footprint,minecraft:orange_concrete
26,0,-17,building_footprint,minecraft:orange_concrete
27,0,-17,building_footprint,minecraft:orange_concrete
28,0,-17,building_footprint,minecraft:orange_concrete
29,0,-17,building_footprint,minecraft:orange_concrete
30,0,-17,building_footprint,minecraft:orange_concrete
31,0,-17,building_footprint,minecraft:orange_concrete
32,0,-17,building_footprint,minecraft:orange_concrete
33,0,-17,building_footprint,minecraft:orange_concrete
34,0,-17,building_footprint,minecraft:orange_concrete
35,0,-17,building_footprint,minecraft:orange_concrete
36,0,-17,building_footprint,minecraft:orange_concrete
37,0,-17,building_footprint,minecraft:orange_concrete
38,0,-17,building_footprint,minecraft:orange_concrete
66,0,-17,alley,minecraft:polished_andesite
67,0,-17,alley,minecraft:polished_andesite
68,0,-17,alley,minecraft:polished_andesite
69,0,-17,alley,minecraft:polished_andesite
-71,0,-16,alley,minecraft:polished_andesite
-70,0,-16,alley,minecraft:polished_andesite
-69,0,-16,alley,minecraft:polished_andesite
-68,0,-16,alley,minecraft:polished_andesite
-31,0,-16,building_footprint,minecraft:orange_concrete
-30,0,-16,building_footprint,minecraft:orange_concrete
-29,0,-16,building_footprint,minecraft:orange_concrete
-28,0,-16,building_footprint,minecraft:orange_concrete
-27,0,-16,building_footprint,minecraft:orange_concrete
-26,0,-16,building_footprint,minecraft:orange_concrete
-25,0,-16,building_footprint,minecraft:orange_concrete
-24,0,-16,building_footprint,minecraft:orange_concrete
-23,0,-16,building_footprint,minecraft:orange_concrete
-22,0,-16,building_footprint,minecraft:orange_concrete
-21,0,-16,building_footprint,minecraft:orange_concrete
-20,0,-16,building_footprint,minecraft:orange_concrete
-19,0,-16,building_footprint,minecraft:orange_concrete
-18,0,-16,building_footprint,minecraft:orange_concrete
-17,0,-16,building_footprint,minecraft:orange_concrete
-16,0,-16,sidewalk,minecraft:smooth_stone
-15,0,-16,sidewalk,minecraft:smooth_stone
-14,0,-16,sidewalk,minecraft:smooth_stone
-13,0,-16,main_street,minecraft:black_concrete
-12,0,-16,main_street,minecraft:black_concrete
-11,0,-16,main_street,minecraft:black_concrete
-10,0,-16,main_street,minecraft:black_concrete
-9,0,-16,main_street,minecraft:black_concrete
-8,0,-16,main_street,minecraft:black_concrete
-7,0,-16,main_street,minecraft:black_concrete
-6,0,-16,main_street,minecraft:black_concrete
-5,0,-16,main_street,minecraft:black_concrete
-4,0,-16,main_street,minecraft:black_concrete
-3,0,-16,main_street,minecraft:black_concrete
-2,0,-16,main_street,minecraft:black_concrete
-1,0,-16,main_street,minecraft:black_concrete
0,0,-16,main_street,minecraft:black_concrete
1,0,-16,main_street,minecraft:black_concrete
2,0,-16,main_street,minecraft:black_concrete
3,0,-16,main_street,minecraft:black_concrete
4,0,-16,main_street,minecraft:black_concrete
5,0,-16,main_street,minecraft:black_concrete
6,0,-16,main_street,minecraft:black_concrete
7,0,-16,main_street,minecraft:black_concrete
8,0,-16,main_street,minecraft:black_concrete
9,0,-16,main_street,minecraft:black_concrete
10,0,-16,main_street,minecraft:black_concrete
11,0,-16,main_street,minecraft:black_concrete
12,0,-16,sidewalk,minecraft:smooth_stone
13,0,-16,sidewalk,minecraft:smooth_stone
14,0,-16,sidewalk,minecraft:smooth_stone
15,0,-16,building_footprint,minecraft:orange_concrete
16,0,-16,building_footprint,minecraft:orange_concrete
17,0,-16,building_footprint,minecraft:orange_concrete
18,0,-16,building_footprint,minecraft:orange_concrete
19,0,-16,building_footprint,minecraft:orange_concrete
20,0,-16,building_footprint,minecraft:orange_concrete
21,0,-16,building_footprint,minecraft:orange_concrete
22,0,-16,building_footprint,minecraft:orange_concrete
23,0,-16,building_footprint,minecraft:orange_concrete
24,0,-16,building_footprint,minecraft:orange_concrete
25,0,-16,building_footprint,minecraft:orange_concrete
26,0,-16,building_footprint,minecraft:orange_concrete
27,0,-16,building_footprint,minecraft:orange_concrete
28,0,-16,building_footprint,minecraft:orange_concrete
29,0,-16,building_footprint,minecraft:orange_concrete
30,0,-16,building_footprint,minecraft:orange_concrete
31,0,-16,building_footprint,minecraft:orange_concrete
32,0,-16,building_footprint,minecraft:orange_concrete
33,0,-16,building_footprint,minecraft:orange_concrete
34,0,-16,building_footprint,minecraft:orange_concrete
35,0,-16,building_footprint,minecraft:orange_concrete
36,0,-16,building_footprint,minecraft:orange_concrete
37,0,-16,building_footprint,minecraft:orange_concrete
38,0,-16,building_footprint,minecraft:orange_concrete
66,0,-16,alley,minecraft:polished_andesite
67,0,-16,alley,minecraft:polished_andesite
68,0,-16,alley,minecraft:polished_andesite
69,0,-16,alley,minecraft:polished_andesite
-81,0,-15,sidewalk,minecraft:smooth_stone
-80,0,-15,sidewalk,minecraft:smooth_stone
-79,0,-15,sidewalk,minecraft:smooth_stone
-78,0,-15,sidewalk,minecraft:smooth_stone
-77,0,-15,sidewalk,minecraft:smooth_stone
-76,0,-15,sidewalk,minecraft:smooth_stone
-75,0,-15,sidewalk,minecraft:smooth_stone
-74,0,-15,sidewalk,minecraft:smooth_stone
-73,0,-15,sidewalk,minecraft:smooth_stone
-71,0,-15,alley,minecraft:polished_andesite
-70,0,-15,alley,minecraft:polished_andesite
-69,0,-15,alley,minecraft:polished_andesite
-68,0,-15,alley,minecraft:polished_andesite
-31,0,-15,building_footprint,minecraft:orange_concrete
-30,0,-15,building_footprint,minecraft:orange_concrete
-29,0,-15,building_footprint,minecraft:orange_concrete
-28,0,-15,building_footprint,minecraft:orange_concrete
-27,0,-15,building_footprint,minecraft:orange_concrete
-26,0,-15,building_footprint,minecraft:orange_concrete
-25,0,-15,building_footprint,minecraft:orange_concrete
-24,0,-15,building_footprint,minecraft:orange_concrete
-23,0,-15,building_footprint,minecraft:orange_concrete
-22,0,-15,building_footprint,minecraft:orange_concrete
-21,0,-15,building_footprint,minecraft:orange_concrete
-20,0,-15,building_footprint,minecraft:orange_concrete
-19,0,-15,building_footprint,minecraft:orange_concrete
-18,0,-15,building_footprint,minecraft:orange_concrete
-17,0,-15,building_footprint,minecraft:orange_concrete
-16,0,-15,sidewalk,minecraft:smooth_stone
-15,0,-15,sidewalk,minecraft:smooth_stone
-14,0,-15,sidewalk,minecraft:smooth_stone
-13,0,-15,main_street,minecraft:black_concrete
-12,0,-15,main_street,minecraft:black_concrete
-11,0,-15,main_street,minecraft:black_concrete
-10,0,-15,main_street,minecraft:black_concrete
-9,0,-15,main_street,minecraft:black_concrete
-8,0,-15,main_street,minecraft:black_concrete
-7,0,-15,main_street,minecraft:black_concrete
-6,0,-15,main_street,minecraft:black_concrete
-5,0,-15,main_street,minecraft:black_concrete
-4,0,-15,main_street,minecraft:black_concrete
-3,0,-15,main_street,minecraft:black_concrete
-2,0,-15,main_street,minecraft:black_concrete
-1,0,-15,main_street,minecraft:black_concrete
0,0,-15,main_street,minecraft:black_concrete
1,0,-15,main_street,minecraft:black_concrete
2,0,-15,main_street,minecraft:black_concrete
3,0,-15,main_street,minecraft:black_concrete
4,0,-15,main_street,minecraft:black_concrete
5,0,-15,main_street,minecraft:black_concrete
6,0,-15,main_street,minecraft:black_concrete
7,0,-15,main_street,minecraft:black_concrete
8,0,-15,main_street,minecraft:black_concrete
9,0,-15,main_street,minecraft:black_concrete
10,0,-15,main_street,minecraft:black_concrete
11,0,-15,main_street,minecraft:black_concrete
12,0,-15,sidewalk,minecraft:smooth_stone
13,0,-15,sidewalk,minecraft:smooth_stone
14,0,-15,sidewalk,minecraft:smooth_stone
15,0,-15,building_footprint,minecraft:orange_concrete
16,0,-15,building_footprint,minecraft:orange_concrete
17,0,-15,building_footprint,minecraft:orange_concrete
18,0,-15,building_footprint,minecraft:orange_concrete
19,0,-15,building_footprint,minecraft:orange_concrete
20,0,-15,building_footprint,minecraft:orange_concrete
21,0,-15,building_footprint,minecraft:orange_concrete
22,0,-15,building_footprint,minecraft:orange_concrete
23,0,-15,building_footprint,minecraft:orange_concrete
24,0,-15,building_footprint,minecraft:orange_concrete
25,0,-15,building_footprint,minecraft:orange_concrete
26,0,-15,building_footprint,minecraft:orange_concrete
27,0,-15,building_footprint,minecraft:orange_concrete
28,0,-15,building_footprint,minecraft:orange_concrete
29,0,-15,building_footprint,minecraft:orange_concrete
30,0,-15,building_footprint,minecraft:orange_concrete
31,0,-15,building_footprint,minecraft:orange_concrete
32,0,-15,building_footprint,minecraft:orange_concrete
33,0,-15,building_footprint,minecraft:orange_concrete
34,0,-15,building_footprint,minecraft:orange_concrete
35,0,-15,building_footprint,minecraft:orange_concrete
36,0,-15,building_footprint,minecraft:orange_concrete
37,0,-15,building_footprint,minecraft:orange_concrete
38,0,-15,building_footprint,minecraft:orange_concrete
66,0,-15,alley,minecraft:polished_andesite
67,0,-15,alley,minecraft:polished_andesite
68,0,-15,alley,minecraft:polished_andesite
69,0,-15,alley,minecraft:polished_andesite
-81,0,-14,sidewalk,minecraft:smooth_stone
-80,0,-14,sidewalk,minecraft:smooth_stone
-79,0,-14,sidewalk,minecraft:smooth_stone
-78,0,-14,sidewalk,minecraft:smooth_stone
-77,0,-14,sidewalk,minecraft:smooth_stone
-76,0,-14,sidewalk,minecraft:smooth_stone
-75,0,-14,sidewalk,minecraft:smooth_stone
-74,0,-14,sidewalk,minecraft:smooth_stone
-73,0,-14,sidewalk,minecraft:smooth_stone
-72,0,-14,sidewalk,minecraft:smooth_stone
-71,0,-14,sidewalk,minecraft:smooth_stone
-70,0,-14,sidewalk,minecraft:smooth_stone
-69,0,-14,sidewalk,minecraft:smooth_stone
-68,0,-14,sidewalk,minecraft:smooth_stone
-67,0,-14,sidewalk,minecraft:smooth_stone
-66,0,-14,sidewalk,minecraft:smooth_stone
-65,0,-14,sidewalk,minecraft:smooth_stone
-64,0,-14,sidewalk,minecraft:smooth_stone
-63,0,-14,sidewalk,minecraft:smooth_stone
-62,0,-14,sidewalk,minecraft:smooth_stone
-61,0,-14,sidewalk,minecraft:smooth_stone
-60,0,-14,sidewalk,minecraft:smooth_stone
-59,0,-14,sidewalk,minecraft:smooth_stone
-58,0,-14,sidewalk,minecraft:smooth_stone
-57,0,-14,sidewalk,minecraft:smooth_stone
-56,0,-14,sidewalk,minecraft:smooth_stone
-55,0,-14,sidewalk,minecraft:smooth_stone
-54,0,-14,sidewalk,minecraft:smooth_stone
-53,0,-14,sidewalk,minecraft:smooth_stone
-52,0,-14,sidewalk,minecraft:smooth_stone
-51,0,-14,sidewalk,minecraft:smooth_stone
-50,0,-14,sidewalk,minecraft:smooth_stone
-49,0,-14,sidewalk,minecraft:smooth_stone
-48,0,-14,sidewalk,minecraft:smooth_stone
-47,0,-14,sidewalk,minecraft:smooth_stone
-46,0,-14,sidewalk,minecraft:smooth_stone
-45,0,-14,sidewalk,minecraft:smooth_stone
-44,0,-14,sidewalk,minecraft:smooth_stone
-43,0,-14,sidewalk,minecraft:smooth_stone
-42,0,-14,sidewalk,minecraft:smooth_stone
-41,0,-14,sidewalk,minecraft:smooth_stone
-40,0,-14,sidewalk,minecraft:smooth_stone
-39,0,-14,sidewalk,minecraft:smooth_stone
-38,0,-14,sidewalk,minecraft:smooth_stone
-37,0,-14,sidewalk,minecraft:smooth_stone
-36,0,-14,sidewalk,minecraft:smooth_stone
-35,0,-14,sidewalk,minecraft:smooth_stone
-34,0,-14,sidewalk,minecraft:smooth_stone
-33,0,-14,sidewalk,minecraft:smooth_stone
-32,0,-14,sidewalk,minecraft:smooth_stone
-31,0,-14,sidewalk,minecraft:smooth_stone
-30,0,-14,sidewalk,minecraft:smooth_stone
-29,0,-14,sidewalk,minecraft:smooth_stone
-28,0,-14,sidewalk,minecraft:smooth_stone
-27,0,-14,sidewalk,minecraft:smooth_stone
-26,0,-14,sidewalk,minecraft:smooth_stone
-25,0,-14,sidewalk,minecraft:smooth_stone
-24,0,-14,sidewalk,minecraft:smooth_stone
-23,0,-14,sidewalk,minecraft:smooth_stone
-22,0,-14,sidewalk,minecraft:smooth_stone
-21,0,-14,sidewalk,minecraft:smooth_stone
-20,0,-14,sidewalk,minecraft:smooth_stone
-19,0,-14,sidewalk,minecraft:smooth_stone
-18,0,-14,sidewalk,minecraft:smooth_stone
-17,0,-14,sidewalk,minecraft:smooth_stone
-16,0,-14,sidewalk,minecraft:smooth_stone
-15,0,-14,sidewalk,minecraft:smooth_stone
-14,0,-14,sidewalk,minecraft:smooth_stone
-13,0,-14,crossing,minecraft:white_concrete
-12,0,-14,crossing,minecraft:white_concrete
-11,0,-14,crossing,minecraft:white_concrete
-10,0,-14,crossing,minecraft:white_concrete
-9,0,-14,crossing,minecraft:white_concrete
-8,0,-14,crossing,minecraft:white_concrete
-7,0,-14,crossing,minecraft:white_concrete
-6,0,-14,crossing,minecraft:white_concrete
-5,0,-14,crossing,minecraft:white_concrete
-4,0,-14,crossing,minecraft:white_concrete
-3,0,-14,crossing,minecraft:white_concrete
-2,0,-14,crossing,minecraft:white_concrete
-1,0,-14,crossing,minecraft:white_concrete
0,0,-14,crossing,minecraft:white_concrete
1,0,-14,crossing,minecraft:white_concrete
2,0,-14,crossing,minecraft:white_concrete
3,0,-14,crossing,minecraft:white_concrete
4,0,-14,crossing,minecraft:white_concrete
5,0,-14,crossing,minecraft:white_concrete
6,0,-14,crossing,minecraft:white_concrete
7,0,-14,crossing,minecraft:white_concrete
8,0,-14,crossing,minecraft:white_concrete
9,0,-14,crossing,minecraft:white_concrete
10,0,-14,crossing,minecraft:white_concrete
11,0,-14,crossing,minecraft:white_concrete
12,0,-14,crossing,minecraft:white_concrete
13,0,-14,sidewalk,minecraft:smooth_stone
14,0,-14,sidewalk,minecraft:smooth_stone
15,0,-14,sidewalk,minecraft:smooth_stone
16,0,-14,sidewalk,minecraft:smooth_stone
17,0,-14,sidewalk,minecraft:smooth_stone
18,0,-14,sidewalk,minecraft:smooth_stone
19,0,-14,sidewalk,minecraft:smooth_stone
20,0,-14,sidewalk,minecraft:smooth_stone
21,0,-14,sidewalk,minecraft:smooth_stone
22,0,-14,sidewalk,minecraft:smooth_stone
23,0,-14,sidewalk,minecraft:smooth_stone
24,0,-14,sidewalk,minecraft:smooth_stone
25,0,-14,sidewalk,minecraft:smooth_stone
26,0,-14,sidewalk,minecraft:smooth_stone
27,0,-14,sidewalk,minecraft:smooth_stone
28,0,-14,sidewalk,minecraft:smooth_stone
29,0,-14,sidewalk,minecraft:smooth_stone
30,0,-14,sidewalk,minecraft:smooth_stone
31,0,-14,sidewalk,minecraft:smooth_stone
32,0,-14,sidewalk,minecraft:smooth_stone
33,0,-14,sidewalk,minecraft:smooth_stone
34,0,-14,sidewalk,minecraft:smooth_stone
35,0,-14,sidewalk,minecraft:smooth_stone
36,0,-14,sidewalk,minecraft:smooth_stone
37,0,-14,sidewalk,minecraft:smooth_stone
38,0,-14,sidewalk,minecraft:smooth_stone
39,0,-14,sidewalk,minecraft:smooth_stone
40,0,-14,sidewalk,minecraft:smooth_stone
41,0,-14,sidewalk,minecraft:smooth_stone
42,0,-14,sidewalk,minecraft:smooth_stone
43,0,-14,sidewalk,minecraft:smooth_stone
44,0,-14,sidewalk,minecraft:smooth_stone
45,0,-14,sidewalk,minecraft:smooth_stone
46,0,-14,sidewalk,minecraft:smooth_stone
47,0,-14,sidewalk,minecraft:smooth_stone
48,0,-14,sidewalk,minecraft:smooth_stone
49,0,-14,sidewalk,minecraft:smooth_stone
50,0,-14,sidewalk,minecraft:smooth_stone
51,0,-14,sidewalk,minecraft:smooth_stone
52,0,-14,sidewalk,minecraft:smooth_stone
53,0,-14,sidewalk,minecraft:smooth_stone
54,0,-14,sidewalk,minecraft:smooth_stone
55,0,-14,sidewalk,minecraft:smooth_stone
56,0,-14,sidewalk,minecraft:smooth_stone
57,0,-14,sidewalk,minecraft:smooth_stone
58,0,-14,sidewalk,minecraft:smooth_stone
59,0,-14,sidewalk,minecraft:smooth_stone
60,0,-14,sidewalk,minecraft:smooth_stone
61,0,-14,sidewalk,minecraft:smooth_stone
62,0,-14,sidewalk,minecraft:smooth_stone
63,0,-14,sidewalk,minecraft:smooth_stone
64,0,-14,sidewalk,minecraft:smooth_stone
65,0,-14,sidewalk,minecraft:smooth_stone
66,0,-14,sidewalk,minecraft:smooth_stone
67,0,-14,sidewalk,minecraft:smooth_stone
68,0,-14,sidewalk,minecraft:smooth_stone
69,0,-14,sidewalk,minecraft:smooth_stone
70,0,-14,sidewalk,minecraft:smooth_stone
71,0,-14,sidewalk,minecraft:smooth_stone
72,0,-14,sidewalk,minecraft:smooth_stone
73,0,-14,sidewalk,minecraft:smooth_stone
74,0,-14,sidewalk,minecraft:smooth_stone
75,0,-14,sidewalk,minecraft:smooth_stone
76,0,-14,sidewalk,minecraft:smooth_stone
77,0,-14,sidewalk,minecraft:smooth_stone
78,0,-14,sidewalk,minecraft:smooth_stone
79,0,-14,sidewalk,minecraft:smooth_stone
80,0,-14,sidewalk,minecraft:smooth_stone
81,0,-14,sidewalk,minecraft:smooth_stone
-81,0,-13,sidewalk,minecraft:smooth_stone
-80,0,-13,sidewalk,minecraft:smooth_stone
-79,0,-13,sidewalk,minecraft:smooth_stone
-78,0,-13,sidewalk,minecraft:smooth_stone
-77,0,-13,sidewalk,minecraft:smooth_stone
-76,0,-13,sidewalk,minecraft:smooth_stone
-75,0,-13,sidewalk,minecraft:smooth_stone
-74,0,-13,sidewalk,minecraft:smooth_stone
-73,0,-13,sidewalk,minecraft:smooth_stone
-72,0,-13,sidewalk,minecraft:smooth_stone
-71,0,-13,sidewalk,minecraft:smooth_stone
-70,0,-13,sidewalk,minecraft:smooth_stone
-69,0,-13,sidewalk,minecraft:smooth_stone
-68,0,-13,sidewalk,minecraft:smooth_stone
-67,0,-13,sidewalk,minecraft:smooth_stone
-66,0,-13,sidewalk,minecraft:smooth_stone
-65,0,-13,sidewalk,minecraft:smooth_stone
-64,0,-13,sidewalk,minecraft:smooth_stone
-63,0,-13,sidewalk,minecraft:smooth_stone
-62,0,-13,sidewalk,minecraft:smooth_stone
-61,0,-13,sidewalk,minecraft:smooth_stone
-60,0,-13,sidewalk,minecraft:smooth_stone
-59,0,-13,sidewalk,minecraft:smooth_stone
-58,0,-13,sidewalk,minecraft:smooth_stone
-57,0,-13,sidewalk,minecraft:smooth_stone
-56,0,-13,sidewalk,minecraft:smooth_stone
-55,0,-13,sidewalk,minecraft:smooth_stone
-54,0,-13,sidewalk,minecraft:smooth_stone
-53,0,-13,sidewalk,minecraft:smooth_stone
-52,0,-13,sidewalk,minecraft:smooth_stone
-51,0,-13,sidewalk,minecraft:smooth_stone
-50,0,-13,sidewalk,minecraft:smooth_stone
-49,0,-13,sidewalk,minecraft:smooth_stone
-48,0,-13,sidewalk,minecraft:smooth_stone
-47,0,-13,sidewalk,minecraft:smooth_stone
-46,0,-13,sidewalk,minecraft:smooth_stone
-45,0,-13,sidewalk,minecraft:smooth_stone
-44,0,-13,sidewalk,minecraft:smooth_stone
-43,0,-13,sidewalk,minecraft:smooth_stone
-42,0,-13,sidewalk,minecraft:smooth_stone
-41,0,-13,sidewalk,minecraft:smooth_stone
-40,0,-13,sidewalk,minecraft:smooth_stone
-39,0,-13,sidewalk,minecraft:smooth_stone
-38,0,-13,sidewalk,minecraft:smooth_stone
-37,0,-13,sidewalk,minecraft:smooth_stone
-36,0,-13,sidewalk,minecraft:smooth_stone
-35,0,-13,sidewalk,minecraft:smooth_stone
-34,0,-13,sidewalk,minecraft:smooth_stone
-33,0,-13,sidewalk,minecraft:smooth_stone
-32,0,-13,sidewalk,minecraft:smooth_stone
-31,0,-13,sidewalk,minecraft:smooth_stone
-30,0,-13,sidewalk,minecraft:smooth_stone
-29,0,-13,sidewalk,minecraft:smooth_stone
-28,0,-13,sidewalk,minecraft:smooth_stone
-27,0,-13,sidewalk,minecraft:smooth_stone
-26,0,-13,sidewalk,minecraft:smooth_stone
-25,0,-13,sidewalk,minecraft:smooth_stone
-24,0,-13,sidewalk,minecraft:smooth_stone
-23,0,-13,sidewalk,minecraft:smooth_stone
-22,0,-13,sidewalk,minecraft:smooth_stone
-21,0,-13,sidewalk,minecraft:smooth_stone
-20,0,-13,sidewalk,minecraft:smooth_stone
-19,0,-13,sidewalk,minecraft:smooth_stone
-18,0,-13,sidewalk,minecraft:smooth_stone
-17,0,-13,sidewalk,minecraft:smooth_stone
-16,0,-13,sidewalk,minecraft:smooth_stone
-15,0,-13,sidewalk,minecraft:smooth_stone
-14,0,-13,sidewalk,minecraft:smooth_stone
-13,0,-13,crossing,minecraft:white_concrete
-12,0,-13,crossing,minecraft:white_concrete
-11,0,-13,crossing,minecraft:white_concrete
-10,0,-13,crossing,minecraft:white_concrete
-9,0,-13,crossing,minecraft:white_concrete
-8,0,-13,crossing,minecraft:white_concrete
-7,0,-13,crossing,minecraft:white_concrete
-6,0,-13,crossing,minecraft:white_concrete
-5,0,-13,crossing,minecraft:white_concrete
-4,0,-13,crossing,minecraft:white_concrete
-3,0,-13,crossing,minecraft:white_concrete
-2,0,-13,crossing,minecraft:white_concrete
-1,0,-13,crossing,minecraft:white_concrete
0,0,-13,crossing,minecraft:white_concrete
1,0,-13,crossing,minecraft:white_concrete
2,0,-13,crossing,minecraft:white_concrete
3,0,-13,crossing,minecraft:white_concrete
4,0,-13,crossing,minecraft:white_concrete
5,0,-13,crossing,minecraft:white_concrete
6,0,-13,crossing,minecraft:white_concrete
7,0,-13,crossing,minecraft:white_concrete
8,0,-13,crossing,minecraft:white_concrete
9,0,-13,crossing,minecraft:white_concrete
10,0,-13,crossing,minecraft:white_concrete
11,0,-13,crossing,minecraft:white_concrete
12,0,-13,crossing,minecraft:white_concrete
13,0,-13,sidewalk,minecraft:smooth_stone
14,0,-13,sidewalk,minecraft:smooth_stone
15,0,-13,sidewalk,minecraft:smooth_stone
16,0,-13,sidewalk,minecraft:smooth_stone
17,0,-13,sidewalk,minecraft:smooth_stone
18,0,-13,sidewalk,minecraft:smooth_stone
19,0,-13,sidewalk,minecraft:smooth_stone
20,0,-13,sidewalk,minecraft:smooth_stone
21,0,-13,sidewalk,minecraft:smooth_stone
22,0,-13,sidewalk,minecraft:smooth_stone
23,0,-13,sidewalk,minecraft:smooth_stone
24,0,-13,sidewalk,minecraft:smooth_stone
25,0,-13,sidewalk,minecraft:smooth_stone
26,0,-13,sidewalk,minecraft:smooth_stone
27,0,-13,sidewalk,minecraft:smooth_stone
28,0,-13,sidewalk,minecraft:smooth_stone
29,0,-13,sidewalk,minecraft:smooth_stone
30,0,-13,sidewalk,minecraft:smooth_stone
31,0,-13,sidewalk,minecraft:smooth_stone
32,0,-13,sidewalk,minecraft:smooth_stone
33,0,-13,sidewalk,minecraft:smooth_stone
34,0,-13,sidewalk,minecraft:smooth_stone
35,0,-13,sidewalk,minecraft:smooth_stone
36,0,-13,sidewalk,minecraft:smooth_stone
37,0,-13,sidewalk,minecraft:smooth_stone
38,0,-13,sidewalk,minecraft:smooth_stone
39,0,-13,sidewalk,minecraft:smooth_stone
40,0,-13,sidewalk,minecraft:smooth_stone
41,0,-13,sidewalk,minecraft:smooth_stone
42,0,-13,sidewalk,minecraft:smooth_stone
43,0,-13,sidewalk,minecraft:smooth_stone
44,0,-13,sidewalk,minecraft:smooth_stone
45,0,-13,sidewalk,minecraft:smooth_stone
46,0,-13,sidewalk,minecraft:smooth_stone
47,0,-13,sidewalk,minecraft:smooth_stone
48,0,-13,sidewalk,minecraft:smooth_stone
49,0,-13,sidewalk,minecraft:smooth_stone
50,0,-13,sidewalk,minecraft:smooth_stone
51,0,-13,sidewalk,minecraft:smooth_stone
52,0,-13,sidewalk,minecraft:smooth_stone
53,0,-13,sidewalk,minecraft:smooth_stone
54,0,-13,sidewalk,minecraft:smooth_stone
55,0,-13,sidewalk,minecraft:smooth_stone
56,0,-13,sidewalk,minecraft:smooth_stone
57,0,-13,sidewalk,minecraft:smooth_stone
58,0,-13,sidewalk,minecraft:smooth_stone
59,0,-13,sidewalk,minecraft:smooth_stone
60,0,-13,sidewalk,minecraft:smooth_stone
61,0,-13,sidewalk,minecraft:smooth_stone
62,0,-13,sidewalk,minecraft:smooth_stone
63,0,-13,sidewalk,minecraft:smooth_stone
64,0,-13,sidewalk,minecraft:smooth_stone
65,0,-13,sidewalk,minecraft:smooth_stone
66,0,-13,sidewalk,minecraft:smooth_stone
67,0,-13,sidewalk,minecraft:smooth_stone
68,0,-13,sidewalk,minecraft:smooth_stone
69,0,-13,sidewalk,minecraft:smooth_stone
70,0,-13,sidewalk,minecraft:smooth_stone
71,0,-13,sidewalk,minecraft:smooth_stone
72,0,-13,sidewalk,minecraft:smooth_stone
73,0,-13,sidewalk,minecraft:smooth_stone
74,0,-13,sidewalk,minecraft:smooth_stone
75,0,-13,sidewalk,minecraft:smooth_stone
76,0,-13,sidewalk,minecraft:smooth_stone
77,0,-13,sidewalk,minecraft:smooth_stone
78,0,-13,sidewalk,minecraft:smooth_stone
79,0,-13,sidewalk,minecraft:smooth_stone
80,0,-13,sidewalk,minecraft:smooth_stone
81,0,-13,sidewalk,minecraft:smooth_stone
-72,0,-12,sidewalk,minecraft:smooth_stone
-71,0,-12,sidewalk,minecraft:smooth_stone
-70,0,-12,sidewalk,minecraft:smooth_stone
-69,0,-12,sidewalk,minecraft:smooth_stone
-68,0,-12,sidewalk,minecraft:smooth_stone
-67,0,-12,sidewalk,minecraft:smooth_stone
-66,0,-12,sidewalk,minecraft:smooth_stone
-65,0,-12,sidewalk,minecraft:smooth_stone
-64,0,-12,sidewalk,minecraft:smooth_stone
-63,0,-12,sidewalk,minecraft:smooth_stone
-62,0,-12,sidewalk,minecraft:smooth_stone
-61,0,-12,sidewalk,minecraft:smooth_stone
-60,0,-12,sidewalk,minecraft:smooth_stone
-59,0,-12,sidewalk,minecraft:smooth_stone
-58,0,-12,sidewalk,minecraft:smooth_stone
-57,0,-12,sidewalk,minecraft:smooth_stone
-56,0,-12,sidewalk,minecraft:smooth_stone
-55,0,-12,sidewalk,minecraft:smooth_stone
-54,0,-12,sidewalk,minecraft:smooth_stone
-53,0,-12,sidewalk,minecraft:smooth_stone
-52,0,-12,sidewalk,minecraft:smooth_stone
-51,0,-12,sidewalk,minecraft:smooth_stone
-50,0,-12,sidewalk,minecraft:smooth_stone
-49,0,-12,sidewalk,minecraft:smooth_stone
-48,0,-12,sidewalk,minecraft:smooth_stone
-47,0,-12,sidewalk,minecraft:smooth_stone
-46,0,-12,sidewalk,minecraft:smooth_stone
-45,0,-12,sidewalk,minecraft:smooth_stone
-44,0,-12,sidewalk,minecraft:smooth_stone
-43,0,-12,sidewalk,minecraft:smooth_stone
-42,0,-12,sidewalk,minecraft:smooth_stone
-41,0,-12,sidewalk,minecraft:smooth_stone
-40,0,-12,sidewalk,minecraft:smooth_stone
-39,0,-12,sidewalk,minecraft:smooth_stone
-38,0,-12,sidewalk,minecraft:smooth_stone
-37,0,-12,sidewalk,minecraft:smooth_stone
-36,0,-12,sidewalk,minecraft:smooth_stone
-35,0,-12,sidewalk,minecraft:smooth_stone
-34,0,-12,sidewalk,minecraft:smooth_stone
-33,0,-12,sidewalk,minecraft:smooth_stone
-32,0,-12,sidewalk,minecraft:smooth_stone
-31,0,-12,sidewalk,minecraft:smooth_stone
-30,0,-12,sidewalk,minecraft:smooth_stone
-29,0,-12,sidewalk,minecraft:smooth_stone
-28,0,-12,sidewalk,minecraft:smooth_stone
-27,0,-12,sidewalk,minecraft:smooth_stone
-26,0,-12,sidewalk,minecraft:smooth_stone
-25,0,-12,sidewalk,minecraft:smooth_stone
-24,0,-12,sidewalk,minecraft:smooth_stone
-23,0,-12,sidewalk,minecraft:smooth_stone
-22,0,-12,sidewalk,minecraft:smooth_stone
-21,0,-12,sidewalk,minecraft:smooth_stone
-20,0,-12,sidewalk,minecraft:smooth_stone
-19,0,-12,sidewalk,minecraft:smooth_stone
-18,0,-12,sidewalk,minecraft:smooth_stone
-17,0,-12,sidewalk,minecraft:smooth_stone
-16,0,-12,crossing,minecraft:white_concrete
-15,0,-12,crossing,minecraft:white_concrete
-14,0,-12,sidewalk,minecraft:smooth_stone
-13,0,-12,sidewalk,minecraft:smooth_stone
-12,0,-12,sidewalk,minecraft:smooth_stone
-11,0,-12,main_street,minecraft:black_concrete
-10,0,-12,main_street,minecraft:black_concrete
-9,0,-12,main_street,minecraft:black_concrete
-8,0,-12,main_street,minecraft:black_concrete
-7,0,-12,main_street,minecraft:black_concrete
-6,0,-12,main_street,minecraft:black_concrete
-5,0,-12,main_street,minecraft:black_concrete
-4,0,-12,main_street,minecraft:black_concrete
-3,0,-12,main_street,minecraft:black_concrete
-2,0,-12,main_street,minecraft:black_concrete
-1,0,-12,main_street,minecraft:black_concrete
0,0,-12,main_street,minecraft:black_concrete
1,0,-12,main_street,minecraft:black_concrete
2,0,-12,main_street,minecraft:black_concrete
3,0,-12,main_street,minecraft:black_concrete
4,0,-12,main_street,minecraft:black_concrete
5,0,-12,main_street,minecraft:black_concrete
6,0,-12,main_street,minecraft:black_concrete
7,0,-12,main_street,minecraft:black_concrete
8,0,-12,main_street,minecraft:black_concrete
9,0,-12,main_street,minecraft:black_concrete
10,0,-12,main_street,minecraft:black_concrete
11,0,-12,sidewalk,minecraft:smooth_stone
12,0,-12,sidewalk,minecraft:smooth_stone
13,0,-12,crossing,minecraft:white_concrete
14,0,-12,crossing,minecraft:white_concrete
15,0,-12,sidewalk,minecraft:smooth_stone
16,0,-12,sidewalk,minecraft:smooth_stone
17,0,-12,sidewalk,minecraft:smooth_stone
18,0,-12,sidewalk,minecraft:smooth_stone
19,0,-12,sidewalk,minecraft:smooth_stone
20,0,-12,sidewalk,minecraft:smooth_stone
21,0,-12,sidewalk,minecraft:smooth_stone
22,0,-12,sidewalk,minecraft:smooth_stone
23,0,-12,sidewalk,minecraft:smooth_stone
24,0,-12,sidewalk,minecraft:smooth_stone
25,0,-12,sidewalk,minecraft:smooth_stone
26,0,-12,sidewalk,minecraft:smooth_stone
27,0,-12,sidewalk,minecraft:smooth_stone
28,0,-12,sidewalk,minecraft:smooth_stone
29,0,-12,sidewalk,minecraft:smooth_stone
30,0,-12,sidewalk,minecraft:smooth_stone
31,0,-12,sidewalk,minecraft:smooth_stone
32,0,-12,sidewalk,minecraft:smooth_stone
33,0,-12,sidewalk,minecraft:smooth_stone
34,0,-12,sidewalk,minecraft:smooth_stone
35,0,-12,sidewalk,minecraft:smooth_stone
36,0,-12,sidewalk,minecraft:smooth_stone
37,0,-12,sidewalk,minecraft:smooth_stone
38,0,-12,sidewalk,minecraft:smooth_stone
39,0,-12,sidewalk,minecraft:smooth_stone
40,0,-12,sidewalk,minecraft:smooth_stone
41,0,-12,sidewalk,minecraft:smooth_stone
42,0,-12,sidewalk,minecraft:smooth_stone
43,0,-12,sidewalk,minecraft:smooth_stone
44,0,-12,sidewalk,minecraft:smooth_stone
45,0,-12,sidewalk,minecraft:smooth_stone
46,0,-12,sidewalk,minecraft:smooth_stone
47,0,-12,sidewalk,minecraft:smooth_stone
48,0,-12,sidewalk,minecraft:smooth_stone
49,0,-12,sidewalk,minecraft:smooth_stone
50,0,-12,sidewalk,minecraft:smooth_stone
51,0,-12,sidewalk,minecraft:smooth_stone
52,0,-12,sidewalk,minecraft:smooth_stone
53,0,-12,sidewalk,minecraft:smooth_stone
54,0,-12,sidewalk,minecraft:smooth_stone
55,0,-12,sidewalk,minecraft:smooth_stone
56,0,-12,sidewalk,minecraft:smooth_stone
57,0,-12,sidewalk,minecraft:smooth_stone
58,0,-12,sidewalk,minecraft:smooth_stone
59,0,-12,sidewalk,minecraft:smooth_stone
60,0,-12,sidewalk,minecraft:smooth_stone
61,0,-12,sidewalk,minecraft:smooth_stone
62,0,-12,sidewalk,minecraft:smooth_stone
63,0,-12,sidewalk,minecraft:smooth_stone
64,0,-12,sidewalk,minecraft:smooth_stone
65,0,-12,sidewalk,minecraft:smooth_stone
66,0,-12,sidewalk,minecraft:smooth_stone
67,0,-12,sidewalk,minecraft:smooth_stone
68,0,-12,sidewalk,minecraft:smooth_stone
69,0,-12,sidewalk,minecraft:smooth_stone
70,0,-12,sidewalk,minecraft:smooth_stone
71,0,-12,sidewalk,minecraft:smooth_stone
72,0,-12,sidewalk,minecraft:smooth_stone
73,0,-12,sidewalk,minecraft:smooth_stone
74,0,-12,sidewalk,minecraft:smooth_stone
75,0,-12,sidewalk,minecraft:smooth_stone
76,0,-12,sidewalk,minecraft:smooth_stone
77,0,-12,sidewalk,minecraft:smooth_stone
78,0,-12,sidewalk,minecraft:smooth_stone
79,0,-12,sidewalk,minecraft:smooth_stone
80,0,-12,sidewalk,minecraft:smooth_stone
81,0,-12,sidewalk,minecraft:smooth_stone
-71,0,-11,alley,minecraft:polished_andesite
-70,0,-11,alley,minecraft:polished_andesite
-69,0,-11,alley,minecraft:polished_andesite
-68,0,-11,alley,minecraft:polished_andesite
-16,0,-11,crossing,minecraft:white_concrete
-15,0,-11,crossing,minecraft:white_concrete
-14,0,-11,main_street,minecraft:black_concrete
-13,0,-11,main_street,minecraft:black_concrete
-12,0,-11,main_street,minecraft:black_concrete
-11,0,-11,main_street,minecraft:black_concrete
-10,0,-11,main_street,minecraft:black_concrete
-9,0,-11,main_street,minecraft:black_concrete
-8,0,-11,main_street,minecraft:black_concrete
-7,0,-11,main_street,minecraft:black_concrete
-6,0,-11,main_street,minecraft:black_concrete
-5,0,-11,main_street,minecraft:black_concrete
-4,0,-11,main_street,minecraft:black_concrete
-3,0,-11,main_street,minecraft:black_concrete
-2,0,-11,main_street,minecraft:black_concrete
-1,0,-11,main_street,minecraft:black_concrete
0,0,-11,main_street,minecraft:black_concrete
1,0,-11,main_street,minecraft:black_concrete
2,0,-11,main_street,minecraft:black_concrete
3,0,-11,main_street,minecraft:black_concrete
4,0,-11,main_street,minecraft:black_concrete
5,0,-11,main_street,minecraft:black_concrete
6,0,-11,main_street,minecraft:black_concrete
7,0,-11,main_street,minecraft:black_concrete
8,0,-11,main_street,minecraft:black_concrete
9,0,-11,main_street,minecraft:black_concrete
10,0,-11,main_street,minecraft:black_concrete
11,0,-11,main_street,minecraft:black_concrete
12,0,-11,sidewalk,minecraft:smooth_stone
13,0,-11,crossing,minecraft:white_concrete
14,0,-11,crossing,minecraft:white_concrete
66,0,-11,alley,minecraft:polished_andesite
67,0,-11,alley,minecraft:polished_andesite
68,0,-11,alley,minecraft:polished_andesite
69,0,-11,alley,minecraft:polished_andesite
-71,0,-10,alley,minecraft:polished_andesite
-70,0,-10,alley,minecraft:polished_andesite
-69,0,-10,alley,minecraft:polished_andesite
-68,0,-10,alley,minecraft:polished_andesite
-16,0,-10,crossing,minecraft:white_concrete
-15,0,-10,crossing,minecraft:white_concrete
-14,0,-10,main_street,minecraft:black_concrete
-13,0,-10,main_street,minecraft:black_concrete
-12,0,-10,main_street,minecraft:black_concrete
-11,0,-10,main_street,minecraft:black_concrete
-10,0,-10,main_street,minecraft:black_concrete
-9,0,-10,main_street,minecraft:black_concrete
-8,0,-10,main_street,minecraft:black_concrete
-7,0,-10,main_street,minecraft:black_concrete
-6,0,-10,main_street,minecraft:black_concrete
-5,0,-10,main_street,minecraft:black_concrete
-4,0,-10,main_street,minecraft:black_concrete
-3,0,-10,main_street,minecraft:black_concrete
-2,0,-10,main_street,minecraft:black_concrete
-1,0,-10,main_street,minecraft:black_concrete
0,0,-10,main_street,minecraft:black_concrete
1,0,-10,main_street,minecraft:black_concrete
2,0,-10,main_street,minecraft:black_concrete
3,0,-10,main_street,minecraft:black_concrete
4,0,-10,main_street,minecraft:black_concrete
5,0,-10,main_street,minecraft:black_concrete
6,0,-10,main_street,minecraft:black_concrete
7,0,-10,main_street,minecraft:black_concrete
8,0,-10,main_street,minecraft:black_concrete
9,0,-10,main_street,minecraft:black_concrete
10,0,-10,main_street,minecraft:black_concrete
11,0,-10,main_street,minecraft:black_concrete
12,0,-10,main_street,minecraft:black_concrete
13,0,-10,crossing,minecraft:white_concrete
14,0,-10,crossing,minecraft:white_concrete
66,0,-10,alley,minecraft:polished_andesite
67,0,-10,alley,minecraft:polished_andesite
68,0,-10,alley,minecraft:polished_andesite
69,0,-10,alley,minecraft:polished_andesite
-81,0,-9,avenue,minecraft:gray_concrete
-80,0,-9,avenue,minecraft:gray_concrete
-79,0,-9,avenue,minecraft:gray_concrete
-78,0,-9,avenue,minecraft:gray_concrete
-77,0,-9,avenue,minecraft:gray_concrete
-76,0,-9,avenue,minecraft:gray_concrete
-75,0,-9,avenue,minecraft:gray_concrete
-74,0,-9,avenue,minecraft:gray_concrete
-73,0,-9,avenue,minecraft:gray_concrete
-72,0,-9,avenue,minecraft:gray_concrete
-71,0,-9,alley,minecraft:polished_andesite
-70,0,-9,alley,minecraft:polished_andesite
-69,0,-9,alley,minecraft:polished_andesite
-68,0,-9,alley,minecraft:polished_andesite
-67,0,-9,avenue,minecraft:gray_concrete
-66,0,-9,avenue,minecraft:gray_concrete
-65,0,-9,avenue,minecraft:gray_concrete
-64,0,-9,avenue,minecraft:gray_concrete
-63,0,-9,avenue,minecraft:gray_concrete
-62,0,-9,avenue,minecraft:gray_concrete
-61,0,-9,avenue,minecraft:gray_concrete
-60,0,-9,avenue,minecraft:gray_concrete
-59,0,-9,avenue,minecraft:gray_concrete
-58,0,-9,avenue,minecraft:gray_concrete
-57,0,-9,avenue,minecraft:gray_concrete
-56,0,-9,avenue,minecraft:gray_concrete
-55,0,-9,avenue,minecraft:gray_concrete
-54,0,-9,avenue,minecraft:gray_concrete
-53,0,-9,avenue,minecraft:gray_concrete
-52,0,-9,avenue,minecraft:gray_concrete
-51,0,-9,avenue,minecraft:gray_concrete
-50,0,-9,avenue,minecraft:gray_concrete
-49,0,-9,avenue,minecraft:gray_concrete
-48,0,-9,avenue,minecraft:gray_concrete
-47,0,-9,avenue,minecraft:gray_concrete
-46,0,-9,avenue,minecraft:gray_concrete
-45,0,-9,avenue,minecraft:gray_concrete
-44,0,-9,avenue,minecraft:gray_concrete
-43,0,-9,avenue,minecraft:gray_concrete
-42,0,-9,avenue,minecraft:gray_concrete
-41,0,-9,avenue,minecraft:gray_concrete
-40,0,-9,avenue,minecraft:gray_concrete
-39,0,-9,avenue,minecraft:gray_concrete
-38,0,-9,avenue,minecraft:gray_concrete
-37,0,-9,avenue,minecraft:gray_concrete
-36,0,-9,avenue,minecraft:gray_concrete
-35,0,-9,avenue,minecraft:gray_concrete
-34,0,-9,avenue,minecraft:gray_concrete
-33,0,-9,avenue,minecraft:gray_concrete
-32,0,-9,avenue,minecraft:gray_concrete
-31,0,-9,avenue,minecraft:gray_concrete
-30,0,-9,avenue,minecraft:gray_concrete
-29,0,-9,avenue,minecraft:gray_concrete
-28,0,-9,avenue,minecraft:gray_concrete
-27,0,-9,avenue,minecraft:gray_concrete
-26,0,-9,avenue,minecraft:gray_concrete
-25,0,-9,avenue,minecraft:gray_concrete
-24,0,-9,avenue,minecraft:gray_concrete
-23,0,-9,avenue,minecraft:gray_concrete
-22,0,-9,avenue,minecraft:gray_concrete
-21,0,-9,avenue,minecraft:gray_concrete
-20,0,-9,avenue,minecraft:gray_concrete
-19,0,-9,avenue,minecraft:gray_concrete
-18,0,-9,avenue,minecraft:gray_concrete
-17,0,-9,avenue,minecraft:gray_concrete
-16,0,-9,crossing,minecraft:white_concrete
-15,0,-9,crossing,minecraft:white_concrete
-14,0,-9,avenue,minecraft:gray_concrete
-13,0,-9,avenue,minecraft:gray_concrete
-12,0,-9,avenue,minecraft:gray_concrete
-11,0,-9,avenue,minecraft:gray_concrete
-10,0,-9,avenue,minecraft:gray_concrete
-9,0,-9,avenue,minecraft:gray_concrete
-8,0,-9,avenue,minecraft:gray_concrete
-7,0,-9,avenue,minecraft:gray_concrete
-6,0,-9,avenue,minecraft:gray_concrete
-5,0,-9,avenue,minecraft:gray_concrete
-4,0,-9,avenue,minecraft:gray_concrete
-3,0,-9,avenue,minecraft:gray_concrete
-2,0,-9,avenue,minecraft:gray_concrete
-1,0,-9,avenue,minecraft:gray_concrete
0,0,-9,avenue,minecraft:gray_concrete
1,0,-9,avenue,minecraft:gray_concrete
2,0,-9,avenue,minecraft:gray_concrete
3,0,-9,avenue,minecraft:gray_concrete
4,0,-9,avenue,minecraft:gray_concrete
5,0,-9,avenue,minecraft:gray_concrete
6,0,-9,avenue,minecraft:gray_concrete
7,0,-9,avenue,minecraft:gray_concrete
8,0,-9,avenue,minecraft:gray_concrete
9,0,-9,avenue,minecraft:gray_concrete
10,0,-9,avenue,minecraft:gray_concrete
11,0,-9,avenue,minecraft:gray_concrete
12,0,-9,avenue,minecraft:gray_concrete
13,0,-9,crossing,minecraft:white_concrete
14,0,-9,crossing,minecraft:white_concrete
15,0,-9,avenue,minecraft:gray_concrete
16,0,-9,avenue,minecraft:gray_concrete
17,0,-9,avenue,minecraft:gray_concrete
18,0,-9,avenue,minecraft:gray_concrete
19,0,-9,avenue,minecraft:gray_concrete
20,0,-9,avenue,minecraft:gray_concrete
21,0,-9,avenue,minecraft:gray_concrete
22,0,-9,avenue,minecraft:gray_concrete
23,0,-9,avenue,minecraft:gray_concrete
24,0,-9,avenue,minecraft:gray_concrete
25,0,-9,avenue,minecraft:gray_concrete
26,0,-9,avenue,minecraft:gray_concrete
27,0,-9,avenue,minecraft:gray_concrete
28,0,-9,avenue,minecraft:gray_concrete
29,0,-9,avenue,minecraft:gray_concrete
30,0,-9,avenue,minecraft:gray_concrete
31,0,-9,avenue,minecraft:gray_concrete
32,0,-9,avenue,minecraft:gray_concrete
33,0,-9,avenue,minecraft:gray_concrete
34,0,-9,avenue,minecraft:gray_concrete
35,0,-9,avenue,minecraft:gray_concrete
36,0,-9,avenue,minecraft:gray_concrete
37,0,-9,avenue,minecraft:gray_concrete
38,0,-9,avenue,minecraft:gray_concrete
39,0,-9,avenue,minecraft:gray_concrete
40,0,-9,avenue,minecraft:gray_concrete
41,0,-9,avenue,minecraft:gray_concrete
42,0,-9,avenue,minecraft:gray_concrete
43,0,-9,avenue,minecraft:gray_concrete
44,0,-9,avenue,minecraft:gray_concrete
45,0,-9,avenue,minecraft:gray_concrete
46,0,-9,avenue,minecraft:gray_concrete
47,0,-9,avenue,minecraft:gray_concrete
48,0,-9,avenue,minecraft:gray_concrete
49,0,-9,avenue,minecraft:gray_concrete
50,0,-9,avenue,minecraft:gray_concrete
51,0,-9,avenue,minecraft:gray_concrete
52,0,-9,avenue,minecraft:gray_concrete
53,0,-9,avenue,minecraft:gray_concrete
54,0,-9,avenue,minecraft:gray_concrete
55,0,-9,avenue,minecraft:gray_concrete
56,0,-9,avenue,minecraft:gray_concrete
57,0,-9,avenue,minecraft:gray_concrete
58,0,-9,avenue,minecraft:gray_concrete
59,0,-9,avenue,minecraft:gray_concrete
60,0,-9,avenue,minecraft:gray_concrete
61,0,-9,avenue,minecraft:gray_concrete
62,0,-9,avenue,minecraft:gray_concrete
63,0,-9,avenue,minecraft:gray_concrete
64,0,-9,avenue,minecraft:gray_concrete
65,0,-9,avenue,minecraft:gray_concrete
66,0,-9,alley,minecraft:polished_andesite
67,0,-9,alley,minecraft:polished_andesite
68,0,-9,alley,minecraft:polished_andesite
69,0,-9,alley,minecraft:polished_andesite
70,0,-9,avenue,minecraft:gray_concrete
71,0,-9,avenue,minecraft:gray_concrete
72,0,-9,avenue,minecraft:gray_concrete
73,0,-9,avenue,minecraft:gray_concrete
74,0,-9,avenue,minecraft:gray_concrete
75,0,-9,avenue,minecraft:gray_concrete
76,0,-9,avenue,minecraft:gray_concrete
77,0,-9,avenue,minecraft:gray_concrete
78,0,-9,avenue,minecraft:gray_concrete
79,0,-9,avenue,minecraft:gray_concrete
80,0,-9,avenue,minecraft:gray_concrete
81,0,-9,avenue,minecraft:gray_concrete
-81,0,-8,avenue,minecraft:gray_concrete
-80,0,-8,avenue,minecraft:gray_concrete
-79,0,-8,avenue,minecraft:gray_concrete
-78,0,-8,avenue,minecraft:gray_concrete
-77,0,-8,avenue,minecraft:gray_concrete
-76,0,-8,avenue,minecraft:gray_concrete
-75,0,-8,avenue,minecraft:gray_concrete
-74,0,-8,avenue,minecraft:gray_concrete
-73,0,-8,avenue,minecraft:gray_concrete
-72,0,-8,avenue,minecraft:gray_concrete
-71,0,-8,alley,minecraft:polished_andesite
-70,0,-8,alley,minecraft:polished_andesite
-69,0,-8,alley,minecraft:polished_andesite
-68,0,-8,alley,minecraft:polished_andesite
-67,0,-8,avenue,minecraft:gray_concrete
-66,0,-8,avenue,minecraft:gray_concrete
-65,0,-8,avenue,minecraft:gray_concrete
-64,0,-8,avenue,minecraft:gray_concrete
-63,0,-8,avenue,minecraft:gray_concrete
-62,0,-8,avenue,minecraft:gray_concrete
-61,0,-8,avenue,minecraft:gray_concrete
-60,0,-8,avenue,minecraft:gray_concrete
-59,0,-8,avenue,minecraft:gray_concrete
-58,0,-8,avenue,minecraft:gray_concrete
-57,0,-8,avenue,minecraft:gray_concrete
-56,0,-8,avenue,minecraft:gray_concrete
-55,0,-8,avenue,minecraft:gray_concrete
-54,0,-8,avenue,minecraft:gray_concrete
-53,0,-8,avenue,minecraft:gray_concrete
-52,0,-8,avenue,minecraft:gray_concrete
-51,0,-8,avenue,minecraft:gray_concrete
-50,0,-8,avenue,minecraft:gray_concrete
-49,0,-8,avenue,minecraft:gray_concrete
-48,0,-8,avenue,minecraft:gray_concrete
-47,0,-8,avenue,minecraft:gray_concrete
-46,0,-8,avenue,minecraft:gray_concrete
-45,0,-8,avenue,minecraft:gray_concrete
-44,0,-8,avenue,minecraft:gray_concrete
-43,0,-8,avenue,minecraft:gray_concrete
-42,0,-8,avenue,minecraft:gray_concrete
-41,0,-8,avenue,minecraft:gray_concrete
-40,0,-8,avenue,minecraft:gray_concrete
-39,0,-8,avenue,minecraft:gray_concrete
-38,0,-8,avenue,minecraft:gray_concrete
-37,0,-8,avenue,minecraft:gray_concrete
-36,0,-8,avenue,minecraft:gray_concrete
-35,0,-8,avenue,minecraft:gray_concrete
-34,0,-8,avenue,minecraft:gray_concrete
-33,0,-8,avenue,minecraft:gray_concrete
-32,0,-8,avenue,minecraft:gray_concrete
-31,0,-8,avenue,minecraft:gray_concrete
-30,0,-8,avenue,minecraft:gray_concrete
-29,0,-8,avenue,minecraft:gray_concrete
-28,0,-8,avenue,minecraft:gray_concrete
-27,0,-8,avenue,minecraft:gray_concrete
-26,0,-8,avenue,minecraft:gray_concrete
-25,0,-8,avenue,minecraft:gray_concrete
-24,0,-8,avenue,minecraft:gray_concrete
-23,0,-8,avenue,minecraft:gray_concrete
-22,0,-8,avenue,minecraft:gray_concrete
-21,0,-8,avenue,minecraft:gray_concrete
-20,0,-8,avenue,minecraft:gray_concrete
-19,0,-8,avenue,minecraft:gray_concrete
-18,0,-8,avenue,minecraft:gray_concrete
-17,0,-8,avenue,minecraft:gray_concrete
-16,0,-8,crossing,minecraft:white_concrete
-15,0,-8,crossing,minecraft:white_concrete
-14,0,-8,avenue,minecraft:gray_concrete
-13,0,-8,avenue,minecraft:gray_concrete
-12,0,-8,avenue,minecraft:gray_concrete
-11,0,-8,avenue,minecraft:gray_concrete
-10,0,-8,avenue,minecraft:gray_concrete
-9,0,-8,avenue,minecraft:gray_concrete
-8,0,-8,avenue,minecraft:gray_concrete
-7,0,-8,avenue,minecraft:gray_concrete
-6,0,-8,avenue,minecraft:gray_concrete
-5,0,-8,avenue,minecraft:gray_concrete
-4,0,-8,avenue,minecraft:gray_concrete
-3,0,-8,avenue,minecraft:gray_concrete
-2,0,-8,avenue,minecraft:gray_concrete
-1,0,-8,avenue,minecraft:gray_concrete
0,0,-8,avenue,minecraft:gray_concrete
1,0,-8,avenue,minecraft:gray_concrete
2,0,-8,avenue,minecraft:gray_concrete
3,0,-8,avenue,minecraft:gray_concrete
4,0,-8,avenue,minecraft:gray_concrete
5,0,-8,avenue,minecraft:gray_concrete
6,0,-8,avenue,minecraft:gray_concrete
7,0,-8,avenue,minecraft:gray_concrete
8,0,-8,avenue,minecraft:gray_concrete
9,0,-8,avenue,minecraft:gray_concrete
10,0,-8,avenue,minecraft:gray_concrete
11,0,-8,avenue,minecraft:gray_concrete
12,0,-8,avenue,minecraft:gray_concrete
13,0,-8,crossing,minecraft:white_concrete
14,0,-8,crossing,minecraft:white_concrete
15,0,-8,avenue,minecraft:gray_concrete
16,0,-8,avenue,minecraft:gray_concrete
17,0,-8,avenue,minecraft:gray_concrete
18,0,-8,avenue,minecraft:gray_concrete
19,0,-8,avenue,minecraft:gray_concrete
20,0,-8,avenue,minecraft:gray_concrete
21,0,-8,avenue,minecraft:gray_concrete
22,0,-8,avenue,minecraft:gray_concrete
23,0,-8,avenue,minecraft:gray_concrete
24,0,-8,avenue,minecraft:gray_concrete
25,0,-8,avenue,minecraft:gray_concrete
26,0,-8,avenue,minecraft:gray_concrete
27,0,-8,avenue,minecraft:gray_concrete
28,0,-8,avenue,minecraft:gray_concrete
29,0,-8,avenue,minecraft:gray_concrete
30,0,-8,avenue,minecraft:gray_concrete
31,0,-8,avenue,minecraft:gray_concrete
32,0,-8,avenue,minecraft:gray_concrete
33,0,-8,avenue,minecraft:gray_concrete
34,0,-8,avenue,minecraft:gray_concrete
35,0,-8,avenue,minecraft:gray_concrete
36,0,-8,avenue,minecraft:gray_concrete
37,0,-8,avenue,minecraft:gray_concrete
38,0,-8,avenue,minecraft:gray_concrete
39,0,-8,avenue,minecraft:gray_concrete
40,0,-8,avenue,minecraft:gray_concrete
41,0,-8,avenue,minecraft:gray_concrete
42,0,-8,avenue,minecraft:gray_concrete
43,0,-8,avenue,minecraft:gray_concrete
44,0,-8,avenue,minecraft:gray_concrete
45,0,-8,avenue,minecraft:gray_concrete
46,0,-8,avenue,minecraft:gray_concrete
47,0,-8,avenue,minecraft:gray_concrete
48,0,-8,avenue,minecraft:gray_concrete
49,0,-8,avenue,minecraft:gray_concrete
50,0,-8,avenue,minecraft:gray_concrete
51,0,-8,avenue,minecraft:gray_concrete
52,0,-8,avenue,minecraft:gray_concrete
53,0,-8,avenue,minecraft:gray_concrete
54,0,-8,avenue,minecraft:gray_concrete
55,0,-8,avenue,minecraft:gray_concrete
56,0,-8,avenue,minecraft:gray_concrete
57,0,-8,avenue,minecraft:gray_concrete
58,0,-8,avenue,minecraft:gray_concrete
59,0,-8,avenue,minecraft:gray_concrete
60,0,-8,avenue,minecraft:gray_concrete
61,0,-8,avenue,minecraft:gray_concrete
62,0,-8,avenue,minecraft:gray_concrete
63,0,-8,avenue,minecraft:gray_concrete
64,0,-8,avenue,minecraft:gray_concrete
65,0,-8,avenue,minecraft:gray_concrete
66,0,-8,alley,minecraft:polished_andesite
67,0,-8,alley,minecraft:polished_andesite
68,0,-8,alley,minecraft:polished_andesite
69,0,-8,alley,minecraft:polished_andesite
70,0,-8,avenue,minecraft:gray_concrete
71,0,-8,avenue,minecraft:gray_concrete
72,0,-8,avenue,minecraft:gray_concrete
73,0,-8,avenue,minecraft:gray_concrete
74,0,-8,avenue,minecraft:gray_concrete
75,0,-8,avenue,minecraft:gray_concrete
76,0,-8,avenue,minecraft:gray_concrete
77,0,-8,avenue,minecraft:gray_concrete
78,0,-8,avenue,minecraft:gray_concrete
79,0,-8,avenue,minecraft:gray_concrete
80,0,-8,avenue,minecraft:gray_concrete
81,0,-8,avenue,minecraft:gray_concrete
-81,0,-7,avenue,minecraft:gray_concrete
-80,0,-7,avenue,minecraft:gray_concrete
-79,0,-7,avenue,minecraft:gray_concrete
-78,0,-7,avenue,minecraft:gray_concrete
-77,0,-7,avenue,minecraft:gray_concrete
-76,0,-7,avenue,minecraft:gray_concrete
-75,0,-7,avenue,minecraft:gray_concrete
-74,0,-7,avenue,minecraft:gray_concrete
-73,0,-7,avenue,minecraft:gray_concrete
-72,0,-7,avenue,minecraft:gray_concrete
-71,0,-7,alley,minecraft:polished_andesite
-70,0,-7,alley,minecraft:polished_andesite
-69,0,-7,alley,minecraft:polished_andesite
-68,0,-7,alley,minecraft:polished_andesite
-67,0,-7,avenue,minecraft:gray_concrete
-66,0,-7,avenue,minecraft:gray_concrete
-65,0,-7,avenue,minecraft:gray_concrete
-64,0,-7,avenue,minecraft:gray_concrete
-63,0,-7,avenue,minecraft:gray_concrete
-62,0,-7,avenue,minecraft:gray_concrete
-61,0,-7,avenue,minecraft:gray_concrete
-60,0,-7,avenue,minecraft:gray_concrete
-59,0,-7,avenue,minecraft:gray_concrete
-58,0,-7,avenue,minecraft:gray_concrete
-57,0,-7,avenue,minecraft:gray_concrete
-56,0,-7,avenue,minecraft:gray_concrete
-55,0,-7,avenue,minecraft:gray_concrete
-54,0,-7,avenue,minecraft:gray_concrete
-53,0,-7,avenue,minecraft:gray_concrete
-52,0,-7,avenue,minecraft:gray_concrete
-51,0,-7,avenue,minecraft:gray_concrete
-50,0,-7,avenue,minecraft:gray_concrete
-49,0,-7,avenue,minecraft:gray_concrete
-48,0,-7,avenue,minecraft:gray_concrete
-47,0,-7,avenue,minecraft:gray_concrete
-46,0,-7,avenue,minecraft:gray_concrete
-45,0,-7,avenue,minecraft:gray_concrete
-44,0,-7,avenue,minecraft:gray_concrete
-43,0,-7,avenue,minecraft:gray_concrete
-42,0,-7,avenue,minecraft:gray_concrete
-41,0,-7,avenue,minecraft:gray_concrete
-40,0,-7,avenue,minecraft:gray_concrete
-39,0,-7,avenue,minecraft:gray_concrete
-38,0,-7,avenue,minecraft:gray_concrete
-37,0,-7,avenue,minecraft:gray_concrete
-36,0,-7,avenue,minecraft:gray_concrete
-35,0,-7,avenue,minecraft:gray_concrete
-34,0,-7,avenue,minecraft:gray_concrete
-33,0,-7,avenue,minecraft:gray_concrete
-32,0,-7,avenue,minecraft:gray_concrete
-31,0,-7,avenue,minecraft:gray_concrete
-30,0,-7,avenue,minecraft:gray_concrete
-29,0,-7,avenue,minecraft:gray_concrete
-28,0,-7,avenue,minecraft:gray_concrete
-27,0,-7,avenue,minecraft:gray_concrete
-26,0,-7,avenue,minecraft:gray_concrete
-25,0,-7,avenue,minecraft:gray_concrete
-24,0,-7,avenue,minecraft:gray_concrete
-23,0,-7,avenue,minecraft:gray_concrete
-22,0,-7,avenue,minecraft:gray_concrete
-21,0,-7,avenue,minecraft:gray_concrete
-20,0,-7,avenue,minecraft:gray_concrete
-19,0,-7,avenue,minecraft:gray_concrete
-18,0,-7,avenue,minecraft:gray_concrete
-17,0,-7,avenue,minecraft:gray_concrete
-16,0,-7,crossing,minecraft:white_concrete
-15,0,-7,crossing,minecraft:white_concrete
-14,0,-7,avenue,minecraft:gray_concrete
-13,0,-7,avenue,minecraft:gray_concrete
-12,0,-7,avenue,minecraft:gray_concrete
-11,0,-7,avenue,minecraft:gray_concrete
-10,0,-7,avenue,minecraft:gray_concrete
-9,0,-7,avenue,minecraft:gray_concrete
-8,0,-7,avenue,minecraft:gray_concrete
-7,0,-7,avenue,minecraft:gray_concrete
-6,0,-7,avenue,minecraft:gray_concrete
-5,0,-7,avenue,minecraft:gray_concrete
-4,0,-7,avenue,minecraft:gray_concrete
-3,0,-7,avenue,minecraft:gray_concrete
-2,0,-7,avenue,minecraft:gray_concrete
-1,0,-7,avenue,minecraft:gray_concrete
0,0,-7,avenue,minecraft:gray_concrete
1,0,-7,avenue,minecraft:gray_concrete
2,0,-7,avenue,minecraft:gray_concrete
3,0,-7,avenue,minecraft:gray_concrete
4,0,-7,avenue,minecraft:gray_concrete
5,0,-7,avenue,minecraft:gray_concrete
6,0,-7,avenue,minecraft:gray_concrete
7,0,-7,avenue,minecraft:gray_concrete
8,0,-7,avenue,minecraft:gray_concrete
9,0,-7,avenue,minecraft:gray_concrete
10,0,-7,avenue,minecraft:gray_concrete
11,0,-7,avenue,minecraft:gray_concrete
12,0,-7,avenue,minecraft:gray_concrete
13,0,-7,crossing,minecraft:white_concrete
14,0,-7,crossing,minecraft:white_concrete
15,0,-7,avenue,minecraft:gray_concrete
16,0,-7,avenue,minecraft:gray_concrete
17,0,-7,avenue,minecraft:gray_concrete
18,0,-7,avenue,minecraft:gray_concrete
19,0,-7,avenue,minecraft:gray_concrete
20,0,-7,avenue,minecraft:gray_concrete
21,0,-7,avenue,minecraft:gray_concrete
22,0,-7,avenue,minecraft:gray_concrete
23,0,-7,avenue,minecraft:gray_concrete
24,0,-7,avenue,minecraft:gray_concrete
25,0,-7,avenue,minecraft:gray_concrete
26,0,-7,avenue,minecraft:gray_concrete
27,0,-7,avenue,minecraft:gray_concrete
28,0,-7,avenue,minecraft:gray_concrete
29,0,-7,avenue,minecraft:gray_concrete
30,0,-7,avenue,minecraft:gray_concrete
31,0,-7,avenue,minecraft:gray_concrete
32,0,-7,avenue,minecraft:gray_concrete
33,0,-7,avenue,minecraft:gray_concrete
34,0,-7,avenue,minecraft:gray_concrete
35,0,-7,avenue,minecraft:gray_concrete
36,0,-7,avenue,minecraft:gray_concrete
37,0,-7,avenue,minecraft:gray_concrete
38,0,-7,avenue,minecraft:gray_concrete
39,0,-7,avenue,minecraft:gray_concrete
40,0,-7,avenue,minecraft:gray_concrete
41,0,-7,avenue,minecraft:gray_concrete
42,0,-7,avenue,minecraft:gray_concrete
43,0,-7,avenue,minecraft:gray_concrete
44,0,-7,avenue,minecraft:gray_concrete
45,0,-7,avenue,minecraft:gray_concrete
46,0,-7,avenue,minecraft:gray_concrete
47,0,-7,avenue,minecraft:gray_concrete
48,0,-7,avenue,minecraft:gray_concrete
49,0,-7,avenue,minecraft:gray_concrete
50,0,-7,avenue,minecraft:gray_concrete
51,0,-7,avenue,minecraft:gray_concrete
52,0,-7,avenue,minecraft:gray_concrete
53,0,-7,avenue,minecraft:gray_concrete
54,0,-7,avenue,minecraft:gray_concrete
55,0,-7,avenue,minecraft:gray_concrete
56,0,-7,avenue,minecraft:gray_concrete
57,0,-7,avenue,minecraft:gray_concrete
58,0,-7,avenue,minecraft:gray_concrete
59,0,-7,avenue,minecraft:gray_concrete
60,0,-7,avenue,minecraft:gray_concrete
61,0,-7,avenue,minecraft:gray_concrete
62,0,-7,avenue,minecraft:gray_concrete
63,0,-7,avenue,minecraft:gray_concrete
64,0,-7,avenue,minecraft:gray_concrete
65,0,-7,avenue,minecraft:gray_concrete
66,0,-7,alley,minecraft:polished_andesite
67,0,-7,alley,minecraft:polished_andesite
68,0,-7,alley,minecraft:polished_andesite
69,0,-7,alley,minecraft:polished_andesite
70,0,-7,avenue,minecraft:gray_concrete
71,0,-7,avenue,minecraft:gray_concrete
72,0,-7,avenue,minecraft:gray_concrete
73,0,-7,avenue,minecraft:gray_concrete
74,0,-7,avenue,minecraft:gray_concrete
75,0,-7,avenue,minecraft:gray_concrete
76,0,-7,avenue,minecraft:gray_concrete
77,0,-7,avenue,minecraft:gray_concrete
78,0,-7,avenue,minecraft:gray_concrete
79,0,-7,avenue,minecraft:gray_concrete
80,0,-7,avenue,minecraft:gray_concrete
81,0,-7,avenue,minecraft:gray_concrete
-81,0,-6,avenue,minecraft:gray_concrete
-80,0,-6,avenue,minecraft:gray_concrete
-79,0,-6,avenue,minecraft:gray_concrete
-78,0,-6,avenue,minecraft:gray_concrete
-77,0,-6,avenue,minecraft:gray_concrete
-76,0,-6,avenue,minecraft:gray_concrete
-75,0,-6,avenue,minecraft:gray_concrete
-74,0,-6,avenue,minecraft:gray_concrete
-73,0,-6,avenue,minecraft:gray_concrete
-72,0,-6,avenue,minecraft:gray_concrete
-71,0,-6,alley,minecraft:polished_andesite
-70,0,-6,alley,minecraft:polished_andesite
-69,0,-6,alley,minecraft:polished_andesite
-68,0,-6,alley,minecraft:polished_andesite
-67,0,-6,avenue,minecraft:gray_concrete
-66,0,-6,avenue,minecraft:gray_concrete
-65,0,-6,avenue,minecraft:gray_concrete
-64,0,-6,avenue,minecraft:gray_concrete
-63,0,-6,avenue,minecraft:gray_concrete
-62,0,-6,avenue,minecraft:gray_concrete
-61,0,-6,avenue,minecraft:gray_concrete
-60,0,-6,avenue,minecraft:gray_concrete
-59,0,-6,avenue,minecraft:gray_concrete
-58,0,-6,avenue,minecraft:gray_concrete
-57,0,-6,avenue,minecraft:gray_concrete
-56,0,-6,avenue,minecraft:gray_concrete
-55,0,-6,avenue,minecraft:gray_concrete
-54,0,-6,avenue,minecraft:gray_concrete
-53,0,-6,avenue,minecraft:gray_concrete
-52,0,-6,avenue,minecraft:gray_concrete
-51,0,-6,avenue,minecraft:gray_concrete
-50,0,-6,avenue,minecraft:gray_concrete
-49,0,-6,avenue,minecraft:gray_concrete
-48,0,-6,avenue,minecraft:gray_concrete
-47,0,-6,avenue,minecraft:gray_concrete
-46,0,-6,avenue,minecraft:gray_concrete
-45,0,-6,avenue,minecraft:gray_concrete
-44,0,-6,avenue,minecraft:gray_concrete
-43,0,-6,avenue,minecraft:gray_concrete
-42,0,-6,avenue,minecraft:gray_concrete
-41,0,-6,avenue,minecraft:gray_concrete
-40,0,-6,avenue,minecraft:gray_concrete
-39,0,-6,avenue,minecraft:gray_concrete
-38,0,-6,avenue,minecraft:gray_concrete
-37,0,-6,avenue,minecraft:gray_concrete
-36,0,-6,avenue,minecraft:gray_concrete
-35,0,-6,avenue,minecraft:gray_concrete
-34,0,-6,avenue,minecraft:gray_concrete
-33,0,-6,avenue,minecraft:gray_concrete
-32,0,-6,avenue,minecraft:gray_concrete
-31,0,-6,avenue,minecraft:gray_concrete
-30,0,-6,avenue,minecraft:gray_concrete
-29,0,-6,avenue,minecraft:gray_concrete
-28,0,-6,avenue,minecraft:gray_concrete
-27,0,-6,avenue,minecraft:gray_concrete
-26,0,-6,avenue,minecraft:gray_concrete
-25,0,-6,avenue,minecraft:gray_concrete
-24,0,-6,avenue,minecraft:gray_concrete
-23,0,-6,avenue,minecraft:gray_concrete
-22,0,-6,avenue,minecraft:gray_concrete
-21,0,-6,avenue,minecraft:gray_concrete
-20,0,-6,avenue,minecraft:gray_concrete
-19,0,-6,avenue,minecraft:gray_concrete
-18,0,-6,avenue,minecraft:gray_concrete
-17,0,-6,avenue,minecraft:gray_concrete
-16,0,-6,crossing,minecraft:white_concrete
-15,0,-6,crossing,minecraft:white_concrete
-14,0,-6,avenue,minecraft:gray_concrete
-13,0,-6,avenue,minecraft:gray_concrete
-12,0,-6,avenue,minecraft:gray_concrete
-11,0,-6,avenue,minecraft:gray_concrete
-10,0,-6,avenue,minecraft:gray_concrete
-9,0,-6,avenue,minecraft:gray_concrete
-8,0,-6,avenue,minecraft:gray_concrete
-7,0,-6,avenue,minecraft:gray_concrete
-6,0,-6,avenue,minecraft:gray_concrete
-5,0,-6,avenue,minecraft:gray_concrete
-4,0,-6,avenue,minecraft:gray_concrete
-3,0,-6,avenue,minecraft:gray_concrete
-2,0,-6,avenue,minecraft:gray_concrete
-1,0,-6,avenue,minecraft:gray_concrete
0,0,-6,avenue,minecraft:gray_concrete
1,0,-6,avenue,minecraft:gray_concrete
2,0,-6,avenue,minecraft:gray_concrete
3,0,-6,avenue,minecraft:gray_concrete
4,0,-6,avenue,minecraft:gray_concrete
5,0,-6,avenue,minecraft:gray_concrete
6,0,-6,avenue,minecraft:gray_concrete
7,0,-6,avenue,minecraft:gray_concrete
8,0,-6,avenue,minecraft:gray_concrete
9,0,-6,avenue,minecraft:gray_concrete
10,0,-6,avenue,minecraft:gray_concrete
11,0,-6,avenue,minecraft:gray_concrete
12,0,-6,avenue,minecraft:gray_concrete
13,0,-6,crossing,minecraft:white_concrete
14,0,-6,crossing,minecraft:white_concrete
15,0,-6,avenue,minecraft:gray_concrete
16,0,-6,avenue,minecraft:gray_concrete
17,0,-6,avenue,minecraft:gray_concrete
18,0,-6,avenue,minecraft:gray_concrete
19,0,-6,avenue,minecraft:gray_concrete
20,0,-6,avenue,minecraft:gray_concrete
21,0,-6,avenue,minecraft:gray_concrete
22,0,-6,avenue,minecraft:gray_concrete
23,0,-6,avenue,minecraft:gray_concrete
24,0,-6,avenue,minecraft:gray_concrete
25,0,-6,avenue,minecraft:gray_concrete
26,0,-6,avenue,minecraft:gray_concrete
27,0,-6,avenue,minecraft:gray_concrete
28,0,-6,avenue,minecraft:gray_concrete
29,0,-6,avenue,minecraft:gray_concrete
30,0,-6,avenue,minecraft:gray_concrete
31,0,-6,avenue,minecraft:gray_concrete
32,0,-6,avenue,minecraft:gray_concrete
33,0,-6,avenue,minecraft:gray_concrete
34,0,-6,avenue,minecraft:gray_concrete
35,0,-6,avenue,minecraft:gray_concrete
36,0,-6,avenue,minecraft:gray_concrete
37,0,-6,avenue,minecraft:gray_concrete
38,0,-6,avenue,minecraft:gray_concrete
39,0,-6,avenue,minecraft:gray_concrete
40,0,-6,avenue,minecraft:gray_concrete
41,0,-6,avenue,minecraft:gray_concrete
42,0,-6,avenue,minecraft:gray_concrete
43,0,-6,avenue,minecraft:gray_concrete
44,0,-6,avenue,minecraft:gray_concrete
45,0,-6,avenue,minecraft:gray_concrete
46,0,-6,avenue,minecraft:gray_concrete
47,0,-6,avenue,minecraft:gray_concrete
48,0,-6,avenue,minecraft:gray_concrete
49,0,-6,avenue,minecraft:gray_concrete
50,0,-6,avenue,minecraft:gray_concrete
51,0,-6,avenue,minecraft:gray_concrete
52,0,-6,avenue,minecraft:gray_concrete
53,0,-6,avenue,minecraft:gray_concrete
54,0,-6,avenue,minecraft:gray_concrete
55,0,-6,avenue,minecraft:gray_concrete
56,0,-6,avenue,minecraft:gray_concrete
57,0,-6,avenue,minecraft:gray_concrete
58,0,-6,avenue,minecraft:gray_concrete
59,0,-6,avenue,minecraft:gray_concrete
60,0,-6,avenue,minecraft:gray_concrete
61,0,-6,avenue,minecraft:gray_concrete
62,0,-6,avenue,minecraft:gray_concrete
63,0,-6,avenue,minecraft:gray_concrete
64,0,-6,avenue,minecraft:gray_concrete
65,0,-6,avenue,minecraft:gray_concrete
66,0,-6,alley,minecraft:polished_andesite
67,0,-6,alley,minecraft:polished_andesite
68,0,-6,alley,minecraft:polished_andesite
69,0,-6,alley,minecraft:polished_andesite
70,0,-6,avenue,minecraft:gray_concrete
71,0,-6,avenue,minecraft:gray_concrete
72,0,-6,avenue,minecraft:gray_concrete
73,0,-6,avenue,minecraft:gray_concrete
74,0,-6,avenue,minecraft:gray_concrete
75,0,-6,avenue,minecraft:gray_concrete
76,0,-6,avenue,minecraft:gray_concrete
77,0,-6,avenue,minecraft:gray_concrete
78,0,-6,avenue,minecraft:gray_concrete
79,0,-6,avenue,minecraft:gray_concrete
80,0,-6,avenue,minecraft:gray_concrete
81,0,-6,avenue,minecraft:gray_concrete
-81,0,-5,avenue,minecraft:gray_concrete
-80,0,-5,avenue,minecraft:gray_concrete
-79,0,-5,avenue,minecraft:gray_concrete
-78,0,-5,avenue,minecraft:gray_concrete
-77,0,-5,avenue,minecraft:gray_concrete
-76,0,-5,avenue,minecraft:gray_concrete
-75,0,-5,avenue,minecraft:gray_concrete
-74,0,-5,avenue,minecraft:gray_concrete
-73,0,-5,avenue,minecraft:gray_concrete
-72,0,-5,avenue,minecraft:gray_concrete
-71,0,-5,alley,minecraft:polished_andesite
-70,0,-5,alley,minecraft:polished_andesite
-69,0,-5,alley,minecraft:polished_andesite
-68,0,-5,alley,minecraft:polished_andesite
-67,0,-5,avenue,minecraft:gray_concrete
-66,0,-5,avenue,minecraft:gray_concrete
-65,0,-5,avenue,minecraft:gray_concrete
-64,0,-5,avenue,minecraft:gray_concrete
-63,0,-5,avenue,minecraft:gray_concrete
-62,0,-5,avenue,minecraft:gray_concrete
-61,0,-5,avenue,minecraft:gray_concrete
-60,0,-5,avenue,minecraft:gray_concrete
-59,0,-5,avenue,minecraft:gray_concrete
-58,0,-5,avenue,minecraft:gray_concrete
-57,0,-5,avenue,minecraft:gray_concrete
-56,0,-5,avenue,minecraft:gray_concrete
-55,0,-5,avenue,minecraft:gray_concrete
-54,0,-5,avenue,minecraft:gray_concrete
-53,0,-5,avenue,minecraft:gray_concrete
-52,0,-5,avenue,minecraft:gray_concrete
-51,0,-5,avenue,minecraft:gray_concrete
-50,0,-5,avenue,minecraft:gray_concrete
-49,0,-5,avenue,minecraft:gray_concrete
-48,0,-5,avenue,minecraft:gray_concrete
-47,0,-5,avenue,minecraft:gray_concrete
-46,0,-5,avenue,minecraft:gray_concrete
-45,0,-5,avenue,minecraft:gray_concrete
-44,0,-5,avenue,minecraft:gray_concrete
-43,0,-5,avenue,minecraft:gray_concrete
-42,0,-5,avenue,minecraft:gray_concrete
-41,0,-5,avenue,minecraft:gray_concrete
-40,0,-5,avenue,minecraft:gray_concrete
-39,0,-5,avenue,minecraft:gray_concrete
-38,0,-5,avenue,minecraft:gray_concrete
-37,0,-5,avenue,minecraft:gray_concrete
-36,0,-5,avenue,minecraft:gray_concrete
-35,0,-5,avenue,minecraft:gray_concrete
-34,0,-5,avenue,minecraft:gray_concrete
-33,0,-5,avenue,minecraft:gray_concrete
-32,0,-5,avenue,minecraft:gray_concrete
-31,0,-5,avenue,minecraft:gray_concrete
-30,0,-5,avenue,minecraft:gray_concrete
-29,0,-5,avenue,minecraft:gray_concrete
-28,0,-5,avenue,minecraft:gray_concrete
-27,0,-5,avenue,minecraft:gray_concrete
-26,0,-5,avenue,minecraft:gray_concrete
-25,0,-5,avenue,minecraft:gray_concrete
-24,0,-5,avenue,minecraft:gray_concrete
-23,0,-5,avenue,minecraft:gray_concrete
-22,0,-5,avenue,minecraft:gray_concrete
-21,0,-5,avenue,minecraft:gray_concrete
-20,0,-5,avenue,minecraft:gray_concrete
-19,0,-5,avenue,minecraft:gray_concrete
-18,0,-5,avenue,minecraft:gray_concrete
-17,0,-5,avenue,minecraft:gray_concrete
-16,0,-5,crossing,minecraft:white_concrete
-15,0,-5,crossing,minecraft:white_concrete
-14,0,-5,avenue,minecraft:gray_concrete
-13,0,-5,avenue,minecraft:gray_concrete
-12,0,-5,avenue,minecraft:gray_concrete
-11,0,-5,avenue,minecraft:gray_concrete
-10,0,-5,avenue,minecraft:gray_concrete
-9,0,-5,avenue,minecraft:gray_concrete
-8,0,-5,avenue,minecraft:gray_concrete
-7,0,-5,avenue,minecraft:gray_concrete
-6,0,-5,avenue,minecraft:gray_concrete
-5,0,-5,avenue,minecraft:gray_concrete
-4,0,-5,avenue,minecraft:gray_concrete
-3,0,-5,avenue,minecraft:gray_concrete
-2,0,-5,avenue,minecraft:gray_concrete
-1,0,-5,avenue,minecraft:gray_concrete
0,0,-5,avenue,minecraft:gray_concrete
1,0,-5,avenue,minecraft:gray_concrete
2,0,-5,avenue,minecraft:gray_concrete
3,0,-5,avenue,minecraft:gray_concrete
4,0,-5,avenue,minecraft:gray_concrete
5,0,-5,avenue,minecraft:gray_concrete
6,0,-5,avenue,minecraft:gray_concrete
7,0,-5,avenue,minecraft:gray_concrete
8,0,-5,avenue,minecraft:gray_concrete
9,0,-5,avenue,minecraft:gray_concrete
10,0,-5,avenue,minecraft:gray_concrete
11,0,-5,avenue,minecraft:gray_concrete
12,0,-5,avenue,minecraft:gray_concrete
13,0,-5,crossing,minecraft:white_concrete
14,0,-5,crossing,minecraft:white_concrete
15,0,-5,avenue,minecraft:gray_concrete
16,0,-5,avenue,minecraft:gray_concrete
17,0,-5,avenue,minecraft:gray_concrete
18,0,-5,avenue,minecraft:gray_concrete
19,0,-5,avenue,minecraft:gray_concrete
20,0,-5,avenue,minecraft:gray_concrete
21,0,-5,avenue,minecraft:gray_concrete
22,0,-5,avenue,minecraft:gray_concrete
23,0,-5,avenue,minecraft:gray_concrete
24,0,-5,avenue,minecraft:gray_concrete
25,0,-5,avenue,minecraft:gray_concrete
26,0,-5,avenue,minecraft:gray_concrete
27,0,-5,avenue,minecraft:gray_concrete
28,0,-5,avenue,minecraft:gray_concrete
29,0,-5,avenue,minecraft:gray_concrete
30,0,-5,avenue,minecraft:gray_concrete
31,0,-5,avenue,minecraft:gray_concrete
32,0,-5,avenue,minecraft:gray_concrete
33,0,-5,avenue,minecraft:gray_concrete
34,0,-5,avenue,minecraft:gray_concrete
35,0,-5,avenue,minecraft:gray_concrete
36,0,-5,avenue,minecraft:gray_concrete
37,0,-5,avenue,minecraft:gray_concrete
38,0,-5,avenue,minecraft:gray_concrete
39,0,-5,avenue,minecraft:gray_concrete
40,0,-5,avenue,minecraft:gray_concrete
41,0,-5,avenue,minecraft:gray_concrete
42,0,-5,avenue,minecraft:gray_concrete
43,0,-5,avenue,minecraft:gray_concrete
44,0,-5,avenue,minecraft:gray_concrete
45,0,-5,avenue,minecraft:gray_concrete
46,0,-5,avenue,minecraft:gray_concrete
47,0,-5,avenue,minecraft:gray_concrete
48,0,-5,avenue,minecraft:gray_concrete
49,0,-5,avenue,minecraft:gray_concrete
50,0,-5,avenue,minecraft:gray_concrete
51,0,-5,avenue,minecraft:gray_concrete
52,0,-5,avenue,minecraft:gray_concrete
53,0,-5,avenue,minecraft:gray_concrete
54,0,-5,avenue,minecraft:gray_concrete
55,0,-5,avenue,minecraft:gray_concrete
56,0,-5,avenue,minecraft:gray_concrete
57,0,-5,avenue,minecraft:gray_concrete
58,0,-5,avenue,minecraft:gray_concrete
59,0,-5,avenue,minecraft:gray_concrete
60,0,-5,avenue,minecraft:gray_concrete
61,0,-5,avenue,minecraft:gray_concrete
62,0,-5,avenue,minecraft:gray_concrete
63,0,-5,avenue,minecraft:gray_concrete
64,0,-5,avenue,minecraft:gray_concrete
65,0,-5,avenue,minecraft:gray_concrete
66,0,-5,alley,minecraft:polished_andesite
67,0,-5,alley,minecraft:polished_andesite
68,0,-5,alley,minecraft:polished_andesite
69,0,-5,alley,minecraft:polished_andesite
70,0,-5,avenue,minecraft:gray_concrete
71,0,-5,avenue,minecraft:gray_concrete
72,0,-5,avenue,minecraft:gray_concrete
73,0,-5,avenue,minecraft:gray_concrete
74,0,-5,avenue,minecraft:gray_concrete
75,0,-5,avenue,minecraft:gray_concrete
76,0,-5,avenue,minecraft:gray_concrete
77,0,-5,avenue,minecraft:gray_concrete
78,0,-5,avenue,minecraft:gray_concrete
79,0,-5,avenue,minecraft:gray_concrete
80,0,-5,avenue,minecraft:gray_concrete
81,0,-5,avenue,minecraft:gray_concrete
-81,0,-4,avenue,minecraft:gray_concrete
-80,0,-4,avenue,minecraft:gray_concrete
-79,0,-4,avenue,minecraft:gray_concrete
-78,0,-4,avenue,minecraft:gray_concrete
-77,0,-4,avenue,minecraft:gray_concrete
-76,0,-4,avenue,minecraft:gray_concrete
-75,0,-4,avenue,minecraft:gray_concrete
-74,0,-4,avenue,minecraft:gray_concrete
-73,0,-4,avenue,minecraft:gray_concrete
-72,0,-4,avenue,minecraft:gray_concrete
-71,0,-4,alley,minecraft:polished_andesite
-70,0,-4,alley,minecraft:polished_andesite
-69,0,-4,alley,minecraft:polished_andesite
-68,0,-4,alley,minecraft:polished_andesite
-67,0,-4,avenue,minecraft:gray_concrete
-66,0,-4,avenue,minecraft:gray_concrete
-65,0,-4,avenue,minecraft:gray_concrete
-64,0,-4,avenue,minecraft:gray_concrete
-63,0,-4,avenue,minecraft:gray_concrete
-62,0,-4,avenue,minecraft:gray_concrete
-61,0,-4,avenue,minecraft:gray_concrete
-60,0,-4,avenue,minecraft:gray_concrete
-59,0,-4,avenue,minecraft:gray_concrete
-58,0,-4,avenue,minecraft:gray_concrete
-57,0,-4,avenue,minecraft:gray_concrete
-56,0,-4,avenue,minecraft:gray_concrete
-55,0,-4,avenue,minecraft:gray_concrete
-54,0,-4,avenue,minecraft:gray_concrete
-53,0,-4,avenue,minecraft:gray_concrete
-52,0,-4,avenue,minecraft:gray_concrete
-51,0,-4,avenue,minecraft:gray_concrete
-50,0,-4,avenue,minecraft:gray_concrete
-49,0,-4,avenue,minecraft:gray_concrete
-48,0,-4,avenue,minecraft:gray_concrete
-47,0,-4,avenue,minecraft:gray_concrete
-46,0,-4,avenue,minecraft:gray_concrete
-45,0,-4,avenue,minecraft:gray_concrete
-44,0,-4,avenue,minecraft:gray_concrete
-43,0,-4,avenue,minecraft:gray_concrete
-42,0,-4,avenue,minecraft:gray_concrete
-41,0,-4,avenue,minecraft:gray_concrete
-40,0,-4,avenue,minecraft:gray_concrete
-39,0,-4,avenue,minecraft:gray_concrete
-38,0,-4,avenue,minecraft:gray_concrete
-37,0,-4,avenue,minecraft:gray_concrete
-36,0,-4,avenue,minecraft:gray_concrete
-35,0,-4,avenue,minecraft:gray_concrete
-34,0,-4,avenue,minecraft:gray_concrete
-33,0,-4,avenue,minecraft:gray_concrete
-32,0,-4,avenue,minecraft:gray_concrete
-31,0,-4,avenue,minecraft:gray_concrete
-30,0,-4,avenue,minecraft:gray_concrete
-29,0,-4,avenue,minecraft:gray_concrete
-28,0,-4,avenue,minecraft:gray_concrete
-27,0,-4,avenue,minecraft:gray_concrete
-26,0,-4,avenue,minecraft:gray_concrete
-25,0,-4,avenue,minecraft:gray_concrete
-24,0,-4,avenue,minecraft:gray_concrete
-23,0,-4,avenue,minecraft:gray_concrete
-22,0,-4,avenue,minecraft:gray_concrete
-21,0,-4,avenue,minecraft:gray_concrete
-20,0,-4,avenue,minecraft:gray_concrete
-19,0,-4,avenue,minecraft:gray_concrete
-18,0,-4,avenue,minecraft:gray_concrete
-17,0,-4,avenue,minecraft:gray_concrete
-16,0,-4,crossing,minecraft:white_concrete
-15,0,-4,crossing,minecraft:white_concrete
-14,0,-4,avenue,minecraft:gray_concrete
-13,0,-4,avenue,minecraft:gray_concrete
-12,0,-4,avenue,minecraft:gray_concrete
-11,0,-4,avenue,minecraft:gray_concrete
-10,0,-4,avenue,minecraft:gray_concrete
-9,0,-4,avenue,minecraft:gray_concrete
-8,0,-4,avenue,minecraft:gray_concrete
-7,0,-4,avenue,minecraft:gray_concrete
-6,0,-4,avenue,minecraft:gray_concrete
-5,0,-4,avenue,minecraft:gray_concrete
-4,0,-4,avenue,minecraft:gray_concrete
-3,0,-4,avenue,minecraft:gray_concrete
-2,0,-4,avenue,minecraft:gray_concrete
-1,0,-4,avenue,minecraft:gray_concrete
0,0,-4,avenue,minecraft:gray_concrete
1,0,-4,avenue,minecraft:gray_concrete
2,0,-4,avenue,minecraft:gray_concrete
3,0,-4,avenue,minecraft:gray_concrete
4,0,-4,avenue,minecraft:gray_concrete
5,0,-4,avenue,minecraft:gray_concrete
6,0,-4,avenue,minecraft:gray_concrete
7,0,-4,avenue,minecraft:gray_concrete
8,0,-4,avenue,minecraft:gray_concrete
9,0,-4,avenue,minecraft:gray_concrete
10,0,-4,avenue,minecraft:gray_concrete
11,0,-4,avenue,minecraft:gray_concrete
12,0,-4,avenue,minecraft:gray_concrete
13,0,-4,crossing,minecraft:white_concrete
14,0,-4,crossing,minecraft:white_concrete
15,0,-4,avenue,minecraft:gray_concrete
16,0,-4,avenue,minecraft:gray_concrete
17,0,-4,avenue,minecraft:gray_concrete
18,0,-4,avenue,minecraft:gray_concrete
19,0,-4,avenue,minecraft:gray_concrete
20,0,-4,avenue,minecraft:gray_concrete
21,0,-4,avenue,minecraft:gray_concrete
22,0,-4,avenue,minecraft:gray_concrete
23,0,-4,avenue,minecraft:gray_concrete
24,0,-4,avenue,minecraft:gray_concrete
25,0,-4,avenue,minecraft:gray_concrete
26,0,-4,avenue,minecraft:gray_concrete
27,0,-4,avenue,minecraft:gray_concrete
28,0,-4,avenue,minecraft:gray_concrete
29,0,-4,avenue,minecraft:gray_concrete
30,0,-4,avenue,minecraft:gray_concrete
31,0,-4,avenue,minecraft:gray_concrete
32,0,-4,avenue,minecraft:gray_concrete
33,0,-4,avenue,minecraft:gray_concrete
34,0,-4,avenue,minecraft:gray_concrete
35,0,-4,avenue,minecraft:gray_concrete
36,0,-4,avenue,minecraft:gray_concrete
37,0,-4,avenue,minecraft:gray_concrete
38,0,-4,avenue,minecraft:gray_concrete
39,0,-4,avenue,minecraft:gray_concrete
40,0,-4,avenue,minecraft:gray_concrete
41,0,-4,avenue,minecraft:gray_concrete
42,0,-4,avenue,minecraft:gray_concrete
43,0,-4,avenue,minecraft:gray_concrete
44,0,-4,avenue,minecraft:gray_concrete
45,0,-4,avenue,minecraft:gray_concrete
46,0,-4,avenue,minecraft:gray_concrete
47,0,-4,avenue,minecraft:gray_concrete
48,0,-4,avenue,minecraft:gray_concrete
49,0,-4,avenue,minecraft:gray_concrete
50,0,-4,avenue,minecraft:gray_concrete
51,0,-4,avenue,minecraft:gray_concrete
52,0,-4,avenue,minecraft:gray_concrete
53,0,-4,avenue,minecraft:gray_concrete
54,0,-4,avenue,minecraft:gray_concrete
55,0,-4,avenue,minecraft:gray_concrete
56,0,-4,avenue,minecraft:gray_concrete
57,0,-4,avenue,minecraft:gray_concrete
58,0,-4,avenue,minecraft:gray_concrete
59,0,-4,avenue,minecraft:gray_concrete
60,0,-4,avenue,minecraft:gray_concrete
61,0,-4,avenue,minecraft:gray_concrete
62,0,-4,avenue,minecraft:gray_concrete
63,0,-4,avenue,minecraft:gray_concrete
64,0,-4,avenue,minecraft:gray_concrete
65,0,-4,avenue,minecraft:gray_concrete
66,0,-4,alley,minecraft:polished_andesite
67,0,-4,alley,minecraft:polished_andesite
68,0,-4,alley,minecraft:polished_andesite
69,0,-4,alley,minecraft:polished_andesite
70,0,-4,avenue,minecraft:gray_concrete
71,0,-4,avenue,minecraft:gray_concrete
72,0,-4,avenue,minecraft:gray_concrete
73,0,-4,avenue,minecraft:gray_concrete
74,0,-4,avenue,minecraft:gray_concrete
75,0,-4,avenue,minecraft:gray_concrete
76,0,-4,avenue,minecraft:gray_concrete
77,0,-4,avenue,minecraft:gray_concrete
78,0,-4,avenue,minecraft:gray_concrete
79,0,-4,avenue,minecraft:gray_concrete
80,0,-4,avenue,minecraft:gray_concrete
81,0,-4,avenue,minecraft:gray_concrete
-81,0,-3,avenue,minecraft:gray_concrete
-80,0,-3,avenue,minecraft:gray_concrete
-79,0,-3,avenue,minecraft:gray_concrete
-78,0,-3,avenue,minecraft:gray_concrete
-77,0,-3,avenue,minecraft:gray_concrete
-76,0,-3,avenue,minecraft:gray_concrete
-75,0,-3,avenue,minecraft:gray_concrete
-74,0,-3,avenue,minecraft:gray_concrete
-73,0,-3,avenue,minecraft:gray_concrete
-72,0,-3,avenue,minecraft:gray_concrete
-71,0,-3,alley,minecraft:polished_andesite
-70,0,-3,alley,minecraft:polished_andesite
-69,0,-3,alley,minecraft:polished_andesite
-68,0,-3,alley,minecraft:polished_andesite
-67,0,-3,avenue,minecraft:gray_concrete
-66,0,-3,avenue,minecraft:gray_concrete
-65,0,-3,avenue,minecraft:gray_concrete
-64,0,-3,avenue,minecraft:gray_concrete
-63,0,-3,avenue,minecraft:gray_concrete
-62,0,-3,avenue,minecraft:gray_concrete
-61,0,-3,avenue,minecraft:gray_concrete
-60,0,-3,avenue,minecraft:gray_concrete
-59,0,-3,avenue,minecraft:gray_concrete
-58,0,-3,avenue,minecraft:gray_concrete
-57,0,-3,avenue,minecraft:gray_concrete
-56,0,-3,avenue,minecraft:gray_concrete
-55,0,-3,avenue,minecraft:gray_concrete
-54,0,-3,avenue,minecraft:gray_concrete
-53,0,-3,avenue,minecraft:gray_concrete
-52,0,-3,avenue,minecraft:gray_concrete
-51,0,-3,avenue,minecraft:gray_concrete
-50,0,-3,avenue,minecraft:gray_concrete
-49,0,-3,avenue,minecraft:gray_concrete
-48,0,-3,avenue,minecraft:gray_concrete
-47,0,-3,avenue,minecraft:gray_concrete
-46,0,-3,avenue,minecraft:gray_concrete
-45,0,-3,avenue,minecraft:gray_concrete
-44,0,-3,avenue,minecraft:gray_concrete
-43,0,-3,avenue,minecraft:gray_concrete
-42,0,-3,avenue,minecraft:gray_concrete
-41,0,-3,avenue,minecraft:gray_concrete
-40,0,-3,avenue,minecraft:gray_concrete
-39,0,-3,avenue,minecraft:gray_concrete
-38,0,-3,avenue,minecraft:gray_concrete
-37,0,-3,avenue,minecraft:gray_concrete
-36,0,-3,avenue,minecraft:gray_concrete
-35,0,-3,avenue,minecraft:gray_concrete
-34,0,-3,avenue,minecraft:gray_concrete
-33,0,-3,avenue,minecraft:gray_concrete
-32,0,-3,avenue,minecraft:gray_concrete
-31,0,-3,avenue,minecraft:gray_concrete
-30,0,-3,avenue,minecraft:gray_concrete
-29,0,-3,avenue,minecraft:gray_concrete
-28,0,-3,avenue,minecraft:gray_concrete
-27,0,-3,avenue,minecraft:gray_concrete
-26,0,-3,avenue,minecraft:gray_concrete
-25,0,-3,avenue,minecraft:gray_concrete
-24,0,-3,avenue,minecraft:gray_concrete
-23,0,-3,avenue,minecraft:gray_concrete
-22,0,-3,avenue,minecraft:gray_concrete
-21,0,-3,avenue,minecraft:gray_concrete
-20,0,-3,avenue,minecraft:gray_concrete
-19,0,-3,avenue,minecraft:gray_concrete
-18,0,-3,avenue,minecraft:gray_concrete
-17,0,-3,avenue,minecraft:gray_concrete
-16,0,-3,crossing,minecraft:white_concrete
-15,0,-3,crossing,minecraft:white_concrete
-14,0,-3,avenue,minecraft:gray_concrete
-13,0,-3,avenue,minecraft:gray_concrete
-12,0,-3,avenue,minecraft:gray_concrete
-11,0,-3,avenue,minecraft:gray_concrete
-10,0,-3,avenue,minecraft:gray_concrete
-9,0,-3,avenue,minecraft:gray_concrete
-8,0,-3,avenue,minecraft:gray_concrete
-7,0,-3,avenue,minecraft:gray_concrete
-6,0,-3,avenue,minecraft:gray_concrete
-5,0,-3,avenue,minecraft:gray_concrete
-4,0,-3,avenue,minecraft:gray_concrete
-3,0,-3,avenue,minecraft:gray_concrete
-2,0,-3,avenue,minecraft:gray_concrete
-1,0,-3,avenue,minecraft:gray_concrete
0,0,-3,avenue,minecraft:gray_concrete
1,0,-3,avenue,minecraft:gray_concrete
2,0,-3,avenue,minecraft:gray_concrete
3,0,-3,avenue,minecraft:gray_concrete
4,0,-3,avenue,minecraft:gray_concrete
5,0,-3,avenue,minecraft:gray_concrete
6,0,-3,avenue,minecraft:gray_concrete
7,0,-3,avenue,minecraft:gray_concrete
8,0,-3,avenue,minecraft:gray_concrete
9,0,-3,avenue,minecraft:gray_concrete
10,0,-3,avenue,minecraft:gray_concrete
11,0,-3,avenue,minecraft:gray_concrete
12,0,-3,avenue,minecraft:gray_concrete
13,0,-3,crossing,minecraft:white_concrete
14,0,-3,crossing,minecraft:white_concrete
15,0,-3,avenue,minecraft:gray_concrete
16,0,-3,avenue,minecraft:gray_concrete
17,0,-3,avenue,minecraft:gray_concrete
18,0,-3,avenue,minecraft:gray_concrete
19,0,-3,avenue,minecraft:gray_concrete
20,0,-3,avenue,minecraft:gray_concrete
21,0,-3,avenue,minecraft:gray_concrete
22,0,-3,avenue,minecraft:gray_concrete
23,0,-3,avenue,minecraft:gray_concrete
24,0,-3,avenue,minecraft:gray_concrete
25,0,-3,avenue,minecraft:gray_concrete
26,0,-3,avenue,minecraft:gray_concrete
27,0,-3,avenue,minecraft:gray_concrete
28,0,-3,avenue,minecraft:gray_concrete
29,0,-3,avenue,minecraft:gray_concrete
30,0,-3,avenue,minecraft:gray_concrete
31,0,-3,avenue,minecraft:gray_concrete
32,0,-3,avenue,minecraft:gray_concrete
33,0,-3,avenue,minecraft:gray_concrete
34,0,-3,avenue,minecraft:gray_concrete
35,0,-3,avenue,minecraft:gray_concrete
36,0,-3,avenue,minecraft:gray_concrete
37,0,-3,avenue,minecraft:gray_concrete
38,0,-3,avenue,minecraft:gray_concrete
39,0,-3,avenue,minecraft:gray_concrete
40,0,-3,avenue,minecraft:gray_concrete
41,0,-3,avenue,minecraft:gray_concrete
42,0,-3,avenue,minecraft:gray_concrete
43,0,-3,avenue,minecraft:gray_concrete
44,0,-3,avenue,minecraft:gray_concrete
45,0,-3,avenue,minecraft:gray_concrete
46,0,-3,avenue,minecraft:gray_concrete
47,0,-3,avenue,minecraft:gray_concrete
48,0,-3,avenue,minecraft:gray_concrete
49,0,-3,avenue,minecraft:gray_concrete
50,0,-3,avenue,minecraft:gray_concrete
51,0,-3,avenue,minecraft:gray_concrete
52,0,-3,avenue,minecraft:gray_concrete
53,0,-3,avenue,minecraft:gray_concrete
54,0,-3,avenue,minecraft:gray_concrete
55,0,-3,avenue,minecraft:gray_concrete
56,0,-3,avenue,minecraft:gray_concrete
57,0,-3,avenue,minecraft:gray_concrete
58,0,-3,avenue,minecraft:gray_concrete
59,0,-3,avenue,minecraft:gray_concrete
60,0,-3,avenue,minecraft:gray_concrete
61,0,-3,avenue,minecraft:gray_concrete
62,0,-3,avenue,minecraft:gray_concrete
63,0,-3,avenue,minecraft:gray_concrete
64,0,-3,avenue,minecraft:gray_concrete
65,0,-3,avenue,minecraft:gray_concrete
66,0,-3,alley,minecraft:polished_andesite
67,0,-3,alley,minecraft:polished_andesite
68,0,-3,alley,minecraft:polished_andesite
69,0,-3,alley,minecraft:polished_andesite
70,0,-3,avenue,minecraft:gray_concrete
71,0,-3,avenue,minecraft:gray_concrete
72,0,-3,avenue,minecraft:gray_concrete
73,0,-3,avenue,minecraft:gray_concrete
74,0,-3,avenue,minecraft:gray_concrete
75,0,-3,avenue,minecraft:gray_concrete
76,0,-3,avenue,minecraft:gray_concrete
77,0,-3,avenue,minecraft:gray_concrete
78,0,-3,avenue,minecraft:gray_concrete
79,0,-3,avenue,minecraft:gray_concrete
80,0,-3,avenue,minecraft:gray_concrete
81,0,-3,avenue,minecraft:gray_concrete
-81,0,-2,avenue,minecraft:gray_concrete
-80,0,-2,avenue,minecraft:gray_concrete
-79,0,-2,avenue,minecraft:gray_concrete
-78,0,-2,avenue,minecraft:gray_concrete
-77,0,-2,avenue,minecraft:gray_concrete
-76,0,-2,avenue,minecraft:gray_concrete
-75,0,-2,avenue,minecraft:gray_concrete
-74,0,-2,avenue,minecraft:gray_concrete
-73,0,-2,avenue,minecraft:gray_concrete
-72,0,-2,avenue,minecraft:gray_concrete
-71,0,-2,alley,minecraft:polished_andesite
-70,0,-2,alley,minecraft:polished_andesite
-69,0,-2,alley,minecraft:polished_andesite
-68,0,-2,alley,minecraft:polished_andesite
-67,0,-2,avenue,minecraft:gray_concrete
-66,0,-2,avenue,minecraft:gray_concrete
-65,0,-2,avenue,minecraft:gray_concrete
-64,0,-2,avenue,minecraft:gray_concrete
-63,0,-2,avenue,minecraft:gray_concrete
-62,0,-2,avenue,minecraft:gray_concrete
-61,0,-2,avenue,minecraft:gray_concrete
-60,0,-2,avenue,minecraft:gray_concrete
-59,0,-2,avenue,minecraft:gray_concrete
-58,0,-2,avenue,minecraft:gray_concrete
-57,0,-2,avenue,minecraft:gray_concrete
-56,0,-2,avenue,minecraft:gray_concrete
-55,0,-2,avenue,minecraft:gray_concrete
-54,0,-2,avenue,minecraft:gray_concrete
-53,0,-2,avenue,minecraft:gray_concrete
-52,0,-2,avenue,minecraft:gray_concrete
-51,0,-2,avenue,minecraft:gray_concrete
-50,0,-2,avenue,minecraft:gray_concrete
-49,0,-2,avenue,minecraft:gray_concrete
-48,0,-2,avenue,minecraft:gray_concrete
-47,0,-2,avenue,minecraft:gray_concrete
-46,0,-2,avenue,minecraft:gray_concrete
-45,0,-2,avenue,minecraft:gray_concrete
-44,0,-2,avenue,minecraft:gray_concrete
-43,0,-2,avenue,minecraft:gray_concrete
-42,0,-2,avenue,minecraft:gray_concrete
-41,0,-2,avenue,minecraft:gray_concrete
-40,0,-2,avenue,minecraft:gray_concrete
-39,0,-2,avenue,minecraft:gray_concrete
-38,0,-2,avenue,minecraft:gray_concrete
-37,0,-2,avenue,minecraft:gray_concrete
-36,0,-2,avenue,minecraft:gray_concrete
-35,0,-2,avenue,minecraft:gray_concrete
-34,0,-2,avenue,minecraft:gray_concrete
-33,0,-2,avenue,minecraft:gray_concrete
-32,0,-2,avenue,minecraft:gray_concrete
-31,0,-2,avenue,minecraft:gray_concrete
-30,0,-2,avenue,minecraft:gray_concrete
-29,0,-2,avenue,minecraft:gray_concrete
-28,0,-2,avenue,minecraft:gray_concrete
-27,0,-2,avenue,minecraft:gray_concrete
-26,0,-2,avenue,minecraft:gray_concrete
-25,0,-2,avenue,minecraft:gray_concrete
-24,0,-2,avenue,minecraft:gray_concrete
-23,0,-2,avenue,minecraft:gray_concrete
-22,0,-2,avenue,minecraft:gray_concrete
-21,0,-2,avenue,minecraft:gray_concrete
-20,0,-2,avenue,minecraft:gray_concrete
-19,0,-2,avenue,minecraft:gray_concrete
-18,0,-2,avenue,minecraft:gray_concrete
-17,0,-2,avenue,minecraft:gray_concrete
-16,0,-2,crossing,minecraft:white_concrete
-15,0,-2,crossing,minecraft:white_concrete
-14,0,-2,avenue,minecraft:gray_concrete
-13,0,-2,avenue,minecraft:gray_concrete
-12,0,-2,avenue,minecraft:gray_concrete
-11,0,-2,avenue,minecraft:gray_concrete
-10,0,-2,avenue,minecraft:gray_concrete
-9,0,-2,avenue,minecraft:gray_concrete
-8,0,-2,avenue,minecraft:gray_concrete
-7,0,-2,avenue,minecraft:gray_concrete
-6,0,-2,avenue,minecraft:gray_concrete
-5,0,-2,avenue,minecraft:gray_concrete
-4,0,-2,avenue,minecraft:gray_concrete
-3,0,-2,avenue,minecraft:gray_concrete
-2,0,-2,avenue,minecraft:gray_concrete
-1,0,-2,avenue,minecraft:gray_concrete
0,0,-2,avenue,minecraft:gray_concrete
1,0,-2,avenue,minecraft:gray_concrete
2,0,-2,avenue,minecraft:gray_concrete
3,0,-2,avenue,minecraft:gray_concrete
4,0,-2,avenue,minecraft:gray_concrete
5,0,-2,avenue,minecraft:gray_concrete
6,0,-2,avenue,minecraft:gray_concrete
7,0,-2,avenue,minecraft:gray_concrete
8,0,-2,avenue,minecraft:gray_concrete
9,0,-2,avenue,minecraft:gray_concrete
10,0,-2,avenue,minecraft:gray_concrete
11,0,-2,avenue,minecraft:gray_concrete
12,0,-2,avenue,minecraft:gray_concrete
13,0,-2,crossing,minecraft:white_concrete
14,0,-2,crossing,minecraft:white_concrete
15,0,-2,avenue,minecraft:gray_concrete
16,0,-2,avenue,minecraft:gray_concrete
17,0,-2,avenue,minecraft:gray_concrete
18,0,-2,avenue,minecraft:gray_concrete
19,0,-2,avenue,minecraft:gray_concrete
20,0,-2,avenue,minecraft:gray_concrete
21,0,-2,avenue,minecraft:gray_concrete
22,0,-2,avenue,minecraft:gray_concrete
23,0,-2,avenue,minecraft:gray_concrete
24,0,-2,avenue,minecraft:gray_concrete
25,0,-2,avenue,minecraft:gray_concrete
26,0,-2,avenue,minecraft:gray_concrete
27,0,-2,avenue,minecraft:gray_concrete
28,0,-2,avenue,minecraft:gray_concrete
29,0,-2,avenue,minecraft:gray_concrete
30,0,-2,avenue,minecraft:gray_concrete
31,0,-2,avenue,minecraft:gray_concrete
32,0,-2,avenue,minecraft:gray_concrete
33,0,-2,avenue,minecraft:gray_concrete
34,0,-2,avenue,minecraft:gray_concrete
35,0,-2,avenue,minecraft:gray_concrete
36,0,-2,avenue,minecraft:gray_concrete
37,0,-2,avenue,minecraft:gray_concrete
38,0,-2,avenue,minecraft:gray_concrete
39,0,-2,avenue,minecraft:gray_concrete
40,0,-2,avenue,minecraft:gray_concrete
41,0,-2,avenue,minecraft:gray_concrete
42,0,-2,avenue,minecraft:gray_concrete
43,0,-2,avenue,minecraft:gray_concrete
44,0,-2,avenue,minecraft:gray_concrete
45,0,-2,avenue,minecraft:gray_concrete
46,0,-2,avenue,minecraft:gray_concrete
47,0,-2,avenue,minecraft:gray_concrete
48,0,-2,avenue,minecraft:gray_concrete
49,0,-2,avenue,minecraft:gray_concrete
50,0,-2,avenue,minecraft:gray_concrete
51,0,-2,avenue,minecraft:gray_concrete
52,0,-2,avenue,minecraft:gray_concrete
53,0,-2,avenue,minecraft:gray_concrete
54,0,-2,avenue,minecraft:gray_concrete
55,0,-2,avenue,minecraft:gray_concrete
56,0,-2,avenue,minecraft:gray_concrete
57,0,-2,avenue,minecraft:gray_concrete
58,0,-2,avenue,minecraft:gray_concrete
59,0,-2,avenue,minecraft:gray_concrete
60,0,-2,avenue,minecraft:gray_concrete
61,0,-2,avenue,minecraft:gray_concrete
62,0,-2,avenue,minecraft:gray_concrete
63,0,-2,avenue,minecraft:gray_concrete
64,0,-2,avenue,minecraft:gray_concrete
65,0,-2,avenue,minecraft:gray_concrete
66,0,-2,alley,minecraft:polished_andesite
67,0,-2,alley,minecraft:polished_andesite
68,0,-2,alley,minecraft:polished_andesite
69,0,-2,alley,minecraft:polished_andesite
70,0,-2,avenue,minecraft:gray_concrete
71,0,-2,avenue,minecraft:gray_concrete
72,0,-2,avenue,minecraft:gray_concrete
73,0,-2,avenue,minecraft:gray_concrete
74,0,-2,avenue,minecraft:gray_concrete
75,0,-2,avenue,minecraft:gray_concrete
76,0,-2,avenue,minecraft:gray_concrete
77,0,-2,avenue,minecraft:gray_concrete
78,0,-2,avenue,minecraft:gray_concrete
79,0,-2,avenue,minecraft:gray_concrete
80,0,-2,avenue,minecraft:gray_concrete
81,0,-2,avenue,minecraft:gray_concrete
-81,0,-1,avenue,minecraft:gray_concrete
-80,0,-1,avenue,minecraft:gray_concrete
-79,0,-1,avenue,minecraft:gray_concrete
-78,0,-1,avenue,minecraft:gray_concrete
-77,0,-1,avenue,minecraft:gray_concrete
-76,0,-1,avenue,minecraft:gray_concrete
-75,0,-1,avenue,minecraft:gray_concrete
-74,0,-1,avenue,minecraft:gray_concrete
-73,0,-1,avenue,minecraft:gray_concrete
-72,0,-1,avenue,minecraft:gray_concrete
-71,0,-1,alley,minecraft:polished_andesite
-70,0,-1,alley,minecraft:polished_andesite
-69,0,-1,alley,minecraft:polished_andesite
-68,0,-1,alley,minecraft:polished_andesite
-67,0,-1,avenue,minecraft:gray_concrete
-66,0,-1,avenue,minecraft:gray_concrete
-65,0,-1,avenue,minecraft:gray_concrete
-64,0,-1,avenue,minecraft:gray_concrete
-63,0,-1,avenue,minecraft:gray_concrete
-62,0,-1,avenue,minecraft:gray_concrete
-61,0,-1,avenue,minecraft:gray_concrete
-60,0,-1,avenue,minecraft:gray_concrete
-59,0,-1,avenue,minecraft:gray_concrete
-58,0,-1,avenue,minecraft:gray_concrete
-57,0,-1,avenue,minecraft:gray_concrete
-56,0,-1,avenue,minecraft:gray_concrete
-55,0,-1,avenue,minecraft:gray_concrete
-54,0,-1,avenue,minecraft:gray_concrete
-53,0,-1,avenue,minecraft:gray_concrete
-52,0,-1,avenue,minecraft:gray_concrete
-51,0,-1,avenue,minecraft:gray_concrete
-50,0,-1,avenue,minecraft:gray_concrete
-49,0,-1,avenue,minecraft:gray_concrete
-48,0,-1,avenue,minecraft:gray_concrete
-47,0,-1,avenue,minecraft:gray_concrete
-46,0,-1,avenue,minecraft:gray_concrete
-45,0,-1,avenue,minecraft:gray_concrete
-44,0,-1,avenue,minecraft:gray_concrete
-43,0,-1,avenue,minecraft:gray_concrete
-42,0,-1,avenue,minecraft:gray_concrete
-41,0,-1,avenue,minecraft:gray_concrete
-40,0,-1,avenue,minecraft:gray_concrete
-39,0,-1,avenue,minecraft:gray_concrete
-38,0,-1,avenue,minecraft:gray_concrete
-37,0,-1,avenue,minecraft:gray_concrete
-36,0,-1,avenue,minecraft:gray_concrete
-35,0,-1,avenue,minecraft:gray_concrete
-34,0,-1,avenue,minecraft:gray_concrete
-33,0,-1,avenue,minecraft:gray_concrete
-32,0,-1,avenue,minecraft:gray_concrete
-31,0,-1,avenue,minecraft:gray_concrete
-30,0,-1,avenue,minecraft:gray_concrete
-29,0,-1,avenue,minecraft:gray_concrete
-28,0,-1,avenue,minecraft:gray_concrete
-27,0,-1,avenue,minecraft:gray_concrete
-26,0,-1,avenue,minecraft:gray_concrete
-25,0,-1,avenue,minecraft:gray_concrete
-24,0,-1,avenue,minecraft:gray_concrete
-23,0,-1,avenue,minecraft:gray_concrete
-22,0,-1,avenue,minecraft:gray_concrete
-21,0,-1,avenue,minecraft:gray_concrete
-20,0,-1,avenue,minecraft:gray_concrete
-19,0,-1,avenue,minecraft:gray_concrete
-18,0,-1,avenue,minecraft:gray_concrete
-17,0,-1,avenue,minecraft:gray_concrete
-16,0,-1,crossing,minecraft:white_concrete
-15,0,-1,crossing,minecraft:white_concrete
-14,0,-1,avenue,minecraft:gray_concrete
-13,0,-1,avenue,minecraft:gray_concrete
-12,0,-1,avenue,minecraft:gray_concrete
-11,0,-1,avenue,minecraft:gray_concrete
-10,0,-1,avenue,minecraft:gray_concrete
-9,0,-1,avenue,minecraft:gray_concrete
-8,0,-1,avenue,minecraft:gray_concrete
-7,0,-1,avenue,minecraft:gray_concrete
-6,0,-1,avenue,minecraft:gray_concrete
-5,0,-1,avenue,minecraft:gray_concrete
-4,0,-1,avenue,minecraft:gray_concrete
-3,0,-1,avenue,minecraft:gray_concrete
-2,0,-1,avenue,minecraft:gray_concrete
-1,0,-1,avenue,minecraft:gray_concrete
0,0,-1,avenue,minecraft:gray_concrete
1,0,-1,avenue,minecraft:gray_concrete
2,0,-1,avenue,minecraft:gray_concrete
3,0,-1,avenue,minecraft:gray_concrete
4,0,-1,avenue,minecraft:gray_concrete
5,0,-1,avenue,minecraft:gray_concrete
6,0,-1,avenue,minecraft:gray_concrete
7,0,-1,avenue,minecraft:gray_concrete
8,0,-1,avenue,minecraft:gray_concrete
9,0,-1,avenue,minecraft:gray_concrete
10,0,-1,avenue,minecraft:gray_concrete
11,0,-1,avenue,minecraft:gray_concrete
12,0,-1,avenue,minecraft:gray_concrete
13,0,-1,crossing,minecraft:white_concrete
14,0,-1,crossing,minecraft:white_concrete
15,0,-1,avenue,minecraft:gray_concrete
16,0,-1,avenue,minecraft:gray_concrete
17,0,-1,avenue,minecraft:gray_concrete
18,0,-1,avenue,minecraft:gray_concrete
19,0,-1,avenue,minecraft:gray_concrete
20,0,-1,avenue,minecraft:gray_concrete
21,0,-1,avenue,minecraft:gray_concrete
22,0,-1,avenue,minecraft:gray_concrete
23,0,-1,avenue,minecraft:gray_concrete
24,0,-1,avenue,minecraft:gray_concrete
25,0,-1,avenue,minecraft:gray_concrete
26,0,-1,avenue,minecraft:gray_concrete
27,0,-1,avenue,minecraft:gray_concrete
28,0,-1,avenue,minecraft:gray_concrete
29,0,-1,avenue,minecraft:gray_concrete
30,0,-1,avenue,minecraft:gray_concrete
31,0,-1,avenue,minecraft:gray_concrete
32,0,-1,avenue,minecraft:gray_concrete
33,0,-1,avenue,minecraft:gray_concrete
34,0,-1,avenue,minecraft:gray_concrete
35,0,-1,avenue,minecraft:gray_concrete
36,0,-1,avenue,minecraft:gray_concrete
37,0,-1,avenue,minecraft:gray_concrete
38,0,-1,avenue,minecraft:gray_concrete
39,0,-1,avenue,minecraft:gray_concrete
40,0,-1,avenue,minecraft:gray_concrete
41,0,-1,avenue,minecraft:gray_concrete
42,0,-1,avenue,minecraft:gray_concrete
43,0,-1,avenue,minecraft:gray_concrete
44,0,-1,avenue,minecraft:gray_concrete
45,0,-1,avenue,minecraft:gray_concrete
46,0,-1,avenue,minecraft:gray_concrete
47,0,-1,avenue,minecraft:gray_concrete
48,0,-1,avenue,minecraft:gray_concrete
49,0,-1,avenue,minecraft:gray_concrete
50,0,-1,avenue,minecraft:gray_concrete
51,0,-1,avenue,minecraft:gray_concrete
52,0,-1,avenue,minecraft:gray_concrete
53,0,-1,avenue,minecraft:gray_concrete
54,0,-1,avenue,minecraft:gray_concrete
55,0,-1,avenue,minecraft:gray_concrete
56,0,-1,avenue,minecraft:gray_concrete
57,0,-1,avenue,minecraft:gray_concrete
58,0,-1,avenue,minecraft:gray_concrete
59,0,-1,avenue,minecraft:gray_concrete
60,0,-1,avenue,minecraft:gray_concrete
61,0,-1,avenue,minecraft:gray_concrete
62,0,-1,avenue,minecraft:gray_concrete
63,0,-1,avenue,minecraft:gray_concrete
64,0,-1,avenue,minecraft:gray_concrete
65,0,-1,avenue,minecraft:gray_concrete
66,0,-1,alley,minecraft:polished_andesite
67,0,-1,alley,minecraft:polished_andesite
68,0,-1,alley,minecraft:polished_andesite
69,0,-1,alley,minecraft:polished_andesite
70,0,-1,avenue,minecraft:gray_concrete
71,0,-1,avenue,minecraft:gray_concrete
72,0,-1,avenue,minecraft:gray_concrete
73,0,-1,avenue,minecraft:gray_concrete
74,0,-1,avenue,minecraft:gray_concrete
75,0,-1,avenue,minecraft:gray_concrete
76,0,-1,avenue,minecraft:gray_concrete
77,0,-1,avenue,minecraft:gray_concrete
78,0,-1,avenue,minecraft:gray_concrete
79,0,-1,avenue,minecraft:gray_concrete
80,0,-1,avenue,minecraft:gray_concrete
81,0,-1,avenue,minecraft:gray_concrete
-81,0,0,avenue,minecraft:gray_concrete
-80,0,0,avenue,minecraft:gray_concrete
-79,0,0,avenue,minecraft:gray_concrete
-78,0,0,avenue,minecraft:gray_concrete
-77,0,0,avenue,minecraft:gray_concrete
-76,0,0,avenue,minecraft:gray_concrete
-75,0,0,avenue,minecraft:gray_concrete
-74,0,0,avenue,minecraft:gray_concrete
-73,0,0,avenue,minecraft:gray_concrete
-72,0,0,avenue,minecraft:gray_concrete
-71,0,0,alley,minecraft:polished_andesite
-70,0,0,alley,minecraft:polished_andesite
-69,0,0,alley,minecraft:polished_andesite
-68,0,0,alley,minecraft:polished_andesite
-67,0,0,avenue,minecraft:gray_concrete
-66,0,0,avenue,minecraft:gray_concrete
-65,0,0,avenue,minecraft:gray_concrete
-64,0,0,avenue,minecraft:gray_concrete
-63,0,0,avenue,minecraft:gray_concrete
-62,0,0,avenue,minecraft:gray_concrete
-61,0,0,avenue,minecraft:gray_concrete
-60,0,0,avenue,minecraft:gray_concrete
-59,0,0,avenue,minecraft:gray_concrete
-58,0,0,avenue,minecraft:gray_concrete
-57,0,0,avenue,minecraft:gray_concrete
-56,0,0,avenue,minecraft:gray_concrete
-55,0,0,avenue,minecraft:gray_concrete
-54,0,0,avenue,minecraft:gray_concrete
-53,0,0,avenue,minecraft:gray_concrete
-52,0,0,avenue,minecraft:gray_concrete
-51,0,0,avenue,minecraft:gray_concrete
-50,0,0,avenue,minecraft:gray_concrete
-49,0,0,avenue,minecraft:gray_concrete
-48,0,0,avenue,minecraft:gray_concrete
-47,0,0,avenue,minecraft:gray_concrete
-46,0,0,avenue,minecraft:gray_concrete
-45,0,0,avenue,minecraft:gray_concrete
-44,0,0,avenue,minecraft:gray_concrete
-43,0,0,avenue,minecraft:gray_concrete
-42,0,0,avenue,minecraft:gray_concrete
-41,0,0,avenue,minecraft:gray_concrete
-40,0,0,avenue,minecraft:gray_concrete
-39,0,0,avenue,minecraft:gray_concrete
-38,0,0,avenue,minecraft:gray_concrete
-37,0,0,avenue,minecraft:gray_concrete
-36,0,0,avenue,minecraft:gray_concrete
-35,0,0,avenue,minecraft:gray_concrete
-34,0,0,avenue,minecraft:gray_concrete
-33,0,0,avenue,minecraft:gray_concrete
-32,0,0,avenue,minecraft:gray_concrete
-31,0,0,avenue,minecraft:gray_concrete
-30,0,0,avenue,minecraft:gray_concrete
-29,0,0,avenue,minecraft:gray_concrete
-28,0,0,avenue,minecraft:gray_concrete
-27,0,0,avenue,minecraft:gray_concrete
-26,0,0,avenue,minecraft:gray_concrete
-25,0,0,avenue,minecraft:gray_concrete
-24,0,0,avenue,minecraft:gray_concrete
-23,0,0,avenue,minecraft:gray_concrete
-22,0,0,avenue,minecraft:gray_concrete
-21,0,0,avenue,minecraft:gray_concrete
-20,0,0,avenue,minecraft:gray_concrete
-19,0,0,avenue,minecraft:gray_concrete
-18,0,0,avenue,minecraft:gray_concrete
-17,0,0,avenue,minecraft:gray_concrete
-16,0,0,crossing,minecraft:white_concrete
-15,0,0,crossing,minecraft:white_concrete
-14,0,0,avenue,minecraft:gray_concrete
-13,0,0,avenue,minecraft:gray_concrete
-12,0,0,avenue,minecraft:gray_concrete
-11,0,0,avenue,minecraft:gray_concrete
-10,0,0,avenue,minecraft:gray_concrete
-9,0,0,avenue,minecraft:gray_concrete
-8,0,0,avenue,minecraft:gray_concrete
-7,0,0,avenue,minecraft:gray_concrete
-6,0,0,avenue,minecraft:gray_concrete
-5,0,0,avenue,minecraft:gray_concrete
-4,0,0,avenue,minecraft:gray_concrete
-3,0,0,avenue,minecraft:gray_concrete
-2,0,0,avenue,minecraft:gray_concrete
-1,0,0,avenue,minecraft:gray_concrete
0,0,0,project_anchor,minecraft:red_concrete
1,0,0,avenue,minecraft:gray_concrete
2,0,0,avenue,minecraft:gray_concrete
3,0,0,avenue,minecraft:gray_concrete
4,0,0,avenue,minecraft:gray_concrete
5,0,0,avenue,minecraft:gray_concrete
6,0,0,avenue,minecraft:gray_concrete
7,0,0,avenue,minecraft:gray_concrete
8,0,0,avenue,minecraft:gray_concrete
9,0,0,avenue,minecraft:gray_concrete
10,0,0,avenue,minecraft:gray_concrete
11,0,0,avenue,minecraft:gray_concrete
12,0,0,avenue,minecraft:gray_concrete
13,0,0,crossing,minecraft:white_concrete
14,0,0,crossing,minecraft:white_concrete
15,0,0,avenue,minecraft:gray_concrete
16,0,0,avenue,minecraft:gray_concrete
17,0,0,avenue,minecraft:gray_concrete
18,0,0,avenue,minecraft:gray_concrete
19,0,0,avenue,minecraft:gray_concrete
20,0,0,avenue,minecraft:gray_concrete
21,0,0,avenue,minecraft:gray_concrete
22,0,0,avenue,minecraft:gray_concrete
23,0,0,avenue,minecraft:gray_concrete
24,0,0,avenue,minecraft:gray_concrete
25,0,0,avenue,minecraft:gray_concrete
26,0,0,avenue,minecraft:gray_concrete
27,0,0,avenue,minecraft:gray_concrete
28,0,0,avenue,minecraft:gray_concrete
29,0,0,avenue,minecraft:gray_concrete
30,0,0,avenue,minecraft:gray_concrete
31,0,0,avenue,minecraft:gray_concrete
32,0,0,avenue,minecraft:gray_concrete
33,0,0,avenue,minecraft:gray_concrete
34,0,0,avenue,minecraft:gray_concrete
35,0,0,avenue,minecraft:gray_concrete
36,0,0,avenue,minecraft:gray_concrete
37,0,0,avenue,minecraft:gray_concrete
38,0,0,avenue,minecraft:gray_concrete
39,0,0,avenue,minecraft:gray_concrete
40,0,0,avenue,minecraft:gray_concrete
41,0,0,avenue,minecraft:gray_concrete
42,0,0,avenue,minecraft:gray_concrete
43,0,0,avenue,minecraft:gray_concrete
44,0,0,avenue,minecraft:gray_concrete
45,0,0,avenue,minecraft:gray_concrete
46,0,0,avenue,minecraft:gray_concrete
47,0,0,avenue,minecraft:gray_concrete
48,0,0,avenue,minecraft:gray_concrete
49,0,0,avenue,minecraft:gray_concrete
50,0,0,avenue,minecraft:gray_concrete
51,0,0,avenue,minecraft:gray_concrete
52,0,0,avenue,minecraft:gray_concrete
53,0,0,avenue,minecraft:gray_concrete
54,0,0,avenue,minecraft:gray_concrete
55,0,0,avenue,minecraft:gray_concrete
56,0,0,avenue,minecraft:gray_concrete
57,0,0,avenue,minecraft:gray_concrete
58,0,0,avenue,minecraft:gray_concrete
59,0,0,avenue,minecraft:gray_concrete
60,0,0,avenue,minecraft:gray_concrete
61,0,0,avenue,minecraft:gray_concrete
62,0,0,avenue,minecraft:gray_concrete
63,0,0,avenue,minecraft:gray_concrete
64,0,0,avenue,minecraft:gray_concrete
65,0,0,avenue,minecraft:gray_concrete
66,0,0,alley,minecraft:polished_andesite
67,0,0,alley,minecraft:polished_andesite
68,0,0,alley,minecraft:polished_andesite
69,0,0,alley,minecraft:polished_andesite
70,0,0,avenue,minecraft:gray_concrete
71,0,0,avenue,minecraft:gray_concrete
72,0,0,avenue,minecraft:gray_concrete
73,0,0,avenue,minecraft:gray_concrete
74,0,0,avenue,minecraft:gray_concrete
75,0,0,avenue,minecraft:gray_concrete
76,0,0,avenue,minecraft:gray_concrete
77,0,0,avenue,minecraft:gray_concrete
78,0,0,avenue,minecraft:gray_concrete
79,0,0,avenue,minecraft:gray_concrete
80,0,0,avenue,minecraft:gray_concrete
81,0,0,avenue,minecraft:gray_concrete
-81,0,1,avenue,minecraft:gray_concrete
-80,0,1,avenue,minecraft:gray_concrete
-79,0,1,avenue,minecraft:gray_concrete
-78,0,1,avenue,minecraft:gray_concrete
-77,0,1,avenue,minecraft:gray_concrete
-76,0,1,avenue,minecraft:gray_concrete
-75,0,1,avenue,minecraft:gray_concrete
-74,0,1,avenue,minecraft:gray_concrete
-73,0,1,avenue,minecraft:gray_concrete
-72,0,1,avenue,minecraft:gray_concrete
-71,0,1,alley,minecraft:polished_andesite
-70,0,1,alley,minecraft:polished_andesite
-69,0,1,alley,minecraft:polished_andesite
-68,0,1,alley,minecraft:polished_andesite
-67,0,1,avenue,minecraft:gray_concrete
-66,0,1,avenue,minecraft:gray_concrete
-65,0,1,avenue,minecraft:gray_concrete
-64,0,1,avenue,minecraft:gray_concrete
-63,0,1,avenue,minecraft:gray_concrete
-62,0,1,avenue,minecraft:gray_concrete
-61,0,1,avenue,minecraft:gray_concrete
-60,0,1,avenue,minecraft:gray_concrete
-59,0,1,avenue,minecraft:gray_concrete
-58,0,1,avenue,minecraft:gray_concrete
-57,0,1,avenue,minecraft:gray_concrete
-56,0,1,avenue,minecraft:gray_concrete
-55,0,1,avenue,minecraft:gray_concrete
-54,0,1,avenue,minecraft:gray_concrete
-53,0,1,avenue,minecraft:gray_concrete
-52,0,1,avenue,minecraft:gray_concrete
-51,0,1,avenue,minecraft:gray_concrete
-50,0,1,avenue,minecraft:gray_concrete
-49,0,1,avenue,minecraft:gray_concrete
-48,0,1,avenue,minecraft:gray_concrete
-47,0,1,avenue,minecraft:gray_concrete
-46,0,1,avenue,minecraft:gray_concrete
-45,0,1,avenue,minecraft:gray_concrete
-44,0,1,avenue,minecraft:gray_concrete
-43,0,1,avenue,minecraft:gray_concrete
-42,0,1,avenue,minecraft:gray_concrete
-41,0,1,avenue,minecraft:gray_concrete
-40,0,1,avenue,minecraft:gray_concrete
-39,0,1,avenue,minecraft:gray_concrete
-38,0,1,avenue,minecraft:gray_concrete
-37,0,1,avenue,minecraft:gray_concrete
-36,0,1,avenue,minecraft:gray_concrete
-35,0,1,avenue,minecraft:gray_concrete
-34,0,1,avenue,minecraft:gray_concrete
-33,0,1,avenue,minecraft:gray_concrete
-32,0,1,avenue,minecraft:gray_concrete
-31,0,1,avenue,minecraft:gray_concrete
-30,0,1,avenue,minecraft:gray_concrete
-29,0,1,avenue,minecraft:gray_concrete
-28,0,1,avenue,minecraft:gray_concrete
-27,0,1,avenue,minecraft:gray_concrete
-26,0,1,avenue,minecraft:gray_concrete
-25,0,1,avenue,minecraft:gray_concrete
-24,0,1,avenue,minecraft:gray_concrete
-23,0,1,avenue,minecraft:gray_concrete
-22,0,1,avenue,minecraft:gray_concrete
-21,0,1,avenue,minecraft:gray_concrete
-20,0,1,avenue,minecraft:gray_concrete
-19,0,1,avenue,minecraft:gray_concrete
-18,0,1,avenue,minecraft:gray_concrete
-17,0,1,avenue,minecraft:gray_concrete
-16,0,1,crossing,minecraft:white_concrete
-15,0,1,crossing,minecraft:white_concrete
-14,0,1,avenue,minecraft:gray_concrete
-13,0,1,avenue,minecraft:gray_concrete
-12,0,1,avenue,minecraft:gray_concrete
-11,0,1,avenue,minecraft:gray_concrete
-10,0,1,avenue,minecraft:gray_concrete
-9,0,1,avenue,minecraft:gray_concrete
-8,0,1,avenue,minecraft:gray_concrete
-7,0,1,avenue,minecraft:gray_concrete
-6,0,1,avenue,minecraft:gray_concrete
-5,0,1,avenue,minecraft:gray_concrete
-4,0,1,avenue,minecraft:gray_concrete
-3,0,1,avenue,minecraft:gray_concrete
-2,0,1,avenue,minecraft:gray_concrete
-1,0,1,avenue,minecraft:gray_concrete
0,0,1,avenue,minecraft:gray_concrete
1,0,1,avenue,minecraft:gray_concrete
2,0,1,avenue,minecraft:gray_concrete
3,0,1,avenue,minecraft:gray_concrete
4,0,1,avenue,minecraft:gray_concrete
5,0,1,avenue,minecraft:gray_concrete
6,0,1,avenue,minecraft:gray_concrete
7,0,1,avenue,minecraft:gray_concrete
8,0,1,avenue,minecraft:gray_concrete
9,0,1,avenue,minecraft:gray_concrete
10,0,1,avenue,minecraft:gray_concrete
11,0,1,avenue,minecraft:gray_concrete
12,0,1,avenue,minecraft:gray_concrete
13,0,1,crossing,minecraft:white_concrete
14,0,1,crossing,minecraft:white_concrete
15,0,1,avenue,minecraft:gray_concrete
16,0,1,avenue,minecraft:gray_concrete
17,0,1,avenue,minecraft:gray_concrete
18,0,1,avenue,minecraft:gray_concrete
19,0,1,avenue,minecraft:gray_concrete
20,0,1,avenue,minecraft:gray_concrete
21,0,1,avenue,minecraft:gray_concrete
22,0,1,avenue,minecraft:gray_concrete
23,0,1,avenue,minecraft:gray_concrete
24,0,1,avenue,minecraft:gray_concrete
25,0,1,avenue,minecraft:gray_concrete
26,0,1,avenue,minecraft:gray_concrete
27,0,1,avenue,minecraft:gray_concrete
28,0,1,avenue,minecraft:gray_concrete
29,0,1,avenue,minecraft:gray_concrete
30,0,1,avenue,minecraft:gray_concrete
31,0,1,avenue,minecraft:gray_concrete
32,0,1,avenue,minecraft:gray_concrete
33,0,1,avenue,minecraft:gray_concrete
34,0,1,avenue,minecraft:gray_concrete
35,0,1,avenue,minecraft:gray_concrete
36,0,1,avenue,minecraft:gray_concrete
37,0,1,avenue,minecraft:gray_concrete
38,0,1,avenue,minecraft:gray_concrete
39,0,1,avenue,minecraft:gray_concrete
40,0,1,avenue,minecraft:gray_concrete
41,0,1,avenue,minecraft:gray_concrete
42,0,1,avenue,minecraft:gray_concrete
43,0,1,avenue,minecraft:gray_concrete
44,0,1,avenue,minecraft:gray_concrete
45,0,1,avenue,minecraft:gray_concrete
46,0,1,avenue,minecraft:gray_concrete
47,0,1,avenue,minecraft:gray_concrete
48,0,1,avenue,minecraft:gray_concrete
49,0,1,avenue,minecraft:gray_concrete
50,0,1,avenue,minecraft:gray_concrete
51,0,1,avenue,minecraft:gray_concrete
52,0,1,avenue,minecraft:gray_concrete
53,0,1,avenue,minecraft:gray_concrete
54,0,1,avenue,minecraft:gray_concrete
55,0,1,avenue,minecraft:gray_concrete
56,0,1,avenue,minecraft:gray_concrete
57,0,1,avenue,minecraft:gray_concrete
58,0,1,avenue,minecraft:gray_concrete
59,0,1,avenue,minecraft:gray_concrete
60,0,1,avenue,minecraft:gray_concrete
61,0,1,avenue,minecraft:gray_concrete
62,0,1,avenue,minecraft:gray_concrete
63,0,1,avenue,minecraft:gray_concrete
64,0,1,avenue,minecraft:gray_concrete
65,0,1,avenue,minecraft:gray_concrete
66,0,1,alley,minecraft:polished_andesite
67,0,1,alley,minecraft:polished_andesite
68,0,1,alley,minecraft:polished_andesite
69,0,1,alley,minecraft:polished_andesite
70,0,1,avenue,minecraft:gray_concrete
71,0,1,avenue,minecraft:gray_concrete
72,0,1,avenue,minecraft:gray_concrete
73,0,1,avenue,minecraft:gray_concrete
74,0,1,avenue,minecraft:gray_concrete
75,0,1,avenue,minecraft:gray_concrete
76,0,1,avenue,minecraft:gray_concrete
77,0,1,avenue,minecraft:gray_concrete
78,0,1,avenue,minecraft:gray_concrete
79,0,1,avenue,minecraft:gray_concrete
80,0,1,avenue,minecraft:gray_concrete
81,0,1,avenue,minecraft:gray_concrete
-81,0,2,avenue,minecraft:gray_concrete
-80,0,2,avenue,minecraft:gray_concrete
-79,0,2,avenue,minecraft:gray_concrete
-78,0,2,avenue,minecraft:gray_concrete
-77,0,2,avenue,minecraft:gray_concrete
-76,0,2,avenue,minecraft:gray_concrete
-75,0,2,avenue,minecraft:gray_concrete
-74,0,2,avenue,minecraft:gray_concrete
-73,0,2,avenue,minecraft:gray_concrete
-72,0,2,avenue,minecraft:gray_concrete
-71,0,2,alley,minecraft:polished_andesite
-70,0,2,alley,minecraft:polished_andesite
-69,0,2,alley,minecraft:polished_andesite
-68,0,2,alley,minecraft:polished_andesite
-67,0,2,avenue,minecraft:gray_concrete
-66,0,2,avenue,minecraft:gray_concrete
-65,0,2,avenue,minecraft:gray_concrete
-64,0,2,avenue,minecraft:gray_concrete
-63,0,2,avenue,minecraft:gray_concrete
-62,0,2,avenue,minecraft:gray_concrete
-61,0,2,avenue,minecraft:gray_concrete
-60,0,2,avenue,minecraft:gray_concrete
-59,0,2,avenue,minecraft:gray_concrete
-58,0,2,avenue,minecraft:gray_concrete
-57,0,2,avenue,minecraft:gray_concrete
-56,0,2,avenue,minecraft:gray_concrete
-55,0,2,avenue,minecraft:gray_concrete
-54,0,2,avenue,minecraft:gray_concrete
-53,0,2,avenue,minecraft:gray_concrete
-52,0,2,avenue,minecraft:gray_concrete
-51,0,2,avenue,minecraft:gray_concrete
-50,0,2,avenue,minecraft:gray_concrete
-49,0,2,avenue,minecraft:gray_concrete
-48,0,2,avenue,minecraft:gray_concrete
-47,0,2,avenue,minecraft:gray_concrete
-46,0,2,avenue,minecraft:gray_concrete
-45,0,2,avenue,minecraft:gray_concrete
-44,0,2,avenue,minecraft:gray_concrete
-43,0,2,avenue,minecraft:gray_concrete
-42,0,2,avenue,minecraft:gray_concrete
-41,0,2,avenue,minecraft:gray_concrete
-40,0,2,avenue,minecraft:gray_concrete
-39,0,2,avenue,minecraft:gray_concrete
-38,0,2,avenue,minecraft:gray_concrete
-37,0,2,avenue,minecraft:gray_concrete
-36,0,2,avenue,minecraft:gray_concrete
-35,0,2,avenue,minecraft:gray_concrete
-34,0,2,avenue,minecraft:gray_concrete
-33,0,2,avenue,minecraft:gray_concrete
-32,0,2,avenue,minecraft:gray_concrete
-31,0,2,avenue,minecraft:gray_concrete
-30,0,2,avenue,minecraft:gray_concrete
-29,0,2,avenue,minecraft:gray_concrete
-28,0,2,avenue,minecraft:gray_concrete
-27,0,2,avenue,minecraft:gray_concrete
-26,0,2,avenue,minecraft:gray_concrete
-25,0,2,avenue,minecraft:gray_concrete
-24,0,2,avenue,minecraft:gray_concrete
-23,0,2,avenue,minecraft:gray_concrete
-22,0,2,avenue,minecraft:gray_concrete
-21,0,2,avenue,minecraft:gray_concrete
-20,0,2,avenue,minecraft:gray_concrete
-19,0,2,avenue,minecraft:gray_concrete
-18,0,2,avenue,minecraft:gray_concrete
-17,0,2,avenue,minecraft:gray_concrete
-16,0,2,crossing,minecraft:white_concrete
-15,0,2,crossing,minecraft:white_concrete
-14,0,2,avenue,minecraft:gray_concrete
-13,0,2,avenue,minecraft:gray_concrete
-12,0,2,avenue,minecraft:gray_concrete
-11,0,2,avenue,minecraft:gray_concrete
-10,0,2,avenue,minecraft:gray_concrete
-9,0,2,avenue,minecraft:gray_concrete
-8,0,2,avenue,minecraft:gray_concrete
-7,0,2,avenue,minecraft:gray_concrete
-6,0,2,avenue,minecraft:gray_concrete
-5,0,2,avenue,minecraft:gray_concrete
-4,0,2,avenue,minecraft:gray_concrete
-3,0,2,avenue,minecraft:gray_concrete
-2,0,2,avenue,minecraft:gray_concrete
-1,0,2,avenue,minecraft:gray_concrete
0,0,2,avenue,minecraft:gray_concrete
1,0,2,avenue,minecraft:gray_concrete
2,0,2,avenue,minecraft:gray_concrete
3,0,2,avenue,minecraft:gray_concrete
4,0,2,avenue,minecraft:gray_concrete
5,0,2,avenue,minecraft:gray_concrete
6,0,2,avenue,minecraft:gray_concrete
7,0,2,avenue,minecraft:gray_concrete
8,0,2,avenue,minecraft:gray_concrete
9,0,2,avenue,minecraft:gray_concrete
10,0,2,avenue,minecraft:gray_concrete
11,0,2,avenue,minecraft:gray_concrete
12,0,2,avenue,minecraft:gray_concrete
13,0,2,crossing,minecraft:white_concrete
14,0,2,crossing,minecraft:white_concrete
15,0,2,avenue,minecraft:gray_concrete
16,0,2,avenue,minecraft:gray_concrete
17,0,2,avenue,minecraft:gray_concrete
18,0,2,avenue,minecraft:gray_concrete
19,0,2,avenue,minecraft:gray_concrete
20,0,2,avenue,minecraft:gray_concrete
21,0,2,avenue,minecraft:gray_concrete
22,0,2,avenue,minecraft:gray_concrete
23,0,2,avenue,minecraft:gray_concrete
24,0,2,avenue,minecraft:gray_concrete
25,0,2,avenue,minecraft:gray_concrete
26,0,2,avenue,minecraft:gray_concrete
27,0,2,avenue,minecraft:gray_concrete
28,0,2,avenue,minecraft:gray_concrete
29,0,2,avenue,minecraft:gray_concrete
30,0,2,avenue,minecraft:gray_concrete
31,0,2,avenue,minecraft:gray_concrete
32,0,2,avenue,minecraft:gray_concrete
33,0,2,avenue,minecraft:gray_concrete
34,0,2,avenue,minecraft:gray_concrete
35,0,2,avenue,minecraft:gray_concrete
36,0,2,avenue,minecraft:gray_concrete
37,0,2,avenue,minecraft:gray_concrete
38,0,2,avenue,minecraft:gray_concrete
39,0,2,avenue,minecraft:gray_concrete
40,0,2,avenue,minecraft:gray_concrete
41,0,2,avenue,minecraft:gray_concrete
42,0,2,avenue,minecraft:gray_concrete
43,0,2,avenue,minecraft:gray_concrete
44,0,2,avenue,minecraft:gray_concrete
45,0,2,avenue,minecraft:gray_concrete
46,0,2,avenue,minecraft:gray_concrete
47,0,2,avenue,minecraft:gray_concrete
48,0,2,avenue,minecraft:gray_concrete
49,0,2,avenue,minecraft:gray_concrete
50,0,2,avenue,minecraft:gray_concrete
51,0,2,avenue,minecraft:gray_concrete
52,0,2,avenue,minecraft:gray_concrete
53,0,2,avenue,minecraft:gray_concrete
54,0,2,avenue,minecraft:gray_concrete
55,0,2,avenue,minecraft:gray_concrete
56,0,2,avenue,minecraft:gray_concrete
57,0,2,avenue,minecraft:gray_concrete
58,0,2,avenue,minecraft:gray_concrete
59,0,2,avenue,minecraft:gray_concrete
60,0,2,avenue,minecraft:gray_concrete
61,0,2,avenue,minecraft:gray_concrete
62,0,2,avenue,minecraft:gray_concrete
63,0,2,avenue,minecraft:gray_concrete
64,0,2,avenue,minecraft:gray_concrete
65,0,2,avenue,minecraft:gray_concrete
66,0,2,alley,minecraft:polished_andesite
67,0,2,alley,minecraft:polished_andesite
68,0,2,alley,minecraft:polished_andesite
69,0,2,alley,minecraft:polished_andesite
70,0,2,avenue,minecraft:gray_concrete
71,0,2,avenue,minecraft:gray_concrete
72,0,2,avenue,minecraft:gray_concrete
73,0,2,avenue,minecraft:gray_concrete
74,0,2,avenue,minecraft:gray_concrete
75,0,2,avenue,minecraft:gray_concrete
76,0,2,avenue,minecraft:gray_concrete
77,0,2,avenue,minecraft:gray_concrete
78,0,2,avenue,minecraft:gray_concrete
79,0,2,avenue,minecraft:gray_concrete
80,0,2,avenue,minecraft:gray_concrete
81,0,2,avenue,minecraft:gray_concrete
-81,0,3,avenue,minecraft:gray_concrete
-80,0,3,avenue,minecraft:gray_concrete
-79,0,3,avenue,minecraft:gray_concrete
-78,0,3,avenue,minecraft:gray_concrete
-77,0,3,avenue,minecraft:gray_concrete
-76,0,3,avenue,minecraft:gray_concrete
-75,0,3,avenue,minecraft:gray_concrete
-74,0,3,avenue,minecraft:gray_concrete
-73,0,3,avenue,minecraft:gray_concrete
-72,0,3,avenue,minecraft:gray_concrete
-71,0,3,alley,minecraft:polished_andesite
-70,0,3,alley,minecraft:polished_andesite
-69,0,3,alley,minecraft:polished_andesite
-68,0,3,alley,minecraft:polished_andesite
-67,0,3,avenue,minecraft:gray_concrete
-66,0,3,avenue,minecraft:gray_concrete
-65,0,3,avenue,minecraft:gray_concrete
-64,0,3,avenue,minecraft:gray_concrete
-63,0,3,avenue,minecraft:gray_concrete
-62,0,3,avenue,minecraft:gray_concrete
-61,0,3,avenue,minecraft:gray_concrete
-60,0,3,avenue,minecraft:gray_concrete
-59,0,3,avenue,minecraft:gray_concrete
-58,0,3,avenue,minecraft:gray_concrete
-57,0,3,avenue,minecraft:gray_concrete
-56,0,3,avenue,minecraft:gray_concrete
-55,0,3,avenue,minecraft:gray_concrete
-54,0,3,avenue,minecraft:gray_concrete
-53,0,3,avenue,minecraft:gray_concrete
-52,0,3,avenue,minecraft:gray_concrete
-51,0,3,avenue,minecraft:gray_concrete
-50,0,3,avenue,minecraft:gray_concrete
-49,0,3,avenue,minecraft:gray_concrete
-48,0,3,avenue,minecraft:gray_concrete
-47,0,3,avenue,minecraft:gray_concrete
-46,0,3,avenue,minecraft:gray_concrete
-45,0,3,avenue,minecraft:gray_concrete
-44,0,3,avenue,minecraft:gray_concrete
-43,0,3,avenue,minecraft:gray_concrete
-42,0,3,avenue,minecraft:gray_concrete
-41,0,3,avenue,minecraft:gray_concrete
-40,0,3,avenue,minecraft:gray_concrete
-39,0,3,avenue,minecraft:gray_concrete
-38,0,3,avenue,minecraft:gray_concrete
-37,0,3,avenue,minecraft:gray_concrete
-36,0,3,avenue,minecraft:gray_concrete
-35,0,3,avenue,minecraft:gray_concrete
-34,0,3,avenue,minecraft:gray_concrete
-33,0,3,avenue,minecraft:gray_concrete
-32,0,3,avenue,minecraft:gray_concrete
-31,0,3,avenue,minecraft:gray_concrete
-30,0,3,avenue,minecraft:gray_concrete
-29,0,3,avenue,minecraft:gray_concrete
-28,0,3,avenue,minecraft:gray_concrete
-27,0,3,avenue,minecraft:gray_concrete
-26,0,3,avenue,minecraft:gray_concrete
-25,0,3,avenue,minecraft:gray_concrete
-24,0,3,avenue,minecraft:gray_concrete
-23,0,3,avenue,minecraft:gray_concrete
-22,0,3,avenue,minecraft:gray_concrete
-21,0,3,avenue,minecraft:gray_concrete
-20,0,3,avenue,minecraft:gray_concrete
-19,0,3,avenue,minecraft:gray_concrete
-18,0,3,avenue,minecraft:gray_concrete
-17,0,3,avenue,minecraft:gray_concrete
-16,0,3,crossing,minecraft:white_concrete
-15,0,3,crossing,minecraft:white_concrete
-14,0,3,avenue,minecraft:gray_concrete
-13,0,3,avenue,minecraft:gray_concrete
-12,0,3,avenue,minecraft:gray_concrete
-11,0,3,avenue,minecraft:gray_concrete
-10,0,3,avenue,minecraft:gray_concrete
-9,0,3,avenue,minecraft:gray_concrete
-8,0,3,avenue,minecraft:gray_concrete
-7,0,3,avenue,minecraft:gray_concrete
-6,0,3,avenue,minecraft:gray_concrete
-5,0,3,avenue,minecraft:gray_concrete
-4,0,3,avenue,minecraft:gray_concrete
-3,0,3,avenue,minecraft:gray_concrete
-2,0,3,avenue,minecraft:gray_concrete
-1,0,3,avenue,minecraft:gray_concrete
0,0,3,avenue,minecraft:gray_concrete
1,0,3,avenue,minecraft:gray_concrete
2,0,3,avenue,minecraft:gray_concrete
3,0,3,avenue,minecraft:gray_concrete
4,0,3,avenue,minecraft:gray_concrete
5,0,3,avenue,minecraft:gray_concrete
6,0,3,avenue,minecraft:gray_concrete
7,0,3,avenue,minecraft:gray_concrete
8,0,3,avenue,minecraft:gray_concrete
9,0,3,avenue,minecraft:gray_concrete
10,0,3,avenue,minecraft:gray_concrete
11,0,3,avenue,minecraft:gray_concrete
12,0,3,avenue,minecraft:gray_concrete
13,0,3,crossing,minecraft:white_concrete
14,0,3,crossing,minecraft:white_concrete
15,0,3,avenue,minecraft:gray_concrete
16,0,3,avenue,minecraft:gray_concrete
17,0,3,avenue,minecraft:gray_concrete
18,0,3,avenue,minecraft:gray_concrete
19,0,3,avenue,minecraft:gray_concrete
20,0,3,avenue,minecraft:gray_concrete
21,0,3,avenue,minecraft:gray_concrete
22,0,3,avenue,minecraft:gray_concrete
23,0,3,avenue,minecraft:gray_concrete
24,0,3,avenue,minecraft:gray_concrete
25,0,3,avenue,minecraft:gray_concrete
26,0,3,avenue,minecraft:gray_concrete
27,0,3,avenue,minecraft:gray_concrete
28,0,3,avenue,minecraft:gray_concrete
29,0,3,avenue,minecraft:gray_concrete
30,0,3,avenue,minecraft:gray_concrete
31,0,3,avenue,minecraft:gray_concrete
32,0,3,avenue,minecraft:gray_concrete
33,0,3,avenue,minecraft:gray_concrete
34,0,3,avenue,minecraft:gray_concrete
35,0,3,avenue,minecraft:gray_concrete
36,0,3,avenue,minecraft:gray_concrete
37,0,3,avenue,minecraft:gray_concrete
38,0,3,avenue,minecraft:gray_concrete
39,0,3,avenue,minecraft:gray_concrete
40,0,3,avenue,minecraft:gray_concrete
41,0,3,avenue,minecraft:gray_concrete
42,0,3,avenue,minecraft:gray_concrete
43,0,3,avenue,minecraft:gray_concrete
44,0,3,avenue,minecraft:gray_concrete
45,0,3,avenue,minecraft:gray_concrete
46,0,3,avenue,minecraft:gray_concrete
47,0,3,avenue,minecraft:gray_concrete
48,0,3,avenue,minecraft:gray_concrete
49,0,3,avenue,minecraft:gray_concrete
50,0,3,avenue,minecraft:gray_concrete
51,0,3,avenue,minecraft:gray_concrete
52,0,3,avenue,minecraft:gray_concrete
53,0,3,avenue,minecraft:gray_concrete
54,0,3,avenue,minecraft:gray_concrete
55,0,3,avenue,minecraft:gray_concrete
56,0,3,avenue,minecraft:gray_concrete
57,0,3,avenue,minecraft:gray_concrete
58,0,3,avenue,minecraft:gray_concrete
59,0,3,avenue,minecraft:gray_concrete
60,0,3,avenue,minecraft:gray_concrete
61,0,3,avenue,minecraft:gray_concrete
62,0,3,avenue,minecraft:gray_concrete
63,0,3,avenue,minecraft:gray_concrete
64,0,3,avenue,minecraft:gray_concrete
65,0,3,avenue,minecraft:gray_concrete
66,0,3,alley,minecraft:polished_andesite
67,0,3,alley,minecraft:polished_andesite
68,0,3,alley,minecraft:polished_andesite
69,0,3,alley,minecraft:polished_andesite
70,0,3,avenue,minecraft:gray_concrete
71,0,3,avenue,minecraft:gray_concrete
72,0,3,avenue,minecraft:gray_concrete
73,0,3,avenue,minecraft:gray_concrete
74,0,3,avenue,minecraft:gray_concrete
75,0,3,avenue,minecraft:gray_concrete
76,0,3,avenue,minecraft:gray_concrete
77,0,3,avenue,minecraft:gray_concrete
78,0,3,avenue,minecraft:gray_concrete
79,0,3,avenue,minecraft:gray_concrete
80,0,3,avenue,minecraft:gray_concrete
81,0,3,avenue,minecraft:gray_concrete
-81,0,4,avenue,minecraft:gray_concrete
-80,0,4,avenue,minecraft:gray_concrete
-79,0,4,avenue,minecraft:gray_concrete
-78,0,4,avenue,minecraft:gray_concrete
-77,0,4,avenue,minecraft:gray_concrete
-76,0,4,avenue,minecraft:gray_concrete
-75,0,4,avenue,minecraft:gray_concrete
-74,0,4,avenue,minecraft:gray_concrete
-73,0,4,avenue,minecraft:gray_concrete
-72,0,4,avenue,minecraft:gray_concrete
-71,0,4,alley,minecraft:polished_andesite
-70,0,4,alley,minecraft:polished_andesite
-69,0,4,alley,minecraft:polished_andesite
-68,0,4,alley,minecraft:polished_andesite
-67,0,4,avenue,minecraft:gray_concrete
-66,0,4,avenue,minecraft:gray_concrete
-65,0,4,avenue,minecraft:gray_concrete
-64,0,4,avenue,minecraft:gray_concrete
-63,0,4,avenue,minecraft:gray_concrete
-62,0,4,avenue,minecraft:gray_concrete
-61,0,4,avenue,minecraft:gray_concrete
-60,0,4,avenue,minecraft:gray_concrete
-59,0,4,avenue,minecraft:gray_concrete
-58,0,4,avenue,minecraft:gray_concrete
-57,0,4,avenue,minecraft:gray_concrete
-56,0,4,avenue,minecraft:gray_concrete
-55,0,4,avenue,minecraft:gray_concrete
-54,0,4,avenue,minecraft:gray_concrete
-53,0,4,avenue,minecraft:gray_concrete
-52,0,4,avenue,minecraft:gray_concrete
-51,0,4,avenue,minecraft:gray_concrete
-50,0,4,avenue,minecraft:gray_concrete
-49,0,4,avenue,minecraft:gray_concrete
-48,0,4,avenue,minecraft:gray_concrete
-47,0,4,avenue,minecraft:gray_concrete
-46,0,4,avenue,minecraft:gray_concrete
-45,0,4,avenue,minecraft:gray_concrete
-44,0,4,avenue,minecraft:gray_concrete
-43,0,4,avenue,minecraft:gray_concrete
-42,0,4,avenue,minecraft:gray_concrete
-41,0,4,avenue,minecraft:gray_concrete
-40,0,4,avenue,minecraft:gray_concrete
-39,0,4,avenue,minecraft:gray_concrete
-38,0,4,avenue,minecraft:gray_concrete
-37,0,4,avenue,minecraft:gray_concrete
-36,0,4,avenue,minecraft:gray_concrete
-35,0,4,avenue,minecraft:gray_concrete
-34,0,4,avenue,minecraft:gray_concrete
-33,0,4,avenue,minecraft:gray_concrete
-32,0,4,avenue,minecraft:gray_concrete
-31,0,4,avenue,minecraft:gray_concrete
-30,0,4,avenue,minecraft:gray_concrete
-29,0,4,avenue,minecraft:gray_concrete
-28,0,4,avenue,minecraft:gray_concrete
-27,0,4,avenue,minecraft:gray_concrete
-26,0,4,avenue,minecraft:gray_concrete
-25,0,4,avenue,minecraft:gray_concrete
-24,0,4,avenue,minecraft:gray_concrete
-23,0,4,avenue,minecraft:gray_concrete
-22,0,4,avenue,minecraft:gray_concrete
-21,0,4,avenue,minecraft:gray_concrete
-20,0,4,avenue,minecraft:gray_concrete
-19,0,4,avenue,minecraft:gray_concrete
-18,0,4,avenue,minecraft:gray_concrete
-17,0,4,avenue,minecraft:gray_concrete
-16,0,4,crossing,minecraft:white_concrete
-15,0,4,crossing,minecraft:white_concrete
-14,0,4,avenue,minecraft:gray_concrete
-13,0,4,avenue,minecraft:gray_concrete
-12,0,4,avenue,minecraft:gray_concrete
-11,0,4,avenue,minecraft:gray_concrete
-10,0,4,avenue,minecraft:gray_concrete
-9,0,4,avenue,minecraft:gray_concrete
-8,0,4,avenue,minecraft:gray_concrete
-7,0,4,avenue,minecraft:gray_concrete
-6,0,4,avenue,minecraft:gray_concrete
-5,0,4,avenue,minecraft:gray_concrete
-4,0,4,avenue,minecraft:gray_concrete
-3,0,4,avenue,minecraft:gray_concrete
-2,0,4,avenue,minecraft:gray_concrete
-1,0,4,avenue,minecraft:gray_concrete
0,0,4,avenue,minecraft:gray_concrete
1,0,4,avenue,minecraft:gray_concrete
2,0,4,avenue,minecraft:gray_concrete
3,0,4,avenue,minecraft:gray_concrete
4,0,4,avenue,minecraft:gray_concrete
5,0,4,avenue,minecraft:gray_concrete
6,0,4,avenue,minecraft:gray_concrete
7,0,4,avenue,minecraft:gray_concrete
8,0,4,avenue,minecraft:gray_concrete
9,0,4,avenue,minecraft:gray_concrete
10,0,4,avenue,minecraft:gray_concrete
11,0,4,avenue,minecraft:gray_concrete
12,0,4,avenue,minecraft:gray_concrete
13,0,4,crossing,minecraft:white_concrete
14,0,4,crossing,minecraft:white_concrete
15,0,4,avenue,minecraft:gray_concrete
16,0,4,avenue,minecraft:gray_concrete
17,0,4,avenue,minecraft:gray_concrete
18,0,4,avenue,minecraft:gray_concrete
19,0,4,avenue,minecraft:gray_concrete
20,0,4,avenue,minecraft:gray_concrete
21,0,4,avenue,minecraft:gray_concrete
22,0,4,avenue,minecraft:gray_concrete
23,0,4,avenue,minecraft:gray_concrete
24,0,4,avenue,minecraft:gray_concrete
25,0,4,avenue,minecraft:gray_concrete
26,0,4,avenue,minecraft:gray_concrete
27,0,4,avenue,minecraft:gray_concrete
28,0,4,avenue,minecraft:gray_concrete
29,0,4,avenue,minecraft:gray_concrete
30,0,4,avenue,minecraft:gray_concrete
31,0,4,avenue,minecraft:gray_concrete
32,0,4,avenue,minecraft:gray_concrete
33,0,4,avenue,minecraft:gray_concrete
34,0,4,avenue,minecraft:gray_concrete
35,0,4,avenue,minecraft:gray_concrete
36,0,4,avenue,minecraft:gray_concrete
37,0,4,avenue,minecraft:gray_concrete
38,0,4,avenue,minecraft:gray_concrete
39,0,4,avenue,minecraft:gray_concrete
40,0,4,avenue,minecraft:gray_concrete
41,0,4,avenue,minecraft:gray_concrete
42,0,4,avenue,minecraft:gray_concrete
43,0,4,avenue,minecraft:gray_concrete
44,0,4,avenue,minecraft:gray_concrete
45,0,4,avenue,minecraft:gray_concrete
46,0,4,avenue,minecraft:gray_concrete
47,0,4,avenue,minecraft:gray_concrete
48,0,4,avenue,minecraft:gray_concrete
49,0,4,avenue,minecraft:gray_concrete
50,0,4,avenue,minecraft:gray_concrete
51,0,4,avenue,minecraft:gray_concrete
52,0,4,avenue,minecraft:gray_concrete
53,0,4,avenue,minecraft:gray_concrete
54,0,4,avenue,minecraft:gray_concrete
55,0,4,avenue,minecraft:gray_concrete
56,0,4,avenue,minecraft:gray_concrete
57,0,4,avenue,minecraft:gray_concrete
58,0,4,avenue,minecraft:gray_concrete
59,0,4,avenue,minecraft:gray_concrete
60,0,4,avenue,minecraft:gray_concrete
61,0,4,avenue,minecraft:gray_concrete
62,0,4,avenue,minecraft:gray_concrete
63,0,4,avenue,minecraft:gray_concrete
64,0,4,avenue,minecraft:gray_concrete
65,0,4,avenue,minecraft:gray_concrete
66,0,4,alley,minecraft:polished_andesite
67,0,4,alley,minecraft:polished_andesite
68,0,4,alley,minecraft:polished_andesite
69,0,4,alley,minecraft:polished_andesite
70,0,4,avenue,minecraft:gray_concrete
71,0,4,avenue,minecraft:gray_concrete
72,0,4,avenue,minecraft:gray_concrete
73,0,4,avenue,minecraft:gray_concrete
74,0,4,avenue,minecraft:gray_concrete
75,0,4,avenue,minecraft:gray_concrete
76,0,4,avenue,minecraft:gray_concrete
77,0,4,avenue,minecraft:gray_concrete
78,0,4,avenue,minecraft:gray_concrete
79,0,4,avenue,minecraft:gray_concrete
80,0,4,avenue,minecraft:gray_concrete
81,0,4,avenue,minecraft:gray_concrete
-81,0,5,avenue,minecraft:gray_concrete
-80,0,5,avenue,minecraft:gray_concrete
-79,0,5,avenue,minecraft:gray_concrete
-78,0,5,avenue,minecraft:gray_concrete
-77,0,5,avenue,minecraft:gray_concrete
-76,0,5,avenue,minecraft:gray_concrete
-75,0,5,avenue,minecraft:gray_concrete
-74,0,5,avenue,minecraft:gray_concrete
-73,0,5,avenue,minecraft:gray_concrete
-72,0,5,avenue,minecraft:gray_concrete
-71,0,5,alley,minecraft:polished_andesite
-70,0,5,alley,minecraft:polished_andesite
-69,0,5,alley,minecraft:polished_andesite
-68,0,5,alley,minecraft:polished_andesite
-67,0,5,avenue,minecraft:gray_concrete
-66,0,5,avenue,minecraft:gray_concrete
-65,0,5,avenue,minecraft:gray_concrete
-64,0,5,avenue,minecraft:gray_concrete
-63,0,5,avenue,minecraft:gray_concrete
-62,0,5,avenue,minecraft:gray_concrete
-61,0,5,avenue,minecraft:gray_concrete
-60,0,5,avenue,minecraft:gray_concrete
-59,0,5,avenue,minecraft:gray_concrete
-58,0,5,avenue,minecraft:gray_concrete
-57,0,5,avenue,minecraft:gray_concrete
-56,0,5,avenue,minecraft:gray_concrete
-55,0,5,avenue,minecraft:gray_concrete
-54,0,5,avenue,minecraft:gray_concrete
-53,0,5,avenue,minecraft:gray_concrete
-52,0,5,avenue,minecraft:gray_concrete
-51,0,5,avenue,minecraft:gray_concrete
-50,0,5,avenue,minecraft:gray_concrete
-49,0,5,avenue,minecraft:gray_concrete
-48,0,5,avenue,minecraft:gray_concrete
-47,0,5,avenue,minecraft:gray_concrete
-46,0,5,avenue,minecraft:gray_concrete
-45,0,5,avenue,minecraft:gray_concrete
-44,0,5,avenue,minecraft:gray_concrete
-43,0,5,avenue,minecraft:gray_concrete
-42,0,5,avenue,minecraft:gray_concrete
-41,0,5,avenue,minecraft:gray_concrete
-40,0,5,avenue,minecraft:gray_concrete
-39,0,5,avenue,minecraft:gray_concrete
-38,0,5,avenue,minecraft:gray_concrete
-37,0,5,avenue,minecraft:gray_concrete
-36,0,5,avenue,minecraft:gray_concrete
-35,0,5,avenue,minecraft:gray_concrete
-34,0,5,avenue,minecraft:gray_concrete
-33,0,5,avenue,minecraft:gray_concrete
-32,0,5,avenue,minecraft:gray_concrete
-31,0,5,avenue,minecraft:gray_concrete
-30,0,5,avenue,minecraft:gray_concrete
-29,0,5,avenue,minecraft:gray_concrete
-28,0,5,avenue,minecraft:gray_concrete
-27,0,5,avenue,minecraft:gray_concrete
-26,0,5,avenue,minecraft:gray_concrete
-25,0,5,avenue,minecraft:gray_concrete
-24,0,5,avenue,minecraft:gray_concrete
-23,0,5,avenue,minecraft:gray_concrete
-22,0,5,avenue,minecraft:gray_concrete
-21,0,5,avenue,minecraft:gray_concrete
-20,0,5,avenue,minecraft:gray_concrete
-19,0,5,avenue,minecraft:gray_concrete
-18,0,5,avenue,minecraft:gray_concrete
-17,0,5,avenue,minecraft:gray_concrete
-16,0,5,crossing,minecraft:white_concrete
-15,0,5,crossing,minecraft:white_concrete
-14,0,5,avenue,minecraft:gray_concrete
-13,0,5,avenue,minecraft:gray_concrete
-12,0,5,avenue,minecraft:gray_concrete
-11,0,5,avenue,minecraft:gray_concrete
-10,0,5,avenue,minecraft:gray_concrete
-9,0,5,avenue,minecraft:gray_concrete
-8,0,5,avenue,minecraft:gray_concrete
-7,0,5,avenue,minecraft:gray_concrete
-6,0,5,avenue,minecraft:gray_concrete
-5,0,5,avenue,minecraft:gray_concrete
-4,0,5,avenue,minecraft:gray_concrete
-3,0,5,avenue,minecraft:gray_concrete
-2,0,5,avenue,minecraft:gray_concrete
-1,0,5,avenue,minecraft:gray_concrete
0,0,5,avenue,minecraft:gray_concrete
1,0,5,avenue,minecraft:gray_concrete
2,0,5,avenue,minecraft:gray_concrete
3,0,5,avenue,minecraft:gray_concrete
4,0,5,avenue,minecraft:gray_concrete
5,0,5,avenue,minecraft:gray_concrete
6,0,5,avenue,minecraft:gray_concrete
7,0,5,avenue,minecraft:gray_concrete
8,0,5,avenue,minecraft:gray_concrete
9,0,5,avenue,minecraft:gray_concrete
10,0,5,avenue,minecraft:gray_concrete
11,0,5,avenue,minecraft:gray_concrete
12,0,5,avenue,minecraft:gray_concrete
13,0,5,crossing,minecraft:white_concrete
14,0,5,crossing,minecraft:white_concrete
15,0,5,avenue,minecraft:gray_concrete
16,0,5,avenue,minecraft:gray_concrete
17,0,5,avenue,minecraft:gray_concrete
18,0,5,avenue,minecraft:gray_concrete
19,0,5,avenue,minecraft:gray_concrete
20,0,5,avenue,minecraft:gray_concrete
21,0,5,avenue,minecraft:gray_concrete
22,0,5,avenue,minecraft:gray_concrete
23,0,5,avenue,minecraft:gray_concrete
24,0,5,avenue,minecraft:gray_concrete
25,0,5,avenue,minecraft:gray_concrete
26,0,5,avenue,minecraft:gray_concrete
27,0,5,avenue,minecraft:gray_concrete
28,0,5,avenue,minecraft:gray_concrete
29,0,5,avenue,minecraft:gray_concrete
30,0,5,avenue,minecraft:gray_concrete
31,0,5,avenue,minecraft:gray_concrete
32,0,5,avenue,minecraft:gray_concrete
33,0,5,avenue,minecraft:gray_concrete
34,0,5,avenue,minecraft:gray_concrete
35,0,5,avenue,minecraft:gray_concrete
36,0,5,avenue,minecraft:gray_concrete
37,0,5,avenue,minecraft:gray_concrete
38,0,5,avenue,minecraft:gray_concrete
39,0,5,avenue,minecraft:gray_concrete
40,0,5,avenue,minecraft:gray_concrete
41,0,5,avenue,minecraft:gray_concrete
42,0,5,avenue,minecraft:gray_concrete
43,0,5,avenue,minecraft:gray_concrete
44,0,5,avenue,minecraft:gray_concrete
45,0,5,avenue,minecraft:gray_concrete
46,0,5,avenue,minecraft:gray_concrete
47,0,5,avenue,minecraft:gray_concrete
48,0,5,avenue,minecraft:gray_concrete
49,0,5,avenue,minecraft:gray_concrete
50,0,5,avenue,minecraft:gray_concrete
51,0,5,avenue,minecraft:gray_concrete
52,0,5,avenue,minecraft:gray_concrete
53,0,5,avenue,minecraft:gray_concrete
54,0,5,avenue,minecraft:gray_concrete
55,0,5,avenue,minecraft:gray_concrete
56,0,5,avenue,minecraft:gray_concrete
57,0,5,avenue,minecraft:gray_concrete
58,0,5,avenue,minecraft:gray_concrete
59,0,5,avenue,minecraft:gray_concrete
60,0,5,avenue,minecraft:gray_concrete
61,0,5,avenue,minecraft:gray_concrete
62,0,5,avenue,minecraft:gray_concrete
63,0,5,avenue,minecraft:gray_concrete
64,0,5,avenue,minecraft:gray_concrete
65,0,5,avenue,minecraft:gray_concrete
66,0,5,alley,minecraft:polished_andesite
67,0,5,alley,minecraft:polished_andesite
68,0,5,alley,minecraft:polished_andesite
69,0,5,alley,minecraft:polished_andesite
70,0,5,avenue,minecraft:gray_concrete
71,0,5,avenue,minecraft:gray_concrete
72,0,5,avenue,minecraft:gray_concrete
73,0,5,avenue,minecraft:gray_concrete
74,0,5,avenue,minecraft:gray_concrete
75,0,5,avenue,minecraft:gray_concrete
76,0,5,avenue,minecraft:gray_concrete
77,0,5,avenue,minecraft:gray_concrete
78,0,5,avenue,minecraft:gray_concrete
79,0,5,avenue,minecraft:gray_concrete
80,0,5,avenue,minecraft:gray_concrete
81,0,5,avenue,minecraft:gray_concrete
-81,0,6,avenue,minecraft:gray_concrete
-80,0,6,avenue,minecraft:gray_concrete
-79,0,6,avenue,minecraft:gray_concrete
-78,0,6,avenue,minecraft:gray_concrete
-77,0,6,avenue,minecraft:gray_concrete
-76,0,6,avenue,minecraft:gray_concrete
-75,0,6,avenue,minecraft:gray_concrete
-74,0,6,avenue,minecraft:gray_concrete
-73,0,6,avenue,minecraft:gray_concrete
-72,0,6,avenue,minecraft:gray_concrete
-71,0,6,alley,minecraft:polished_andesite
-70,0,6,alley,minecraft:polished_andesite
-69,0,6,alley,minecraft:polished_andesite
-68,0,6,alley,minecraft:polished_andesite
-67,0,6,avenue,minecraft:gray_concrete
-66,0,6,avenue,minecraft:gray_concrete
-65,0,6,avenue,minecraft:gray_concrete
-64,0,6,avenue,minecraft:gray_concrete
-63,0,6,avenue,minecraft:gray_concrete
-62,0,6,avenue,minecraft:gray_concrete
-61,0,6,avenue,minecraft:gray_concrete
-60,0,6,avenue,minecraft:gray_concrete
-59,0,6,avenue,minecraft:gray_concrete
-58,0,6,avenue,minecraft:gray_concrete
-57,0,6,avenue,minecraft:gray_concrete
-56,0,6,avenue,minecraft:gray_concrete
-55,0,6,avenue,minecraft:gray_concrete
-54,0,6,avenue,minecraft:gray_concrete
-53,0,6,avenue,minecraft:gray_concrete
-52,0,6,avenue,minecraft:gray_concrete
-51,0,6,avenue,minecraft:gray_concrete
-50,0,6,avenue,minecraft:gray_concrete
-49,0,6,avenue,minecraft:gray_concrete
-48,0,6,avenue,minecraft:gray_concrete
-47,0,6,avenue,minecraft:gray_concrete
-46,0,6,avenue,minecraft:gray_concrete
-45,0,6,avenue,minecraft:gray_concrete
-44,0,6,avenue,minecraft:gray_concrete
-43,0,6,avenue,minecraft:gray_concrete
-42,0,6,avenue,minecraft:gray_concrete
-41,0,6,avenue,minecraft:gray_concrete
-40,0,6,avenue,minecraft:gray_concrete
-39,0,6,avenue,minecraft:gray_concrete
-38,0,6,avenue,minecraft:gray_concrete
-37,0,6,avenue,minecraft:gray_concrete
-36,0,6,avenue,minecraft:gray_concrete
-35,0,6,avenue,minecraft:gray_concrete
-34,0,6,avenue,minecraft:gray_concrete
-33,0,6,avenue,minecraft:gray_concrete
-32,0,6,avenue,minecraft:gray_concrete
-31,0,6,avenue,minecraft:gray_concrete
-30,0,6,avenue,minecraft:gray_concrete
-29,0,6,avenue,minecraft:gray_concrete
-28,0,6,avenue,minecraft:gray_concrete
-27,0,6,avenue,minecraft:gray_concrete
-26,0,6,avenue,minecraft:gray_concrete
-25,0,6,avenue,minecraft:gray_concrete
-24,0,6,avenue,minecraft:gray_concrete
-23,0,6,avenue,minecraft:gray_concrete
-22,0,6,avenue,minecraft:gray_concrete
-21,0,6,avenue,minecraft:gray_concrete
-20,0,6,avenue,minecraft:gray_concrete
-19,0,6,avenue,minecraft:gray_concrete
-18,0,6,avenue,minecraft:gray_concrete
-17,0,6,avenue,minecraft:gray_concrete
-16,0,6,crossing,minecraft:white_concrete
-15,0,6,crossing,minecraft:white_concrete
-14,0,6,avenue,minecraft:gray_concrete
-13,0,6,avenue,minecraft:gray_concrete
-12,0,6,avenue,minecraft:gray_concrete
-11,0,6,avenue,minecraft:gray_concrete
-10,0,6,avenue,minecraft:gray_concrete
-9,0,6,avenue,minecraft:gray_concrete
-8,0,6,avenue,minecraft:gray_concrete
-7,0,6,avenue,minecraft:gray_concrete
-6,0,6,avenue,minecraft:gray_concrete
-5,0,6,avenue,minecraft:gray_concrete
-4,0,6,avenue,minecraft:gray_concrete
-3,0,6,avenue,minecraft:gray_concrete
-2,0,6,avenue,minecraft:gray_concrete
-1,0,6,avenue,minecraft:gray_concrete
0,0,6,avenue,minecraft:gray_concrete
1,0,6,avenue,minecraft:gray_concrete
2,0,6,avenue,minecraft:gray_concrete
3,0,6,avenue,minecraft:gray_concrete
4,0,6,avenue,minecraft:gray_concrete
5,0,6,avenue,minecraft:gray_concrete
6,0,6,avenue,minecraft:gray_concrete
7,0,6,avenue,minecraft:gray_concrete
8,0,6,avenue,minecraft:gray_concrete
9,0,6,avenue,minecraft:gray_concrete
10,0,6,avenue,minecraft:gray_concrete
11,0,6,avenue,minecraft:gray_concrete
12,0,6,avenue,minecraft:gray_concrete
13,0,6,crossing,minecraft:white_concrete
14,0,6,crossing,minecraft:white_concrete
15,0,6,avenue,minecraft:gray_concrete
16,0,6,avenue,minecraft:gray_concrete
17,0,6,avenue,minecraft:gray_concrete
18,0,6,avenue,minecraft:gray_concrete
19,0,6,avenue,minecraft:gray_concrete
20,0,6,avenue,minecraft:gray_concrete
21,0,6,avenue,minecraft:gray_concrete
22,0,6,avenue,minecraft:gray_concrete
23,0,6,avenue,minecraft:gray_concrete
24,0,6,avenue,minecraft:gray_concrete
25,0,6,avenue,minecraft:gray_concrete
26,0,6,avenue,minecraft:gray_concrete
27,0,6,avenue,minecraft:gray_concrete
28,0,6,avenue,minecraft:gray_concrete
29,0,6,avenue,minecraft:gray_concrete
30,0,6,avenue,minecraft:gray_concrete
31,0,6,avenue,minecraft:gray_concrete
32,0,6,avenue,minecraft:gray_concrete
33,0,6,avenue,minecraft:gray_concrete
34,0,6,avenue,minecraft:gray_concrete
35,0,6,avenue,minecraft:gray_concrete
36,0,6,avenue,minecraft:gray_concrete
37,0,6,avenue,minecraft:gray_concrete
38,0,6,avenue,minecraft:gray_concrete
39,0,6,avenue,minecraft:gray_concrete
40,0,6,avenue,minecraft:gray_concrete
41,0,6,avenue,minecraft:gray_concrete
42,0,6,avenue,minecraft:gray_concrete
43,0,6,avenue,minecraft:gray_concrete
44,0,6,avenue,minecraft:gray_concrete
45,0,6,avenue,minecraft:gray_concrete
46,0,6,avenue,minecraft:gray_concrete
47,0,6,avenue,minecraft:gray_concrete
48,0,6,avenue,minecraft:gray_concrete
49,0,6,avenue,minecraft:gray_concrete
50,0,6,avenue,minecraft:gray_concrete
51,0,6,avenue,minecraft:gray_concrete
52,0,6,avenue,minecraft:gray_concrete
53,0,6,avenue,minecraft:gray_concrete
54,0,6,avenue,minecraft:gray_concrete
55,0,6,avenue,minecraft:gray_concrete
56,0,6,avenue,minecraft:gray_concrete
57,0,6,avenue,minecraft:gray_concrete
58,0,6,avenue,minecraft:gray_concrete
59,0,6,avenue,minecraft:gray_concrete
60,0,6,avenue,minecraft:gray_concrete
61,0,6,avenue,minecraft:gray_concrete
62,0,6,avenue,minecraft:gray_concrete
63,0,6,avenue,minecraft:gray_concrete
64,0,6,avenue,minecraft:gray_concrete
65,0,6,avenue,minecraft:gray_concrete
66,0,6,alley,minecraft:polished_andesite
67,0,6,alley,minecraft:polished_andesite
68,0,6,alley,minecraft:polished_andesite
69,0,6,alley,minecraft:polished_andesite
70,0,6,avenue,minecraft:gray_concrete
71,0,6,avenue,minecraft:gray_concrete
72,0,6,avenue,minecraft:gray_concrete
73,0,6,avenue,minecraft:gray_concrete
74,0,6,avenue,minecraft:gray_concrete
75,0,6,avenue,minecraft:gray_concrete
76,0,6,avenue,minecraft:gray_concrete
77,0,6,avenue,minecraft:gray_concrete
78,0,6,avenue,minecraft:gray_concrete
79,0,6,avenue,minecraft:gray_concrete
80,0,6,avenue,minecraft:gray_concrete
81,0,6,avenue,minecraft:gray_concrete
-81,0,7,avenue,minecraft:gray_concrete
-80,0,7,avenue,minecraft:gray_concrete
-79,0,7,avenue,minecraft:gray_concrete
-78,0,7,avenue,minecraft:gray_concrete
-77,0,7,avenue,minecraft:gray_concrete
-76,0,7,avenue,minecraft:gray_concrete
-75,0,7,avenue,minecraft:gray_concrete
-74,0,7,avenue,minecraft:gray_concrete
-73,0,7,avenue,minecraft:gray_concrete
-72,0,7,avenue,minecraft:gray_concrete
-71,0,7,alley,minecraft:polished_andesite
-70,0,7,alley,minecraft:polished_andesite
-69,0,7,alley,minecraft:polished_andesite
-68,0,7,alley,minecraft:polished_andesite
-67,0,7,avenue,minecraft:gray_concrete
-66,0,7,avenue,minecraft:gray_concrete
-65,0,7,avenue,minecraft:gray_concrete
-64,0,7,avenue,minecraft:gray_concrete
-63,0,7,avenue,minecraft:gray_concrete
-62,0,7,avenue,minecraft:gray_concrete
-61,0,7,avenue,minecraft:gray_concrete
-60,0,7,avenue,minecraft:gray_concrete
-59,0,7,avenue,minecraft:gray_concrete
-58,0,7,avenue,minecraft:gray_concrete
-57,0,7,avenue,minecraft:gray_concrete
-56,0,7,avenue,minecraft:gray_concrete
-55,0,7,avenue,minecraft:gray_concrete
-54,0,7,avenue,minecraft:gray_concrete
-53,0,7,avenue,minecraft:gray_concrete
-52,0,7,avenue,minecraft:gray_concrete
-51,0,7,avenue,minecraft:gray_concrete
-50,0,7,avenue,minecraft:gray_concrete
-49,0,7,avenue,minecraft:gray_concrete
-48,0,7,avenue,minecraft:gray_concrete
-47,0,7,avenue,minecraft:gray_concrete
-46,0,7,avenue,minecraft:gray_concrete
-45,0,7,avenue,minecraft:gray_concrete
-44,0,7,avenue,minecraft:gray_concrete
-43,0,7,avenue,minecraft:gray_concrete
-42,0,7,avenue,minecraft:gray_concrete
-41,0,7,avenue,minecraft:gray_concrete
-40,0,7,avenue,minecraft:gray_concrete
-39,0,7,avenue,minecraft:gray_concrete
-38,0,7,avenue,minecraft:gray_concrete
-37,0,7,avenue,minecraft:gray_concrete
-36,0,7,avenue,minecraft:gray_concrete
-35,0,7,avenue,minecraft:gray_concrete
-34,0,7,avenue,minecraft:gray_concrete
-33,0,7,avenue,minecraft:gray_concrete
-32,0,7,avenue,minecraft:gray_concrete
-31,0,7,avenue,minecraft:gray_concrete
-30,0,7,avenue,minecraft:gray_concrete
-29,0,7,avenue,minecraft:gray_concrete
-28,0,7,avenue,minecraft:gray_concrete
-27,0,7,avenue,minecraft:gray_concrete
-26,0,7,avenue,minecraft:gray_concrete
-25,0,7,avenue,minecraft:gray_concrete
-24,0,7,avenue,minecraft:gray_concrete
-23,0,7,avenue,minecraft:gray_concrete
-22,0,7,avenue,minecraft:gray_concrete
-21,0,7,avenue,minecraft:gray_concrete
-20,0,7,avenue,minecraft:gray_concrete
-19,0,7,avenue,minecraft:gray_concrete
-18,0,7,avenue,minecraft:gray_concrete
-17,0,7,avenue,minecraft:gray_concrete
-16,0,7,crossing,minecraft:white_concrete
-15,0,7,crossing,minecraft:white_concrete
-14,0,7,avenue,minecraft:gray_concrete
-13,0,7,avenue,minecraft:gray_concrete
-12,0,7,avenue,minecraft:gray_concrete
-11,0,7,avenue,minecraft:gray_concrete
-10,0,7,avenue,minecraft:gray_concrete
-9,0,7,avenue,minecraft:gray_concrete
-8,0,7,avenue,minecraft:gray_concrete
-7,0,7,avenue,minecraft:gray_concrete
-6,0,7,avenue,minecraft:gray_concrete
-5,0,7,avenue,minecraft:gray_concrete
-4,0,7,avenue,minecraft:gray_concrete
-3,0,7,avenue,minecraft:gray_concrete
-2,0,7,avenue,minecraft:gray_concrete
-1,0,7,avenue,minecraft:gray_concrete
0,0,7,avenue,minecraft:gray_concrete
1,0,7,avenue,minecraft:gray_concrete
2,0,7,avenue,minecraft:gray_concrete
3,0,7,avenue,minecraft:gray_concrete
4,0,7,avenue,minecraft:gray_concrete
5,0,7,avenue,minecraft:gray_concrete
6,0,7,avenue,minecraft:gray_concrete
7,0,7,avenue,minecraft:gray_concrete
8,0,7,avenue,minecraft:gray_concrete
9,0,7,avenue,minecraft:gray_concrete
10,0,7,avenue,minecraft:gray_concrete
11,0,7,avenue,minecraft:gray_concrete
12,0,7,avenue,minecraft:gray_concrete
13,0,7,crossing,minecraft:white_concrete
14,0,7,crossing,minecraft:white_concrete
15,0,7,avenue,minecraft:gray_concrete
16,0,7,avenue,minecraft:gray_concrete
17,0,7,avenue,minecraft:gray_concrete
18,0,7,avenue,minecraft:gray_concrete
19,0,7,avenue,minecraft:gray_concrete
20,0,7,avenue,minecraft:gray_concrete
21,0,7,avenue,minecraft:gray_concrete
22,0,7,avenue,minecraft:gray_concrete
23,0,7,avenue,minecraft:gray_concrete
24,0,7,avenue,minecraft:gray_concrete
25,0,7,avenue,minecraft:gray_concrete
26,0,7,avenue,minecraft:gray_concrete
27,0,7,avenue,minecraft:gray_concrete
28,0,7,avenue,minecraft:gray_concrete
29,0,7,avenue,minecraft:gray_concrete
30,0,7,avenue,minecraft:gray_concrete
31,0,7,avenue,minecraft:gray_concrete
32,0,7,avenue,minecraft:gray_concrete
33,0,7,avenue,minecraft:gray_concrete
34,0,7,avenue,minecraft:gray_concrete
35,0,7,avenue,minecraft:gray_concrete
36,0,7,avenue,minecraft:gray_concrete
37,0,7,avenue,minecraft:gray_concrete
38,0,7,avenue,minecraft:gray_concrete
39,0,7,avenue,minecraft:gray_concrete
40,0,7,avenue,minecraft:gray_concrete
41,0,7,avenue,minecraft:gray_concrete
42,0,7,avenue,minecraft:gray_concrete
43,0,7,avenue,minecraft:gray_concrete
44,0,7,avenue,minecraft:gray_concrete
45,0,7,avenue,minecraft:gray_concrete
46,0,7,avenue,minecraft:gray_concrete
47,0,7,avenue,minecraft:gray_concrete
48,0,7,avenue,minecraft:gray_concrete
49,0,7,avenue,minecraft:gray_concrete
50,0,7,avenue,minecraft:gray_concrete
51,0,7,avenue,minecraft:gray_concrete
52,0,7,avenue,minecraft:gray_concrete
53,0,7,avenue,minecraft:gray_concrete
54,0,7,avenue,minecraft:gray_concrete
55,0,7,avenue,minecraft:gray_concrete
56,0,7,avenue,minecraft:gray_concrete
57,0,7,avenue,minecraft:gray_concrete
58,0,7,avenue,minecraft:gray_concrete
59,0,7,avenue,minecraft:gray_concrete
60,0,7,avenue,minecraft:gray_concrete
61,0,7,avenue,minecraft:gray_concrete
62,0,7,avenue,minecraft:gray_concrete
63,0,7,avenue,minecraft:gray_concrete
64,0,7,avenue,minecraft:gray_concrete
65,0,7,avenue,minecraft:gray_concrete
66,0,7,alley,minecraft:polished_andesite
67,0,7,alley,minecraft:polished_andesite
68,0,7,alley,minecraft:polished_andesite
69,0,7,alley,minecraft:polished_andesite
70,0,7,avenue,minecraft:gray_concrete
71,0,7,avenue,minecraft:gray_concrete
72,0,7,avenue,minecraft:gray_concrete
73,0,7,avenue,minecraft:gray_concrete
74,0,7,avenue,minecraft:gray_concrete
75,0,7,avenue,minecraft:gray_concrete
76,0,7,avenue,minecraft:gray_concrete
77,0,7,avenue,minecraft:gray_concrete
78,0,7,avenue,minecraft:gray_concrete
79,0,7,avenue,minecraft:gray_concrete
80,0,7,avenue,minecraft:gray_concrete
81,0,7,avenue,minecraft:gray_concrete
-81,0,8,avenue,minecraft:gray_concrete
-80,0,8,avenue,minecraft:gray_concrete
-79,0,8,avenue,minecraft:gray_concrete
-78,0,8,avenue,minecraft:gray_concrete
-77,0,8,avenue,minecraft:gray_concrete
-76,0,8,avenue,minecraft:gray_concrete
-75,0,8,avenue,minecraft:gray_concrete
-74,0,8,avenue,minecraft:gray_concrete
-73,0,8,avenue,minecraft:gray_concrete
-72,0,8,avenue,minecraft:gray_concrete
-71,0,8,alley,minecraft:polished_andesite
-70,0,8,alley,minecraft:polished_andesite
-69,0,8,alley,minecraft:polished_andesite
-68,0,8,alley,minecraft:polished_andesite
-67,0,8,avenue,minecraft:gray_concrete
-66,0,8,avenue,minecraft:gray_concrete
-65,0,8,avenue,minecraft:gray_concrete
-64,0,8,avenue,minecraft:gray_concrete
-63,0,8,avenue,minecraft:gray_concrete
-62,0,8,avenue,minecraft:gray_concrete
-61,0,8,avenue,minecraft:gray_concrete
-60,0,8,avenue,minecraft:gray_concrete
-59,0,8,avenue,minecraft:gray_concrete
-58,0,8,avenue,minecraft:gray_concrete
-57,0,8,avenue,minecraft:gray_concrete
-56,0,8,avenue,minecraft:gray_concrete
-55,0,8,avenue,minecraft:gray_concrete
-54,0,8,avenue,minecraft:gray_concrete
-53,0,8,avenue,minecraft:gray_concrete
-52,0,8,avenue,minecraft:gray_concrete
-51,0,8,avenue,minecraft:gray_concrete
-50,0,8,avenue,minecraft:gray_concrete
-49,0,8,avenue,minecraft:gray_concrete
-48,0,8,avenue,minecraft:gray_concrete
-47,0,8,avenue,minecraft:gray_concrete
-46,0,8,avenue,minecraft:gray_concrete
-45,0,8,avenue,minecraft:gray_concrete
-44,0,8,avenue,minecraft:gray_concrete
-43,0,8,avenue,minecraft:gray_concrete
-42,0,8,avenue,minecraft:gray_concrete
-41,0,8,avenue,minecraft:gray_concrete
-40,0,8,avenue,minecraft:gray_concrete
-39,0,8,avenue,minecraft:gray_concrete
-38,0,8,avenue,minecraft:gray_concrete
-37,0,8,avenue,minecraft:gray_concrete
-36,0,8,avenue,minecraft:gray_concrete
-35,0,8,avenue,minecraft:gray_concrete
-34,0,8,avenue,minecraft:gray_concrete
-33,0,8,avenue,minecraft:gray_concrete
-32,0,8,avenue,minecraft:gray_concrete
-31,0,8,avenue,minecraft:gray_concrete
-30,0,8,avenue,minecraft:gray_concrete
-29,0,8,avenue,minecraft:gray_concrete
-28,0,8,avenue,minecraft:gray_concrete
-27,0,8,avenue,minecraft:gray_concrete
-26,0,8,avenue,minecraft:gray_concrete
-25,0,8,avenue,minecraft:gray_concrete
-24,0,8,avenue,minecraft:gray_concrete
-23,0,8,avenue,minecraft:gray_concrete
-22,0,8,avenue,minecraft:gray_concrete
-21,0,8,avenue,minecraft:gray_concrete
-20,0,8,avenue,minecraft:gray_concrete
-19,0,8,avenue,minecraft:gray_concrete
-18,0,8,avenue,minecraft:gray_concrete
-17,0,8,avenue,minecraft:gray_concrete
-16,0,8,crossing,minecraft:white_concrete
-15,0,8,crossing,minecraft:white_concrete
-14,0,8,avenue,minecraft:gray_concrete
-13,0,8,avenue,minecraft:gray_concrete
-12,0,8,avenue,minecraft:gray_concrete
-11,0,8,avenue,minecraft:gray_concrete
-10,0,8,avenue,minecraft:gray_concrete
-9,0,8,avenue,minecraft:gray_concrete
-8,0,8,avenue,minecraft:gray_concrete
-7,0,8,avenue,minecraft:gray_concrete
-6,0,8,avenue,minecraft:gray_concrete
-5,0,8,avenue,minecraft:gray_concrete
-4,0,8,avenue,minecraft:gray_concrete
-3,0,8,avenue,minecraft:gray_concrete
-2,0,8,avenue,minecraft:gray_concrete
-1,0,8,avenue,minecraft:gray_concrete
0,0,8,avenue,minecraft:gray_concrete
1,0,8,avenue,minecraft:gray_concrete
2,0,8,avenue,minecraft:gray_concrete
3,0,8,avenue,minecraft:gray_concrete
4,0,8,avenue,minecraft:gray_concrete
5,0,8,avenue,minecraft:gray_concrete
6,0,8,avenue,minecraft:gray_concrete
7,0,8,avenue,minecraft:gray_concrete
8,0,8,avenue,minecraft:gray_concrete
9,0,8,avenue,minecraft:gray_concrete
10,0,8,avenue,minecraft:gray_concrete
11,0,8,avenue,minecraft:gray_concrete
12,0,8,avenue,minecraft:gray_concrete
13,0,8,crossing,minecraft:white_concrete
14,0,8,crossing,minecraft:white_concrete
15,0,8,avenue,minecraft:gray_concrete
16,0,8,avenue,minecraft:gray_concrete
17,0,8,avenue,minecraft:gray_concrete
18,0,8,avenue,minecraft:gray_concrete
19,0,8,avenue,minecraft:gray_concrete
20,0,8,avenue,minecraft:gray_concrete
21,0,8,avenue,minecraft:gray_concrete
22,0,8,avenue,minecraft:gray_concrete
23,0,8,avenue,minecraft:gray_concrete
24,0,8,avenue,minecraft:gray_concrete
25,0,8,avenue,minecraft:gray_concrete
26,0,8,avenue,minecraft:gray_concrete
27,0,8,avenue,minecraft:gray_concrete
28,0,8,avenue,minecraft:gray_concrete
29,0,8,avenue,minecraft:gray_concrete
30,0,8,avenue,minecraft:gray_concrete
31,0,8,avenue,minecraft:gray_concrete
32,0,8,avenue,minecraft:gray_concrete
33,0,8,avenue,minecraft:gray_concrete
34,0,8,avenue,minecraft:gray_concrete
35,0,8,avenue,minecraft:gray_concrete
36,0,8,avenue,minecraft:gray_concrete
37,0,8,avenue,minecraft:gray_concrete
38,0,8,avenue,minecraft:gray_concrete
39,0,8,avenue,minecraft:gray_concrete
40,0,8,avenue,minecraft:gray_concrete
41,0,8,avenue,minecraft:gray_concrete
42,0,8,avenue,minecraft:gray_concrete
43,0,8,avenue,minecraft:gray_concrete
44,0,8,avenue,minecraft:gray_concrete
45,0,8,avenue,minecraft:gray_concrete
46,0,8,avenue,minecraft:gray_concrete
47,0,8,avenue,minecraft:gray_concrete
48,0,8,avenue,minecraft:gray_concrete
49,0,8,avenue,minecraft:gray_concrete
50,0,8,avenue,minecraft:gray_concrete
51,0,8,avenue,minecraft:gray_concrete
52,0,8,avenue,minecraft:gray_concrete
53,0,8,avenue,minecraft:gray_concrete
54,0,8,avenue,minecraft:gray_concrete
55,0,8,avenue,minecraft:gray_concrete
56,0,8,avenue,minecraft:gray_concrete
57,0,8,avenue,minecraft:gray_concrete
58,0,8,avenue,minecraft:gray_concrete
59,0,8,avenue,minecraft:gray_concrete
60,0,8,avenue,minecraft:gray_concrete
61,0,8,avenue,minecraft:gray_concrete
62,0,8,avenue,minecraft:gray_concrete
63,0,8,avenue,minecraft:gray_concrete
64,0,8,avenue,minecraft:gray_concrete
65,0,8,avenue,minecraft:gray_concrete
66,0,8,alley,minecraft:polished_andesite
67,0,8,alley,minecraft:polished_andesite
68,0,8,alley,minecraft:polished_andesite
69,0,8,alley,minecraft:polished_andesite
70,0,8,avenue,minecraft:gray_concrete
71,0,8,avenue,minecraft:gray_concrete
72,0,8,avenue,minecraft:gray_concrete
73,0,8,avenue,minecraft:gray_concrete
74,0,8,avenue,minecraft:gray_concrete
75,0,8,avenue,minecraft:gray_concrete
76,0,8,avenue,minecraft:gray_concrete
77,0,8,avenue,minecraft:gray_concrete
78,0,8,avenue,minecraft:gray_concrete
79,0,8,avenue,minecraft:gray_concrete
80,0,8,avenue,minecraft:gray_concrete
81,0,8,avenue,minecraft:gray_concrete
-71,0,9,alley,minecraft:polished_andesite
-70,0,9,alley,minecraft:polished_andesite
-69,0,9,alley,minecraft:polished_andesite
-68,0,9,alley,minecraft:polished_andesite
-16,0,9,crossing,minecraft:white_concrete
-15,0,9,crossing,minecraft:white_concrete
-14,0,9,main_street,minecraft:black_concrete
-13,0,9,main_street,minecraft:black_concrete
-12,0,9,main_street,minecraft:black_concrete
-11,0,9,main_street,minecraft:black_concrete
-10,0,9,main_street,minecraft:black_concrete
-9,0,9,main_street,minecraft:black_concrete
-8,0,9,main_street,minecraft:black_concrete
-7,0,9,main_street,minecraft:black_concrete
-6,0,9,main_street,minecraft:black_concrete
-5,0,9,main_street,minecraft:black_concrete
-4,0,9,main_street,minecraft:black_concrete
-3,0,9,main_street,minecraft:black_concrete
-2,0,9,main_street,minecraft:black_concrete
-1,0,9,main_street,minecraft:black_concrete
0,0,9,main_street,minecraft:black_concrete
1,0,9,main_street,minecraft:black_concrete
2,0,9,main_street,minecraft:black_concrete
3,0,9,main_street,minecraft:black_concrete
4,0,9,main_street,minecraft:black_concrete
5,0,9,main_street,minecraft:black_concrete
6,0,9,main_street,minecraft:black_concrete
7,0,9,main_street,minecraft:black_concrete
8,0,9,main_street,minecraft:black_concrete
9,0,9,main_street,minecraft:black_concrete
10,0,9,main_street,minecraft:black_concrete
11,0,9,main_street,minecraft:black_concrete
12,0,9,main_street,minecraft:black_concrete
13,0,9,crossing,minecraft:white_concrete
14,0,9,crossing,minecraft:white_concrete
66,0,9,alley,minecraft:polished_andesite
67,0,9,alley,minecraft:polished_andesite
68,0,9,alley,minecraft:polished_andesite
69,0,9,alley,minecraft:polished_andesite
-71,0,10,alley,minecraft:polished_andesite
-70,0,10,alley,minecraft:polished_andesite
-69,0,10,alley,minecraft:polished_andesite
-68,0,10,alley,minecraft:polished_andesite
-16,0,10,crossing,minecraft:white_concrete
-15,0,10,crossing,minecraft:white_concrete
-14,0,10,main_street,minecraft:black_concrete
-13,0,10,main_street,minecraft:black_concrete
-12,0,10,main_street,minecraft:black_concrete
-11,0,10,main_street,minecraft:black_concrete
-10,0,10,main_street,minecraft:black_concrete
-9,0,10,main_street,minecraft:black_concrete
-8,0,10,main_street,minecraft:black_concrete
-7,0,10,main_street,minecraft:black_concrete
-6,0,10,main_street,minecraft:black_concrete
-5,0,10,main_street,minecraft:black_concrete
-4,0,10,main_street,minecraft:black_concrete
-3,0,10,main_street,minecraft:black_concrete
-2,0,10,main_street,minecraft:black_concrete
-1,0,10,main_street,minecraft:black_concrete
0,0,10,main_street,minecraft:black_concrete
1,0,10,main_street,minecraft:black_concrete
2,0,10,main_street,minecraft:black_concrete
3,0,10,main_street,minecraft:black_concrete
4,0,10,main_street,minecraft:black_concrete
5,0,10,main_street,minecraft:black_concrete
6,0,10,main_street,minecraft:black_concrete
7,0,10,main_street,minecraft:black_concrete
8,0,10,main_street,minecraft:black_concrete
9,0,10,main_street,minecraft:black_concrete
10,0,10,main_street,minecraft:black_concrete
11,0,10,main_street,minecraft:black_concrete
12,0,10,main_street,minecraft:black_concrete
13,0,10,crossing,minecraft:white_concrete
14,0,10,crossing,minecraft:white_concrete
66,0,10,alley,minecraft:polished_andesite
67,0,10,alley,minecraft:polished_andesite
68,0,10,alley,minecraft:polished_andesite
69,0,10,alley,minecraft:polished_andesite
-71,0,11,alley,minecraft:polished_andesite
-70,0,11,alley,minecraft:polished_andesite
-69,0,11,alley,minecraft:polished_andesite
-68,0,11,alley,minecraft:polished_andesite
-16,0,11,crossing,minecraft:white_concrete
-15,0,11,crossing,minecraft:white_concrete
-14,0,11,main_street,minecraft:black_concrete
-13,0,11,main_street,minecraft:black_concrete
-12,0,11,main_street,minecraft:black_concrete
-11,0,11,main_street,minecraft:black_concrete
-10,0,11,main_street,minecraft:black_concrete
-9,0,11,main_street,minecraft:black_concrete
-8,0,11,main_street,minecraft:black_concrete
-7,0,11,main_street,minecraft:black_concrete
-6,0,11,main_street,minecraft:black_concrete
-5,0,11,main_street,minecraft:black_concrete
-4,0,11,main_street,minecraft:black_concrete
-3,0,11,main_street,minecraft:black_concrete
-2,0,11,main_street,minecraft:black_concrete
-1,0,11,main_street,minecraft:black_concrete
0,0,11,main_street,minecraft:black_concrete
1,0,11,main_street,minecraft:black_concrete
2,0,11,main_street,minecraft:black_concrete
3,0,11,main_street,minecraft:black_concrete
4,0,11,main_street,minecraft:black_concrete
5,0,11,main_street,minecraft:black_concrete
6,0,11,main_street,minecraft:black_concrete
7,0,11,main_street,minecraft:black_concrete
8,0,11,main_street,minecraft:black_concrete
9,0,11,main_street,minecraft:black_concrete
10,0,11,main_street,minecraft:black_concrete
11,0,11,main_street,minecraft:black_concrete
12,0,11,main_street,minecraft:black_concrete
13,0,11,crossing,minecraft:white_concrete
14,0,11,crossing,minecraft:white_concrete
66,0,11,alley,minecraft:polished_andesite
67,0,11,alley,minecraft:polished_andesite
68,0,11,alley,minecraft:polished_andesite
69,0,11,alley,minecraft:polished_andesite
-71,0,12,alley,minecraft:polished_andesite
-70,0,12,alley,minecraft:polished_andesite
-69,0,12,alley,minecraft:polished_andesite
-68,0,12,alley,minecraft:polished_andesite
-16,0,12,crossing,minecraft:white_concrete
-15,0,12,crossing,minecraft:white_concrete
-14,0,12,main_street,minecraft:black_concrete
-13,0,12,main_street,minecraft:black_concrete
-12,0,12,main_street,minecraft:black_concrete
-11,0,12,main_street,minecraft:black_concrete
-10,0,12,main_street,minecraft:black_concrete
-9,0,12,main_street,minecraft:black_concrete
-8,0,12,main_street,minecraft:black_concrete
-7,0,12,main_street,minecraft:black_concrete
-6,0,12,main_street,minecraft:black_concrete
-5,0,12,main_street,minecraft:black_concrete
-4,0,12,main_street,minecraft:black_concrete
-3,0,12,main_street,minecraft:black_concrete
-2,0,12,main_street,minecraft:black_concrete
-1,0,12,main_street,minecraft:black_concrete
0,0,12,main_street,minecraft:black_concrete
1,0,12,main_street,minecraft:black_concrete
2,0,12,main_street,minecraft:black_concrete
3,0,12,main_street,minecraft:black_concrete
4,0,12,main_street,minecraft:black_concrete
5,0,12,main_street,minecraft:black_concrete
6,0,12,main_street,minecraft:black_concrete
7,0,12,main_street,minecraft:black_concrete
8,0,12,main_street,minecraft:black_concrete
9,0,12,main_street,minecraft:black_concrete
10,0,12,main_street,minecraft:black_concrete
11,0,12,main_street,minecraft:black_concrete
12,0,12,main_street,minecraft:black_concrete
13,0,12,crossing,minecraft:white_concrete
14,0,12,crossing,minecraft:white_concrete
66,0,12,alley,minecraft:polished_andesite
67,0,12,alley,minecraft:polished_andesite
68,0,12,alley,minecraft:polished_andesite
69,0,12,alley,minecraft:polished_andesite
